deck_id,deck_url,card_name,quantity,type_line,scryfall_id,image_url
29OfAY0ZMn6tHZHYNrxOXQ,https://moxfield.com/decks/29OfAY0ZMn6tHZHYNrxOXQ,Bontu's Last Reckoning,2,Sorcery,1b4d0102-c0d6-4d50-941a-dd1c3575a3a8,https://api.scryfall.com/cards/1b4d0102-c0d6-4d50-941a-dd1c3575a3a8?format=image&version=normal
29OfAY0ZMn6tHZHYNrxOXQ,https://moxfield.com/decks/29OfAY0ZMn6tHZHYNrxOXQ,Codex Shredder,4,Artifact,4f5a3293-f3e7-4f68-af6a-b478959226c1,https://api.scryfall.com/cards/4f5a3293-f3e7-4f68-af6a-b478959226c1?format=image&version=normal
29OfAY0ZMn6tHZHYNrxOXQ,https://moxfield.com/decks/29OfAY0ZMn6tHZHYNrxOXQ,Divest,4,Sorcery,c6619810-7933-4844-8556-2a575ed7f18a,https://api.scryfall.com/cards/c6619810-7933-4844-8556-2a575ed7f18a?format=image&version=normal
29OfAY0ZMn6tHZHYNrxOXQ,https://moxfield.com/decks/29OfAY0ZMn6tHZHYNrxOXQ,Duress,4,Sorcery,e9e79c2c-1b4d-4f20-a769-94890c91b539,https://api.scryfall.com/cards/e9e79c2c-1b4d-4f20-a769-94890c91b539?format=image&version=normal
29OfAY0ZMn6tHZHYNrxOXQ,https://moxfield.com/decks/29OfAY0ZMn6tHZHYNrxOXQ,Ghoulcaller's Bell,2,Artifact,863e7c2a-698c-4dce-a10b-ca58e4affa57,https://api.scryfall.com/cards/863e7c2a-698c-4dce-a10b-ca58e4affa57?format=image&version=normal
29OfAY0ZMn6tHZHYNrxOXQ,https://moxfield.com/decks/29OfAY0ZMn6tHZHYNrxOXQ,Implement of Improvement,3,Artifact,2cb8eb0c-d7fa-4229-ae65-1890c77b2c7c,https://api.scryfall.com/cards/2cb8eb0c-d7fa-4229-ae65-1890c77b2c7c?format=image&version=normal
29OfAY0ZMn6tHZHYNrxOXQ,https://moxfield.com/decks/29OfAY0ZMn6tHZHYNrxOXQ,Inquisition of Kozilek,4,Sorcery,40a3b4a6-1f87-4060-896e-e05aee0cbfee,https://api.scryfall.com/cards/40a3b4a6-1f87-4060-896e-e05aee0cbfee?format=image&version=normal
29OfAY0ZMn6tHZHYNrxOXQ,https://moxfield.com/decks/29OfAY0ZMn6tHZHYNrxOXQ,Jolted Awake,4,Sorcery,f773a79f-ad0f-45c9-bcf5-44ba5e992729,https://api.scryfall.com/cards/f773a79f-ad0f-45c9-bcf5-44ba5e992729?format=image&version=normal
29OfAY0ZMn6tHZHYNrxOXQ,https://moxfield.com/decks/29OfAY0ZMn6tHZHYNrxOXQ,Kami of False Hope,4,Creature — Spirit,9c357194-37b7-45cc-a52d-9c7e71f226df,https://api.scryfall.com/cards/9c357194-37b7-45cc-a52d-9c7e71f226df?format=image&version=normal
29OfAY0ZMn6tHZHYNrxOXQ,https://moxfield.com/decks/29OfAY0ZMn6tHZHYNrxOXQ,Lantern of Insight,3,Artifact,01ab7a5c-c73a-4a4b-803c-ab98f0e74092,https://api.scryfall.com/cards/01ab7a5c-c73a-4a4b-803c-ab98f0e74092?format=image&version=normal
29OfAY0ZMn6tHZHYNrxOXQ,https://moxfield.com/decks/29OfAY0ZMn6tHZHYNrxOXQ,Pithing Needle,3,Artifact,556ec6ab-a19f-4caa-8bfa-145555402caf,https://api.scryfall.com/cards/556ec6ab-a19f-4caa-8bfa-145555402caf?format=image&version=normal
29OfAY0ZMn6tHZHYNrxOXQ,https://moxfield.com/decks/29OfAY0ZMn6tHZHYNrxOXQ,Pyxis of Pandemonium,2,Artifact,dbc6a246-f32a-4dc0-9785-4038804f372f,https://api.scryfall.com/cards/dbc6a246-f32a-4dc0-9785-4038804f372f?format=image&version=normal
29OfAY0ZMn6tHZHYNrxOXQ,https://moxfield.com/decks/29OfAY0ZMn6tHZHYNrxOXQ,Soul-Guide Lantern,2,Artifact,6d3ff537-86f0-405e-b96b-1250720af031,https://api.scryfall.com/cards/6d3ff537-86f0-405e-b96b-1250720af031?format=image&version=normal
3qqgARMwEHSYKwn7U2Rfzg,https://www.moxfield.com/decks/3qqgARMwEHSYKwn7U2Rfzg,Amped Raptor,4,Creature — Dinosaur,1ac0e78b-0fdd-44f9-8b7b-c4f28a32782e,https://api.scryfall.com/cards/1ac0e78b-0fdd-44f9-8b7b-c4f28a32782e?format=image&version=normal
3qqgARMwEHSYKwn7U2Rfzg,https://www.moxfield.com/decks/3qqgARMwEHSYKwn7U2Rfzg,Bloodtithe Harvester,2,Creature — Vampire,0c95e4b1-2fa8-420d-8c55-f74badb2bafa,https://api.scryfall.com/cards/0c95e4b1-2fa8-420d-8c55-f74badb2bafa?format=image&version=normal
3qqgARMwEHSYKwn7U2Rfzg,https://www.moxfield.com/decks/3qqgARMwEHSYKwn7U2Rfzg,"Cecil, Dark Knight // Cecil, Redeemed Paladin",1,Legendary Creature — Human Knight // Legendary Creature — Human Knight,026e7167-d665-43d0-a51e-8df2d68cdb5e,https://api.scryfall.com/cards/026e7167-d665-43d0-a51e-8df2d68cdb5e?format=image&version=normal
3qqgARMwEHSYKwn7U2Rfzg,https://www.moxfield.com/decks/3qqgARMwEHSYKwn7U2Rfzg,Deep-Cavern Bat,4,Creature — Bat,69c68c95-b788-43b1-9f22-1b22c5a00b25,https://api.scryfall.com/cards/69c68c95-b788-43b1-9f22-1b22c5a00b25?format=image&version=normal
3qqgARMwEHSYKwn7U2Rfzg,https://www.moxfield.com/decks/3qqgARMwEHSYKwn7U2Rfzg,Dragon's Rage Channeler,2,Creature — Human Shaman,8afabd77-d7b3-4544-b3ea-4423a6706b2e,https://api.scryfall.com/cards/8afabd77-d7b3-4544-b3ea-4423a6706b2e?format=image&version=normal
3qqgARMwEHSYKwn7U2Rfzg,https://www.moxfield.com/decks/3qqgARMwEHSYKwn7U2Rfzg,Galvanic Discharge,3,Instant,32aa6e33-221f-414c-9b51-850d97a7e051,https://api.scryfall.com/cards/32aa6e33-221f-414c-9b51-850d97a7e051?format=image&version=normal
3qqgARMwEHSYKwn7U2Rfzg,https://www.moxfield.com/decks/3qqgARMwEHSYKwn7U2Rfzg,Gonti's Machinations,4,Enchantment,6c97f5a9-6e04-45c3-aa8d-dcf0fd81d5b9,https://api.scryfall.com/cards/6c97f5a9-6e04-45c3-aa8d-dcf0fd81d5b9?format=image&version=normal
3qqgARMwEHSYKwn7U2Rfzg,https://www.moxfield.com/decks/3qqgARMwEHSYKwn7U2Rfzg,Hymn to Tourach,4,Sorcery,5bc50e08-dd6f-4ea7-87f8-cce72bafb928,https://api.scryfall.com/cards/5bc50e08-dd6f-4ea7-87f8-cce72bafb928?format=image&version=normal
3qqgARMwEHSYKwn7U2Rfzg,https://www.moxfield.com/decks/3qqgARMwEHSYKwn7U2Rfzg,Inquisition of Kozilek,4,Sorcery,40a3b4a6-1f87-4060-896e-e05aee0cbfee,https://api.scryfall.com/cards/40a3b4a6-1f87-4060-896e-e05aee0cbfee?format=image&version=normal
3qqgARMwEHSYKwn7U2Rfzg,https://www.moxfield.com/decks/3qqgARMwEHSYKwn7U2Rfzg,Lightning Bolt,2,Instant,c69f668b-cf28-495a-bbe1-24e9d0089fa1,https://api.scryfall.com/cards/c69f668b-cf28-495a-bbe1-24e9d0089fa1?format=image&version=normal
3qqgARMwEHSYKwn7U2Rfzg,https://www.moxfield.com/decks/3qqgARMwEHSYKwn7U2Rfzg,Mishra's Bauble,3,Artifact,607e2546-1139-4c1e-9b3b-eacb27bff510,https://api.scryfall.com/cards/607e2546-1139-4c1e-9b3b-eacb27bff510?format=image&version=normal
3qqgARMwEHSYKwn7U2Rfzg,https://www.moxfield.com/decks/3qqgARMwEHSYKwn7U2Rfzg,"Stick, Fearless Mentor",2,Legendary Creature — Human Monk Hero,75147899-6eda-41dd-acec-cfe09dc38ba2,https://api.scryfall.com/cards/75147899-6eda-41dd-acec-cfe09dc38ba2?format=image&version=normal
3qqgARMwEHSYKwn7U2Rfzg,https://www.moxfield.com/decks/3qqgARMwEHSYKwn7U2Rfzg,Unstable Amulet,4,Artifact,9d9949f5-8d6c-4ea9-b203-99e8a57a6c60,https://api.scryfall.com/cards/9d9949f5-8d6c-4ea9-b203-99e8a57a6c60?format=image&version=normal
4pqgASZZw3KItxX1pqEieA,https://moxfield.com/decks/4pqgASZZw3KItxX1pqEieA,All-Fates Stalker,2,Creature — Drix Assassin,82ae4f7b-8122-4af6-8079-888eabf1a11e,https://api.scryfall.com/cards/82ae4f7b-8122-4af6-8079-888eabf1a11e?format=image&version=normal
4pqgASZZw3KItxX1pqEieA,https://moxfield.com/decks/4pqgASZZw3KItxX1pqEieA,Anointed Peacekeeper,4,Creature — Human Cleric,5b8127b5-3a65-411a-84bc-54e5c1be1477,https://api.scryfall.com/cards/5b8127b5-3a65-411a-84bc-54e5c1be1477?format=image&version=normal
4pqgASZZw3KItxX1pqEieA,https://moxfield.com/decks/4pqgASZZw3KItxX1pqEieA,Archon of Emeria,3,Creature — Archon,192eab08-3fec-46cb-9237-2866e3bd08b8,https://api.scryfall.com/cards/192eab08-3fec-46cb-9237-2866e3bd08b8?format=image&version=normal
4pqgASZZw3KItxX1pqEieA,https://moxfield.com/decks/4pqgASZZw3KItxX1pqEieA,Elite Spellbinder,4,Creature — Human Cleric,250b3ddb-bfd1-4a3c-bafb-4ef79a3edf08,https://api.scryfall.com/cards/250b3ddb-bfd1-4a3c-bafb-4ef79a3edf08?format=image&version=normal
4pqgASZZw3KItxX1pqEieA,https://moxfield.com/decks/4pqgASZZw3KItxX1pqEieA,Lightstall Inquisitor,4,Creature — Angel Wizard,635245e9-c27f-4a51-a6f1-bae62e696542,https://api.scryfall.com/cards/635245e9-c27f-4a51-a6f1-bae62e696542?format=image&version=normal
4pqgASZZw3KItxX1pqEieA,https://moxfield.com/decks/4pqgASZZw3KItxX1pqEieA,Luminarch Aspirant,4,Creature — Human Cleric,fe964e7e-e2c5-4263-889d-0a531eb51442,https://api.scryfall.com/cards/fe964e7e-e2c5-4263-889d-0a531eb51442?format=image&version=normal
4pqgASZZw3KItxX1pqEieA,https://moxfield.com/decks/4pqgASZZw3KItxX1pqEieA,Mana Tithe,1,Instant,ab03b4e2-91ee-449b-bb8a-ac340ecdd582,https://api.scryfall.com/cards/ab03b4e2-91ee-449b-bb8a-ac340ecdd582?format=image&version=normal
4pqgASZZw3KItxX1pqEieA,https://moxfield.com/decks/4pqgASZZw3KItxX1pqEieA,Palace Jailer,2,Creature — Human Soldier,9f129968-0af6-4ae4-a0c3-6f911a7bae22,https://api.scryfall.com/cards/9f129968-0af6-4ae4-a0c3-6f911a7bae22?format=image&version=normal
4pqgASZZw3KItxX1pqEieA,https://moxfield.com/decks/4pqgASZZw3KItxX1pqEieA,Recruitment Officer,4,Creature — Human Soldier,c226656b-68d5-4df2-b313-a323a728c520,https://api.scryfall.com/cards/c226656b-68d5-4df2-b313-a323a728c520?format=image&version=normal
4pqgASZZw3KItxX1pqEieA,https://moxfield.com/decks/4pqgASZZw3KItxX1pqEieA,Sol Ring,1,Artifact,8fb860f9-3729-436e-adfb-c98c2a389d5d,https://api.scryfall.com/cards/8fb860f9-3729-436e-adfb-c98c2a389d5d?format=image&version=normal
4pqgASZZw3KItxX1pqEieA,https://moxfield.com/decks/4pqgASZZw3KItxX1pqEieA,Swords to Plowshares,3,Instant,57c2632e-5181-43e4-8744-baafb8f7d213,https://api.scryfall.com/cards/57c2632e-5181-43e4-8744-baafb8f7d213?format=image&version=normal
4pqgASZZw3KItxX1pqEieA,https://moxfield.com/decks/4pqgASZZw3KItxX1pqEieA,"Thalia, Guardian of Thraben",4,Legendary Creature — Human Soldier,c9f8b8fb-1cd8-450e-a1fe-892e7a323479,https://api.scryfall.com/cards/c9f8b8fb-1cd8-450e-a1fe-892e7a323479?format=image&version=normal
4pqgASZZw3KItxX1pqEieA,https://moxfield.com/decks/4pqgASZZw3KItxX1pqEieA,White Orchid Phantom,4,Creature — Spirit Knight,e6cebc57-d7b0-4e86-bc9e-ebb1de58f932,https://api.scryfall.com/cards/e6cebc57-d7b0-4e86-bc9e-ebb1de58f932?format=image&version=normal
96ugAWpY0nGX9OnPzGv8rQ,https://moxfield.com/decks/96ugAWpY0nGX9OnPzGv8rQ,Currency Converter,4,Artifact,4eab054c-93f8-4da4-afb9-8f4c73c19213,https://api.scryfall.com/cards/4eab054c-93f8-4da4-afb9-8f4c73c19213?format=image&version=normal
96ugAWpY0nGX9OnPzGv8rQ,https://moxfield.com/decks/96ugAWpY0nGX9OnPzGv8rQ,Faithless Looting,3,Sorcery,5aeda464-e71e-4e89-b355-237680bc1a7b,https://api.scryfall.com/cards/5aeda464-e71e-4e89-b355-237680bc1a7b?format=image&version=normal
96ugAWpY0nGX9OnPzGv8rQ,https://moxfield.com/decks/96ugAWpY0nGX9OnPzGv8rQ,Fury,3,Creature — Elemental Incarnation,932d0fb9-382d-464a-9427-b91fa2398cdb,https://api.scryfall.com/cards/932d0fb9-382d-464a-9427-b91fa2398cdb?format=image&version=normal
96ugAWpY0nGX9OnPzGv8rQ,https://moxfield.com/decks/96ugAWpY0nGX9OnPzGv8rQ,Galvanic Discharge,2,Instant,32aa6e33-221f-414c-9b51-850d97a7e051,https://api.scryfall.com/cards/32aa6e33-221f-414c-9b51-850d97a7e051?format=image&version=normal
96ugAWpY0nGX9OnPzGv8rQ,https://moxfield.com/decks/96ugAWpY0nGX9OnPzGv8rQ,Hardened Academic,2,Creature — Bird Cleric,435ef3d4-ff49-4218-9735-7241b5e843d9,https://api.scryfall.com/cards/435ef3d4-ff49-4218-9735-7241b5e843d9?format=image&version=normal
96ugAWpY0nGX9OnPzGv8rQ,https://moxfield.com/decks/96ugAWpY0nGX9OnPzGv8rQ,Liquimetal Coating,4,Artifact,a8fc80eb-f158-479f-8626-c9665e2f8248,https://api.scryfall.com/cards/a8fc80eb-f158-479f-8626-c9665e2f8248?format=image&version=normal
96ugAWpY0nGX9OnPzGv8rQ,https://moxfield.com/decks/96ugAWpY0nGX9OnPzGv8rQ,March of Otherworldly Light,3,Instant,7f964a0a-54b6-42a7-bb31-18f3a2e2e0f7,https://api.scryfall.com/cards/7f964a0a-54b6-42a7-bb31-18f3a2e2e0f7?format=image&version=normal
96ugAWpY0nGX9OnPzGv8rQ,https://moxfield.com/decks/96ugAWpY0nGX9OnPzGv8rQ,Party Thrasher,4,Creature — Lizard Wizard,b7f8bb8d-c46a-4531-9525-6981a222b468,https://api.scryfall.com/cards/b7f8bb8d-c46a-4531-9525-6981a222b468?format=image&version=normal
96ugAWpY0nGX9OnPzGv8rQ,https://moxfield.com/decks/96ugAWpY0nGX9OnPzGv8rQ,"Phlage, Titan of Fire's Fury",1,Legendary Creature — Elder Giant,e419cd0b-2449-4cc5-9ead-b9e45e271700,https://api.scryfall.com/cards/e419cd0b-2449-4cc5-9ead-b9e45e271700?format=image&version=normal
96ugAWpY0nGX9OnPzGv8rQ,https://moxfield.com/decks/96ugAWpY0nGX9OnPzGv8rQ,"Quintorius, History Chaser",3,Legendary Planeswalker — Quintorius,0742f19d-179c-43c4-ab95-4160c56b4384,https://api.scryfall.com/cards/0742f19d-179c-43c4-ab95-4160c56b4384?format=image&version=normal
96ugAWpY0nGX9OnPzGv8rQ,https://moxfield.com/decks/96ugAWpY0nGX9OnPzGv8rQ,Shenanigans,3,Sorcery,580c6fe2-ab43-491e-a1b2-d076a5c2a74e,https://api.scryfall.com/cards/580c6fe2-ab43-491e-a1b2-d076a5c2a74e?format=image&version=normal
96ugAWpY0nGX9OnPzGv8rQ,https://moxfield.com/decks/96ugAWpY0nGX9OnPzGv8rQ,Sol Ring,1,Artifact,8fb860f9-3729-436e-adfb-c98c2a389d5d,https://api.scryfall.com/cards/8fb860f9-3729-436e-adfb-c98c2a389d5d?format=image&version=normal
96ugAWpY0nGX9OnPzGv8rQ,https://moxfield.com/decks/96ugAWpY0nGX9OnPzGv8rQ,"Squee, Goblin Nabob",4,Legendary Creature — Goblin,8aabc541-ff2a-416f-a973-44eda8ec4706,https://api.scryfall.com/cards/8aabc541-ff2a-416f-a973-44eda8ec4706?format=image&version=normal
96ugAWpY0nGX9OnPzGv8rQ,https://moxfield.com/decks/96ugAWpY0nGX9OnPzGv8rQ,Swords to Plowshares,1,Instant,57c2632e-5181-43e4-8744-baafb8f7d213,https://api.scryfall.com/cards/57c2632e-5181-43e4-8744-baafb8f7d213?format=image&version=normal
Ab-gAU5m1XKT_b5vtfk9fw,https://moxfield.com/decks/Ab-gAU5m1XKT_b5vtfk9fw,Amalia Benavides Aguirre,4,Legendary Creature — Vampire Scout,9acf80a5-f2ca-45b4-aca8-fbc690e35401,https://api.scryfall.com/cards/9acf80a5-f2ca-45b4-aca8-fbc690e35401?format=image&version=normal
Ab-gAU5m1XKT_b5vtfk9fw,https://moxfield.com/decks/Ab-gAU5m1XKT_b5vtfk9fw,Benevolent Bodyguard,2,Creature — Human Cleric,b724dfd3-dc9c-41ac-bb38-5578a9f8436b,https://api.scryfall.com/cards/b724dfd3-dc9c-41ac-bb38-5578a9f8436b?format=image&version=normal
Ab-gAU5m1XKT_b5vtfk9fw,https://moxfield.com/decks/Ab-gAU5m1XKT_b5vtfk9fw,Case of the Uneaten Feast,3,Enchantment — Case,ac63941b-3f78-4bd3-8b05-ca12aaaa006c,https://api.scryfall.com/cards/ac63941b-3f78-4bd3-8b05-ca12aaaa006c?format=image&version=normal
Ab-gAU5m1XKT_b5vtfk9fw,https://moxfield.com/decks/Ab-gAU5m1XKT_b5vtfk9fw,Cenote Scout,4,Creature — Merfolk Scout,4ce4b7bc-636b-4723-a7c1-2c859f333492,https://api.scryfall.com/cards/4ce4b7bc-636b-4723-a7c1-2c859f333492?format=image&version=normal
Ab-gAU5m1XKT_b5vtfk9fw,https://moxfield.com/decks/Ab-gAU5m1XKT_b5vtfk9fw,Collected Company,4,Instant,f41a69ae-a0c4-4053-a795-940d76226e08,https://api.scryfall.com/cards/f41a69ae-a0c4-4053-a795-940d76226e08?format=image&version=normal
Ab-gAU5m1XKT_b5vtfk9fw,https://moxfield.com/decks/Ab-gAU5m1XKT_b5vtfk9fw,Deep-Cavern Bat,2,Creature — Bat,69c68c95-b788-43b1-9f22-1b22c5a00b25,https://api.scryfall.com/cards/69c68c95-b788-43b1-9f22-1b22c5a00b25?format=image&version=normal
Ab-gAU5m1XKT_b5vtfk9fw,https://moxfield.com/decks/Ab-gAU5m1XKT_b5vtfk9fw,"Dina, Soul Steeper",2,Legendary Creature — Dryad Druid,9cd2b567-0cf7-4441-b3ce-e31141dd91c8,https://api.scryfall.com/cards/9cd2b567-0cf7-4441-b3ce-e31141dd91c8?format=image&version=normal
Ab-gAU5m1XKT_b5vtfk9fw,https://moxfield.com/decks/Ab-gAU5m1XKT_b5vtfk9fw,Lunarch Veteran // Luminous Phantom,2,Creature — Human Cleric // Creature — Spirit Cleric,d2704743-2e23-40b9-a367-c73d2db45afc,https://api.scryfall.com/cards/d2704743-2e23-40b9-a367-c73d2db45afc?format=image&version=normal
Ab-gAU5m1XKT_b5vtfk9fw,https://moxfield.com/decks/Ab-gAU5m1XKT_b5vtfk9fw,Nurturing Pixie,2,Creature — Faerie Rogue,0fe155f6-888b-41a0-a9a0-be7bea998718,https://api.scryfall.com/cards/0fe155f6-888b-41a0-a9a0-be7bea998718?format=image&version=normal
Ab-gAU5m1XKT_b5vtfk9fw,https://moxfield.com/decks/Ab-gAU5m1XKT_b5vtfk9fw,Prosperous Innkeeper,4,Creature — Halfling Citizen,a6c1c529-1bac-4c6d-9c6d-5013b5cc002c,https://api.scryfall.com/cards/a6c1c529-1bac-4c6d-9c6d-5013b5cc002c?format=image&version=normal
Ab-gAU5m1XKT_b5vtfk9fw,https://moxfield.com/decks/Ab-gAU5m1XKT_b5vtfk9fw,Return to the Ranks,3,Sorcery,cba93c84-3468-4c03-8198-87fb6c4b0968,https://api.scryfall.com/cards/cba93c84-3468-4c03-8198-87fb6c4b0968?format=image&version=normal
Ab-gAU5m1XKT_b5vtfk9fw,https://moxfield.com/decks/Ab-gAU5m1XKT_b5vtfk9fw,Selfless Savior,1,Creature — Dog,6911759c-7177-402c-a95a-f9f46efaf521,https://api.scryfall.com/cards/6911759c-7177-402c-a95a-f9f46efaf521?format=image&version=normal
Ab-gAU5m1XKT_b5vtfk9fw,https://moxfield.com/decks/Ab-gAU5m1XKT_b5vtfk9fw,Starscape Cleric,1,Creature — Bat Cleric,53a938a7-0154-4350-87cb-00da24ec3824,https://api.scryfall.com/cards/53a938a7-0154-4350-87cb-00da24ec3824?format=image&version=normal
Ab-gAU5m1XKT_b5vtfk9fw,https://moxfield.com/decks/Ab-gAU5m1XKT_b5vtfk9fw,"Trelasarra, Moon Dancer",2,Legendary Creature — Elf Cleric,1ee2e3a2-3d8d-458d-960b-ded60d2ad4a1,https://api.scryfall.com/cards/1ee2e3a2-3d8d-458d-960b-ded60d2ad4a1?format=image&version=normal
Ab-gAU5m1XKT_b5vtfk9fw,https://moxfield.com/decks/Ab-gAU5m1XKT_b5vtfk9fw,Wildgrowth Walker,4,Creature — Elemental,52e4c0f8-d5f0-4224-9974-190606911480,https://api.scryfall.com/cards/52e4c0f8-d5f0-4224-9974-190606911480?format=image&version=normal
BfifASjFs3upUppvuy6A0g,https://www.moxfield.com/decks/BfifASjFs3upUppvuy6A0g,Angel of Glory's Rise,1,Creature — Angel,7a8be765-0949-491c-875c-0385fb83e4b9,https://api.scryfall.com/cards/7a8be765-0949-491c-875c-0385fb83e4b9?format=image&version=normal
BfifASjFs3upUppvuy6A0g,https://www.moxfield.com/decks/BfifASjFs3upUppvuy6A0g,"Azami, Lady of Scrolls",1,Legendary Creature — Human Wizard,0ad06ad7-0545-4c6f-9b10-4a27fa2e827c,https://api.scryfall.com/cards/0ad06ad7-0545-4c6f-9b10-4a27fa2e827c?format=image&version=normal
BfifASjFs3upUppvuy6A0g,https://www.moxfield.com/decks/BfifASjFs3upUppvuy6A0g,Cephalid Illusionist,4,Creature — Octopus Wizard,f6499403-1632-45ec-b5fd-9f3ab2cd6446,https://api.scryfall.com/cards/f6499403-1632-45ec-b5fd-9f3ab2cd6446?format=image&version=normal
BfifASjFs3upUppvuy6A0g,https://www.moxfield.com/decks/BfifASjFs3upUppvuy6A0g,Doc Ock's Tentacles,4,Artifact — Equipment,fed9547c-9d0d-4e62-9639-887ed09231a2,https://api.scryfall.com/cards/fed9547c-9d0d-4e62-9639-887ed09231a2?format=image&version=normal
BfifASjFs3upUppvuy6A0g,https://www.moxfield.com/decks/BfifASjFs3upUppvuy6A0g,Dread Return,1,Sorcery,34a87901-98bb-41dd-b566-bcb510c20022,https://api.scryfall.com/cards/34a87901-98bb-41dd-b566-bcb510c20022?format=image&version=normal
BfifASjFs3upUppvuy6A0g,https://www.moxfield.com/decks/BfifASjFs3upUppvuy6A0g,Kappa Cannoneer,3,Artifact Creature — Turtle Warrior,99cd996f-be74-4dbb-9460-6d650cedfca6,https://api.scryfall.com/cards/99cd996f-be74-4dbb-9460-6d650cedfca6?format=image&version=normal
BfifASjFs3upUppvuy6A0g,https://www.moxfield.com/decks/BfifASjFs3upUppvuy6A0g,"Krang, Master Mind",1,Legendary Artifact Creature — Utrom Warrior,d27fa497-e842-4812-80fe-28517544e1c5,https://api.scryfall.com/cards/d27fa497-e842-4812-80fe-28517544e1c5?format=image&version=normal
BfifASjFs3upUppvuy6A0g,https://www.moxfield.com/decks/BfifASjFs3upUppvuy6A0g,Laboratory Maniac,1,Creature — Human Wizard,44ede007-b6db-4396-8b25-9e2621cfeec4,https://api.scryfall.com/cards/44ede007-b6db-4396-8b25-9e2621cfeec4?format=image&version=normal
BfifASjFs3upUppvuy6A0g,https://www.moxfield.com/decks/BfifASjFs3upUppvuy6A0g,Memory Guardian,4,Artifact Creature — Robot Artificer,6b199ce2-0ea0-47e5-a36c-36373be53fec,https://api.scryfall.com/cards/6b199ce2-0ea0-47e5-a36c-36373be53fec?format=image&version=normal
BfifASjFs3upUppvuy6A0g,https://www.moxfield.com/decks/BfifASjFs3upUppvuy6A0g,Narcomoeba,3,Creature — Illusion,3de38943-8f61-4be9-839b-370830c555cf,https://api.scryfall.com/cards/3de38943-8f61-4be9-839b-370830c555cf?format=image&version=normal
BfifASjFs3upUppvuy6A0g,https://www.moxfield.com/decks/BfifASjFs3upUppvuy6A0g,Preordain,3,Sorcery,7a2e7a2f-1ab3-4b5b-829c-64886dbd88f1,https://api.scryfall.com/cards/7a2e7a2f-1ab3-4b5b-829c-64886dbd88f1?format=image&version=normal
BfifASjFs3upUppvuy6A0g,https://www.moxfield.com/decks/BfifASjFs3upUppvuy6A0g,Shuko,4,Artifact — Equipment,a88ed77e-5eae-4282-8f19-75dc8437f83d,https://api.scryfall.com/cards/a88ed77e-5eae-4282-8f19-75dc8437f83d?format=image&version=normal
BfifASjFs3upUppvuy6A0g,https://www.moxfield.com/decks/BfifASjFs3upUppvuy6A0g,Skateboard,1,Artifact — Equipment,deadb6d8-3eea-4261-a07c-8536df89e85c,https://api.scryfall.com/cards/deadb6d8-3eea-4261-a07c-8536df89e85c?format=image&version=normal
BfifASjFs3upUppvuy6A0g,https://www.moxfield.com/decks/BfifASjFs3upUppvuy6A0g,Tamiyo Meets the Story Circle,4,Enchantment — Saga,ee66a06e-a461-46af-a318-550bc35de5d0,https://api.scryfall.com/cards/ee66a06e-a461-46af-a318-550bc35de5d0?format=image&version=normal
BfifASjFs3upUppvuy6A0g,https://www.moxfield.com/decks/BfifASjFs3upUppvuy6A0g,Thought Monitor,4,Artifact Creature — Construct,18a6ea89-417c-4ee0-a410-8a0067b92967,https://api.scryfall.com/cards/18a6ea89-417c-4ee0-a410-8a0067b92967?format=image&version=normal
D9CgAVUubXS9mmrkA_S_rQ,https://moxfield.com/decks/D9CgAVUubXS9mmrkA_S_rQ,Bitter Triumph,4,Instant,c5333556-eea2-41ae-833e-007b9d540700,https://api.scryfall.com/cards/c5333556-eea2-41ae-833e-007b9d540700?format=image&version=normal
D9CgAVUubXS9mmrkA_S_rQ,https://moxfield.com/decks/D9CgAVUubXS9mmrkA_S_rQ,Consider,4,Instant,4f28e706-c488-4525-ad8a-977a5fa77f80,https://api.scryfall.com/cards/4f28e706-c488-4525-ad8a-977a5fa77f80?format=image&version=normal
D9CgAVUubXS9mmrkA_S_rQ,https://moxfield.com/decks/D9CgAVUubXS9mmrkA_S_rQ,Defabricate,4,Instant,7dd32168-0b9c-4633-adec-d41cf125cc35,https://api.scryfall.com/cards/7dd32168-0b9c-4633-adec-d41cf125cc35?format=image&version=normal
D9CgAVUubXS9mmrkA_S_rQ,https://moxfield.com/decks/D9CgAVUubXS9mmrkA_S_rQ,Dress Down,3,Enchantment,07ea7524-ed53-48b5-b273-cdec85e699ac,https://api.scryfall.com/cards/07ea7524-ed53-48b5-b273-cdec85e699ac?format=image&version=normal
D9CgAVUubXS9mmrkA_S_rQ,https://moxfield.com/decks/D9CgAVUubXS9mmrkA_S_rQ,Inquisition of Kozilek,4,Sorcery,5c1d4835-c662-4deb-b8f9-cd7b04948edf,https://api.scryfall.com/cards/5c1d4835-c662-4deb-b8f9-cd7b04948edf?format=image&version=normal
D9CgAVUubXS9mmrkA_S_rQ,https://moxfield.com/decks/D9CgAVUubXS9mmrkA_S_rQ,Lose Focus,4,Instant,985bdb0c-ce6c-4506-8163-76f3b2fdf5fb,https://api.scryfall.com/cards/985bdb0c-ce6c-4506-8163-76f3b2fdf5fb?format=image&version=normal
D9CgAVUubXS9mmrkA_S_rQ,https://moxfield.com/decks/D9CgAVUubXS9mmrkA_S_rQ,Nulldrifter,2,Creature — Eldrazi Elemental,4d9f1bb8-c91b-40cd-a416-abbff0d65306,https://api.scryfall.com/cards/4d9f1bb8-c91b-40cd-a416-abbff0d65306?format=image&version=normal
D9CgAVUubXS9mmrkA_S_rQ,https://moxfield.com/decks/D9CgAVUubXS9mmrkA_S_rQ,Parallax Nexus,4,Enchantment,862c50c7-0840-46e0-a653-5b660fdfd4bd,https://api.scryfall.com/cards/862c50c7-0840-46e0-a653-5b660fdfd4bd?format=image&version=normal
D9CgAVUubXS9mmrkA_S_rQ,https://moxfield.com/decks/D9CgAVUubXS9mmrkA_S_rQ,Rakshasa's Bargain,2,Instant,5c409f4f-3b2c-4c33-b850-55b2a46f51ca,https://api.scryfall.com/cards/5c409f4f-3b2c-4c33-b850-55b2a46f51ca?format=image&version=normal
D9CgAVUubXS9mmrkA_S_rQ,https://moxfield.com/decks/D9CgAVUubXS9mmrkA_S_rQ,Spell Pierce,2,Instant,6bf4dfc0-c58b-4535-b660-54ceaa6e0217,https://api.scryfall.com/cards/6bf4dfc0-c58b-4535-b660-54ceaa6e0217?format=image&version=normal
D9CgAVUubXS9mmrkA_S_rQ,https://moxfield.com/decks/D9CgAVUubXS9mmrkA_S_rQ,Spider-Sense,1,Instant,d123d19e-fb13-4c1c-b765-8c4f1fef453a,https://api.scryfall.com/cards/d123d19e-fb13-4c1c-b765-8c4f1fef453a?format=image&version=normal
D9CgAVUubXS9mmrkA_S_rQ,https://moxfield.com/decks/D9CgAVUubXS9mmrkA_S_rQ,"Tasigur, the Golden Fang",1,Legendary Creature — Human Shaman,175ad810-3cdd-43c7-99a9-8a2e8ad6dbae,https://api.scryfall.com/cards/175ad810-3cdd-43c7-99a9-8a2e8ad6dbae?format=image&version=normal
D9CgAVUubXS9mmrkA_S_rQ,https://moxfield.com/decks/D9CgAVUubXS9mmrkA_S_rQ,"Uro, Titan of Nature's Wrath",3,Legendary Creature — Elder Giant,ed1f9061-4df3-4b3c-a8b1-1d62d354de4a,https://api.scryfall.com/cards/ed1f9061-4df3-4b3c-a8b1-1d62d354de4a?format=image&version=normal
F6ygAQWGX3S3CgxGuQzGoA,https://www.moxfield.com/decks/F6ygAQWGX3S3CgxGuQzGoA,Chain Lightning,4,Sorcery,fda4c062-4227-486b-875d-b310573ee72b,https://api.scryfall.com/cards/fda4c062-4227-486b-875d-b310573ee72b?format=image&version=normal
F6ygAQWGX3S3CgxGuQzGoA,https://www.moxfield.com/decks/F6ygAQWGX3S3CgxGuQzGoA,Eidolon of the Great Revel,3,Enchantment Creature — Spirit,a6c10816-e825-452a-90b0-80eb9f20bd6d,https://api.scryfall.com/cards/a6c10816-e825-452a-90b0-80eb9f20bd6d?format=image&version=normal
F6ygAQWGX3S3CgxGuQzGoA,https://www.moxfield.com/decks/F6ygAQWGX3S3CgxGuQzGoA,Fireblast,4,Instant,ff45073c-5ac1-4295-833e-58b253319c9b,https://api.scryfall.com/cards/ff45073c-5ac1-4295-833e-58b253319c9b?format=image&version=normal
F6ygAQWGX3S3CgxGuQzGoA,https://www.moxfield.com/decks/F6ygAQWGX3S3CgxGuQzGoA,Flame Rift,2,Sorcery,e63ed449-d249-4639-85d2-f8fe75496d5c,https://api.scryfall.com/cards/e63ed449-d249-4639-85d2-f8fe75496d5c?format=image&version=normal
F6ygAQWGX3S3CgxGuQzGoA,https://www.moxfield.com/decks/F6ygAQWGX3S3CgxGuQzGoA,Goblin Guide,4,Creature — Goblin Scout,1aac57a6-29c0-4ccb-b825-b1e04ae0ea3e,https://api.scryfall.com/cards/1aac57a6-29c0-4ccb-b825-b1e04ae0ea3e?format=image&version=normal
F6ygAQWGX3S3CgxGuQzGoA,https://www.moxfield.com/decks/F6ygAQWGX3S3CgxGuQzGoA,Lava Spike,4,Sorcery — Arcane,e3abbec4-202d-47ee-9472-b41d41f75372,https://api.scryfall.com/cards/e3abbec4-202d-47ee-9472-b41d41f75372?format=image&version=normal
F6ygAQWGX3S3CgxGuQzGoA,https://www.moxfield.com/decks/F6ygAQWGX3S3CgxGuQzGoA,Lightning Bolt,4,Instant,c69f668b-cf28-495a-bbe1-24e9d0089fa1,https://api.scryfall.com/cards/c69f668b-cf28-495a-bbe1-24e9d0089fa1?format=image&version=normal
F6ygAQWGX3S3CgxGuQzGoA,https://www.moxfield.com/decks/F6ygAQWGX3S3CgxGuQzGoA,Monastery Swiftspear,4,Creature — Human Monk,b81c6c8b-a9cf-4866-89ba-7f8ad077b836,https://api.scryfall.com/cards/b81c6c8b-a9cf-4866-89ba-7f8ad077b836?format=image&version=normal
F6ygAQWGX3S3CgxGuQzGoA,https://www.moxfield.com/decks/F6ygAQWGX3S3CgxGuQzGoA,Rift Bolt,4,Sorcery,fefbed51-ae2a-4668-a725-71904f18acc6,https://api.scryfall.com/cards/fefbed51-ae2a-4668-a725-71904f18acc6?format=image&version=normal
F6ygAQWGX3S3CgxGuQzGoA,https://www.moxfield.com/decks/F6ygAQWGX3S3CgxGuQzGoA,Skewer the Critics,4,Sorcery,43ca8f80-e9ed-483f-a8a7-ad6149811df9,https://api.scryfall.com/cards/43ca8f80-e9ed-483f-a8a7-ad6149811df9?format=image&version=normal
F6ygAQWGX3S3CgxGuQzGoA,https://www.moxfield.com/decks/F6ygAQWGX3S3CgxGuQzGoA,Skullcrack,4,Instant,7f399983-d70a-4cf3-b76e-bb0c472e7c69,https://api.scryfall.com/cards/7f399983-d70a-4cf3-b76e-bb0c472e7c69?format=image&version=normal
G72gAS0MKXiYXckGCSsb_w,https://moxfield.com/decks/G72gAS0MKXiYXckGCSsb_w,Basking Broodscale,4,Creature — Eldrazi Lizard,5feba5d6-99a6-4e9b-8a7d-90d955868fc3,https://api.scryfall.com/cards/5feba5d6-99a6-4e9b-8a7d-90d955868fc3?format=image&version=normal
G72gAS0MKXiYXckGCSsb_w,https://moxfield.com/decks/G72gAS0MKXiYXckGCSsb_w,"Dina, Soul Steeper",4,Legendary Creature — Dryad Druid,9cd2b567-0cf7-4441-b3ce-e31141dd91c8,https://api.scryfall.com/cards/9cd2b567-0cf7-4441-b3ce-e31141dd91c8?format=image&version=normal
G72gAS0MKXiYXckGCSsb_w,https://moxfield.com/decks/G72gAS0MKXiYXckGCSsb_w,Ghost Lantern // Bind Spirit,4,Artifact — Equipment // Instant — Adventure,f2bde2d6-7c2a-4566-a45a-ccdbbed039b7,https://api.scryfall.com/cards/f2bde2d6-7c2a-4566-a45a-ccdbbed039b7?format=image&version=normal
G72gAS0MKXiYXckGCSsb_w,https://moxfield.com/decks/G72gAS0MKXiYXckGCSsb_w,Heroic Feast,4,Enchantment,32d05c3d-cf03-492e-a956-2e77c36e36c4,https://api.scryfall.com/cards/32d05c3d-cf03-492e-a956-2e77c36e36c4?format=image&version=normal
G72gAS0MKXiYXckGCSsb_w,https://moxfield.com/decks/G72gAS0MKXiYXckGCSsb_w,Hymn to Tourach,4,Sorcery,5bc50e08-dd6f-4ea7-87f8-cce72bafb928,https://api.scryfall.com/cards/5bc50e08-dd6f-4ea7-87f8-cce72bafb928?format=image&version=normal
G72gAS0MKXiYXckGCSsb_w,https://moxfield.com/decks/G72gAS0MKXiYXckGCSsb_w,Inquisition of Kozilek,4,Sorcery,5c1d4835-c662-4deb-b8f9-cd7b04948edf,https://api.scryfall.com/cards/5c1d4835-c662-4deb-b8f9-cd7b04948edf?format=image&version=normal
G72gAS0MKXiYXckGCSsb_w,https://moxfield.com/decks/G72gAS0MKXiYXckGCSsb_w,Malevolent Rumble,4,Sorcery,a178cfe8-f9fa-4255-88d0-54a0bed079f5,https://api.scryfall.com/cards/a178cfe8-f9fa-4255-88d0-54a0bed079f5?format=image&version=normal
G72gAS0MKXiYXckGCSsb_w,https://moxfield.com/decks/G72gAS0MKXiYXckGCSsb_w,Prosperous Innkeeper,4,Creature — Halfling Citizen,a6c1c529-1bac-4c6d-9c6d-5013b5cc002c,https://api.scryfall.com/cards/a6c1c529-1bac-4c6d-9c6d-5013b5cc002c?format=image&version=normal
G72gAS0MKXiYXckGCSsb_w,https://moxfield.com/decks/G72gAS0MKXiYXckGCSsb_w,Sol Ring,1,Artifact,b79cb394-eb91-4b3b-91d4-c6a0f723feb1,https://api.scryfall.com/cards/b79cb394-eb91-4b3b-91d4-c6a0f723feb1?format=image&version=normal
G72gAS0MKXiYXckGCSsb_w,https://moxfield.com/decks/G72gAS0MKXiYXckGCSsb_w,Spike Feeder,4,Creature — Spike,399de003-fb6f-41ff-88ee-458165d067b2,https://api.scryfall.com/cards/399de003-fb6f-41ff-88ee-458165d067b2?format=image&version=normal
G72gAS0MKXiYXckGCSsb_w,https://moxfield.com/decks/G72gAS0MKXiYXckGCSsb_w,"Tam, Mindful First-Year",1,Legendary Creature — Gorgon Wizard,6cb0f825-b75b-4f2a-803c-08142ca07e76,https://api.scryfall.com/cards/6cb0f825-b75b-4f2a-803c-08142ca07e76?format=image&version=normal
G72gAS0MKXiYXckGCSsb_w,https://moxfield.com/decks/G72gAS0MKXiYXckGCSsb_w,Virulent Emissary,2,Creature — Elf Assassin,0702efed-915e-466a-96bb-ac09af06b21e,https://api.scryfall.com/cards/0702efed-915e-466a-96bb-ac09af06b21e?format=image&version=normal
HIygAbPow3qWLy2DVmmZrw,https://moxfield.com/decks/HIygAbPow3qWLy2DVmmZrw,Consider,3,Instant,4f28e706-c488-4525-ad8a-977a5fa77f80,https://api.scryfall.com/cards/4f28e706-c488-4525-ad8a-977a5fa77f80?format=image&version=normal
HIygAbPow3qWLy2DVmmZrw,https://moxfield.com/decks/HIygAbPow3qWLy2DVmmZrw,Doorkeeper Thrull,3,Creature — Thrull,61cd24cf-ee30-4a05-a473-f3ec589c35dd,https://api.scryfall.com/cards/61cd24cf-ee30-4a05-a473-f3ec589c35dd?format=image&version=normal
HIygAbPow3qWLy2DVmmZrw,https://moxfield.com/decks/HIygAbPow3qWLy2DVmmZrw,Dress Down,4,Enchantment,07ea7524-ed53-48b5-b273-cdec85e699ac,https://api.scryfall.com/cards/07ea7524-ed53-48b5-b273-cdec85e699ac?format=image&version=normal
HIygAbPow3qWLy2DVmmZrw,https://moxfield.com/decks/HIygAbPow3qWLy2DVmmZrw,Mana Leak,4,Instant,a7c7757d-8036-4b33-a1cb-07795d392588,https://api.scryfall.com/cards/a7c7757d-8036-4b33-a1cb-07795d392588?format=image&version=normal
HIygAbPow3qWLy2DVmmZrw,https://moxfield.com/decks/HIygAbPow3qWLy2DVmmZrw,Nulldrifter,4,Creature — Eldrazi Elemental,4d9f1bb8-c91b-40cd-a416-abbff0d65306,https://api.scryfall.com/cards/4d9f1bb8-c91b-40cd-a416-abbff0d65306?format=image&version=normal
HIygAbPow3qWLy2DVmmZrw,https://moxfield.com/decks/HIygAbPow3qWLy2DVmmZrw,Opt,4,Instant,58d26b54-0093-4e90-a2b1-b57c64340f9c,https://api.scryfall.com/cards/58d26b54-0093-4e90-a2b1-b57c64340f9c?format=image&version=normal
HIygAbPow3qWLy2DVmmZrw,https://moxfield.com/decks/HIygAbPow3qWLy2DVmmZrw,Prismatic Ending,4,Sorcery,fd5a8bd5-fbd6-4e0d-9aee-685b8c2068ae,https://api.scryfall.com/cards/fd5a8bd5-fbd6-4e0d-9aee-685b8c2068ae?format=image&version=normal
HIygAbPow3qWLy2DVmmZrw,https://moxfield.com/decks/HIygAbPow3qWLy2DVmmZrw,Slumbering Trudge,3,Creature — Plant Beast,3a925370-58ac-4181-9acc-db7b0e0abf17,https://api.scryfall.com/cards/3a925370-58ac-4181-9acc-db7b0e0abf17?format=image&version=normal
HIygAbPow3qWLy2DVmmZrw,https://moxfield.com/decks/HIygAbPow3qWLy2DVmmZrw,Spell Pierce,3,Instant,6bf4dfc0-c58b-4535-b660-54ceaa6e0217,https://api.scryfall.com/cards/6bf4dfc0-c58b-4535-b660-54ceaa6e0217?format=image&version=normal
HIygAbPow3qWLy2DVmmZrw,https://moxfield.com/decks/HIygAbPow3qWLy2DVmmZrw,Swords to Plowshares,2,Instant,57c2632e-5181-43e4-8744-baafb8f7d213,https://api.scryfall.com/cards/57c2632e-5181-43e4-8744-baafb8f7d213?format=image&version=normal
HIygAbPow3qWLy2DVmmZrw,https://moxfield.com/decks/HIygAbPow3qWLy2DVmmZrw,Treasure Cruise,1,Sorcery,a6e97db4-f447-46c3-8be7-66f22bb349b4,https://api.scryfall.com/cards/a6e97db4-f447-46c3-8be7-66f22bb349b4?format=image&version=normal
HIygAbPow3qWLy2DVmmZrw,https://moxfield.com/decks/HIygAbPow3qWLy2DVmmZrw,Unwanted Remake,1,Instant,7b54447f-1daf-4352-b5c3-3c0ec8b8f4d0,https://api.scryfall.com/cards/7b54447f-1daf-4352-b5c3-3c0ec8b8f4d0?format=image&version=normal
HIygAbPow3qWLy2DVmmZrw,https://moxfield.com/decks/HIygAbPow3qWLy2DVmmZrw,"Uro, Titan of Nature's Wrath",2,Legendary Creature — Elder Giant,ed1f9061-4df3-4b3c-a8b1-1d62d354de4a,https://api.scryfall.com/cards/ed1f9061-4df3-4b3c-a8b1-1d62d354de4a?format=image&version=normal
IdufAZdy5X6mxktYn1Fjiw,https://moxfield.com/decks/IdufAZdy5X6mxktYn1Fjiw,Asmoranomardicadaistinaculdacar,4,Legendary Creature — Human Wizard,1514e8f1-3c94-42f0-8f61-7c2856227e57,https://api.scryfall.com/cards/1514e8f1-3c94-42f0-8f61-7c2856227e57?format=image&version=normal
IdufAZdy5X6mxktYn1Fjiw,https://moxfield.com/decks/IdufAZdy5X6mxktYn1Fjiw,Fatal Push,4,Instant,e6949e85-2db2-43a7-93bd-485c7b196298,https://api.scryfall.com/cards/e6949e85-2db2-43a7-93bd-485c7b196298?format=image&version=normal
IdufAZdy5X6mxktYn1Fjiw,https://moxfield.com/decks/IdufAZdy5X6mxktYn1Fjiw,Grave Titan,2,Creature — Giant,3b4faa6e-5013-4c59-80f5-662a386672eb,https://api.scryfall.com/cards/3b4faa6e-5013-4c59-80f5-662a386672eb?format=image&version=normal
IdufAZdy5X6mxktYn1Fjiw,https://moxfield.com/decks/IdufAZdy5X6mxktYn1Fjiw,Grief,2,Creature — Elemental Incarnation,e6befbc4-1320-4f26-bd9f-b1814fedda10,https://api.scryfall.com/cards/e6befbc4-1320-4f26-bd9f-b1814fedda10?format=image&version=normal
IdufAZdy5X6mxktYn1Fjiw,https://moxfield.com/decks/IdufAZdy5X6mxktYn1Fjiw,Inquisition of Kozilek,4,Sorcery,40a3b4a6-1f87-4060-896e-e05aee0cbfee,https://api.scryfall.com/cards/40a3b4a6-1f87-4060-896e-e05aee0cbfee?format=image&version=normal
IdufAZdy5X6mxktYn1Fjiw,https://moxfield.com/decks/IdufAZdy5X6mxktYn1Fjiw,Life // Death,4,Sorcery // Sorcery,e16d52ca-f8de-4852-9bff-9d208e5f678f,https://api.scryfall.com/cards/e16d52ca-f8de-4852-9bff-9d208e5f678f?format=image&version=normal
IdufAZdy5X6mxktYn1Fjiw,https://moxfield.com/decks/IdufAZdy5X6mxktYn1Fjiw,Necrogoyf,4,Creature — Lhurgoyf,dbd870a3-cc05-46e7-9453-d0e3b3c7eda4,https://api.scryfall.com/cards/dbd870a3-cc05-46e7-9453-d0e3b3c7eda4?format=image&version=normal
IdufAZdy5X6mxktYn1Fjiw,https://moxfield.com/decks/IdufAZdy5X6mxktYn1Fjiw,Ovalchase Daredevil,4,Creature — Human Pilot,ed3ba73e-58aa-417e-bd52-d7f93c80adc6,https://api.scryfall.com/cards/ed3ba73e-58aa-417e-bd52-d7f93c80adc6?format=image&version=normal
IdufAZdy5X6mxktYn1Fjiw,https://moxfield.com/decks/IdufAZdy5X6mxktYn1Fjiw,Sol Ring,1,Artifact,5bef0790-aa1b-4144-8391-338e59e86115,https://api.scryfall.com/cards/5bef0790-aa1b-4144-8391-338e59e86115?format=image&version=normal
IdufAZdy5X6mxktYn1Fjiw,https://moxfield.com/decks/IdufAZdy5X6mxktYn1Fjiw,Street Wraith,4,Creature — Wraith,e1f8989a-0b43-4194-a0d6-f616309e78b0,https://api.scryfall.com/cards/e1f8989a-0b43-4194-a0d6-f616309e78b0?format=image&version=normal
IdufAZdy5X6mxktYn1Fjiw,https://moxfield.com/decks/IdufAZdy5X6mxktYn1Fjiw,The Underworld Cookbook,4,Artifact — Book,039d62b0-3309-4424-a2ea-5a0d88d4bd72,https://api.scryfall.com/cards/039d62b0-3309-4424-a2ea-5a0d88d4bd72?format=image&version=normal
IdufAZdy5X6mxktYn1Fjiw,https://moxfield.com/decks/IdufAZdy5X6mxktYn1Fjiw,Troll of Khazad-dûm,4,Creature — Troll,a6539e26-b63b-4725-9407-caaf451de084,https://api.scryfall.com/cards/a6539e26-b63b-4725-9407-caaf451de084?format=image&version=normal
J9OfAYf_wHmRFJHNi58yXA,https://www.moxfield.com/decks/J9OfAYf_wHmRFJHNi58yXA,Balance,1,Sorcery,39a28a50-3130-485d-975c-26a0f40681a3,https://api.scryfall.com/cards/39a28a50-3130-485d-975c-26a0f40681a3?format=image&version=normal
J9OfAYf_wHmRFJHNi58yXA,https://www.moxfield.com/decks/J9OfAYf_wHmRFJHNi58yXA,Dig Through Time,1,Instant,020939d6-72f0-4aa0-9ac2-d16cc896cd7f,https://api.scryfall.com/cards/020939d6-72f0-4aa0-9ac2-d16cc896cd7f?format=image&version=normal
J9OfAYf_wHmRFJHNi58yXA,https://www.moxfield.com/decks/J9OfAYf_wHmRFJHNi58yXA,Doorkeeper Thrull,2,Creature — Thrull,80a1cd28-d2a5-4d1a-aa03-a6a5958ae432,https://api.scryfall.com/cards/80a1cd28-d2a5-4d1a-aa03-a6a5958ae432?format=image&version=normal
J9OfAYf_wHmRFJHNi58yXA,https://www.moxfield.com/decks/J9OfAYf_wHmRFJHNi58yXA,Dress Down,4,Enchantment,07ea7524-ed53-48b5-b273-cdec85e699ac,https://api.scryfall.com/cards/07ea7524-ed53-48b5-b273-cdec85e699ac?format=image&version=normal
J9OfAYf_wHmRFJHNi58yXA,https://www.moxfield.com/decks/J9OfAYf_wHmRFJHNi58yXA,Lose Focus,3,Instant,985bdb0c-ce6c-4506-8163-76f3b2fdf5fb,https://api.scryfall.com/cards/985bdb0c-ce6c-4506-8163-76f3b2fdf5fb?format=image&version=normal
J9OfAYf_wHmRFJHNi58yXA,https://www.moxfield.com/decks/J9OfAYf_wHmRFJHNi58yXA,Mana Leak,2,Instant,a7c7757d-8036-4b33-a1cb-07795d392588,https://api.scryfall.com/cards/a7c7757d-8036-4b33-a1cb-07795d392588?format=image&version=normal
J9OfAYf_wHmRFJHNi58yXA,https://www.moxfield.com/decks/J9OfAYf_wHmRFJHNi58yXA,Memory Deluge,3,Instant,dc00fd1b-3dd9-492a-9ed4-0b6743074730,https://api.scryfall.com/cards/dc00fd1b-3dd9-492a-9ed4-0b6743074730?format=image&version=normal
J9OfAYf_wHmRFJHNi58yXA,https://www.moxfield.com/decks/J9OfAYf_wHmRFJHNi58yXA,Nulldrifter,4,Creature — Eldrazi Elemental,4d9f1bb8-c91b-40cd-a416-abbff0d65306,https://api.scryfall.com/cards/4d9f1bb8-c91b-40cd-a416-abbff0d65306?format=image&version=normal
J9OfAYf_wHmRFJHNi58yXA,https://www.moxfield.com/decks/J9OfAYf_wHmRFJHNi58yXA,Preordain,4,Sorcery,78d22ece-0cb1-4faf-a871-995449c1a41f,https://api.scryfall.com/cards/78d22ece-0cb1-4faf-a871-995449c1a41f?format=image&version=normal
J9OfAYf_wHmRFJHNi58yXA,https://www.moxfield.com/decks/J9OfAYf_wHmRFJHNi58yXA,Shatter the Sky,2,Sorcery,b706977b-db8e-4810-882d-ed3745404489,https://api.scryfall.com/cards/b706977b-db8e-4810-882d-ed3745404489?format=image&version=normal
J9OfAYf_wHmRFJHNi58yXA,https://www.moxfield.com/decks/J9OfAYf_wHmRFJHNi58yXA,Sol Ring,1,Artifact,a739dd30-1fce-49db-99fb-15e346f4f2db,https://api.scryfall.com/cards/a739dd30-1fce-49db-99fb-15e346f4f2db?format=image&version=normal
J9OfAYf_wHmRFJHNi58yXA,https://www.moxfield.com/decks/J9OfAYf_wHmRFJHNi58yXA,Spell Pierce,2,Instant,6bf4dfc0-c58b-4535-b660-54ceaa6e0217,https://api.scryfall.com/cards/6bf4dfc0-c58b-4535-b660-54ceaa6e0217?format=image&version=normal
J9OfAYf_wHmRFJHNi58yXA,https://www.moxfield.com/decks/J9OfAYf_wHmRFJHNi58yXA,Stoic Sphinx,2,Creature — Sphinx,d61e1073-50e5-4c72-883d-f989de4d6e2b,https://api.scryfall.com/cards/d61e1073-50e5-4c72-883d-f989de4d6e2b?format=image&version=normal
J9OfAYf_wHmRFJHNi58yXA,https://www.moxfield.com/decks/J9OfAYf_wHmRFJHNi58yXA,Swords to Plowshares,4,Instant,3b701a88-6074-476f-b87c-9a6d5d22c414,https://api.scryfall.com/cards/3b701a88-6074-476f-b87c-9a6d5d22c414?format=image&version=normal
LfifAYIbrn6yAqrpHhFHIg,https://www.moxfield.com/decks/LfifAYIbrn6yAqrpHhFHIg,Amped Raptor,4,Creature — Dinosaur,1ac0e78b-0fdd-44f9-8b7b-c4f28a32782e,https://api.scryfall.com/cards/1ac0e78b-0fdd-44f9-8b7b-c4f28a32782e?format=image&version=normal
LfifAYIbrn6yAqrpHhFHIg,https://www.moxfield.com/decks/LfifAYIbrn6yAqrpHhFHIg,Balance,1,Sorcery,39a28a50-3130-485d-975c-26a0f40681a3,https://api.scryfall.com/cards/39a28a50-3130-485d-975c-26a0f40681a3?format=image&version=normal
LfifAYIbrn6yAqrpHhFHIg,https://www.moxfield.com/decks/LfifAYIbrn6yAqrpHhFHIg,Boom // Bust,4,Sorcery // Sorcery,8ffdee1b-bb5d-44e6-a90d-6f9e9266d4fd,https://api.scryfall.com/cards/8ffdee1b-bb5d-44e6-a90d-6f9e9266d4fd?format=image&version=normal
LfifAYIbrn6yAqrpHhFHIg,https://www.moxfield.com/decks/LfifAYIbrn6yAqrpHhFHIg,Caves of Chaos Adventurer,4,Creature — Human Barbarian,45fd73bc-edd9-4629-aa8a-8a2999949c70,https://api.scryfall.com/cards/45fd73bc-edd9-4629-aa8a-8a2999949c70?format=image&version=normal
LfifAYIbrn6yAqrpHhFHIg,https://www.moxfield.com/decks/LfifAYIbrn6yAqrpHhFHIg,Cleansing Wildfire,4,Sorcery,492d77e5-acc6-41b8-8930-f39d69234919,https://api.scryfall.com/cards/492d77e5-acc6-41b8-8930-f39d69234919?format=image&version=normal
LfifAYIbrn6yAqrpHhFHIg,https://www.moxfield.com/decks/LfifAYIbrn6yAqrpHhFHIg,Galvanic Discharge,4,Instant,32aa6e33-221f-414c-9b51-850d97a7e051,https://api.scryfall.com/cards/32aa6e33-221f-414c-9b51-850d97a7e051?format=image&version=normal
LfifAYIbrn6yAqrpHhFHIg,https://www.moxfield.com/decks/LfifAYIbrn6yAqrpHhFHIg,Sol Ring,1,Artifact,a739dd30-1fce-49db-99fb-15e346f4f2db,https://api.scryfall.com/cards/a739dd30-1fce-49db-99fb-15e346f4f2db?format=image&version=normal
LfifAYIbrn6yAqrpHhFHIg,https://www.moxfield.com/decks/LfifAYIbrn6yAqrpHhFHIg,Static Prison,4,Enchantment,dd16222e-349c-4a2b-a7c8-8eb35a8ab332,https://api.scryfall.com/cards/dd16222e-349c-4a2b-a7c8-8eb35a8ab332?format=image&version=normal
LfifAYIbrn6yAqrpHhFHIg,https://www.moxfield.com/decks/LfifAYIbrn6yAqrpHhFHIg,Synth Eradicator,3,Artifact Creature — Synth Soldier,87fc7b54-26e5-4b0d-b2bb-be8f977f752b,https://api.scryfall.com/cards/87fc7b54-26e5-4b0d-b2bb-be8f977f752b?format=image&version=normal
LfifAYIbrn6yAqrpHhFHIg,https://www.moxfield.com/decks/LfifAYIbrn6yAqrpHhFHIg,Undermountain Adventurer,3,Creature — Giant Warrior,5c5f3d5a-2d94-4765-bf51-192d7f6021b1,https://api.scryfall.com/cards/5c5f3d5a-2d94-4765-bf51-192d7f6021b1?format=image&version=normal
LfifAYIbrn6yAqrpHhFHIg,https://www.moxfield.com/decks/LfifAYIbrn6yAqrpHhFHIg,Unstable Amulet,4,Artifact,9d9949f5-8d6c-4ea9-b203-99e8a57a6c60,https://api.scryfall.com/cards/9d9949f5-8d6c-4ea9-b203-99e8a57a6c60?format=image&version=normal
LfifAYIbrn6yAqrpHhFHIg,https://www.moxfield.com/decks/LfifAYIbrn6yAqrpHhFHIg,Wrath of the Skies,2,Sorcery,4ef1882e-b422-4f30-8a6c-bd71c2601660,https://api.scryfall.com/cards/4ef1882e-b422-4f30-8a6c-bd71c2601660?format=image&version=normal
NtCgAX67JHKO_62r-QLDCA,https://moxfield.com/decks/NtCgAX67JHKO_62r-QLDCA,Drannith Healer,3,Creature — Human Cleric,ff5a821c-eaec-4f69-97c7-8299cdebc2f4,https://api.scryfall.com/cards/ff5a821c-eaec-4f69-97c7-8299cdebc2f4?format=image&version=normal
NtCgAX67JHKO_62r-QLDCA,https://moxfield.com/decks/NtCgAX67JHKO_62r-QLDCA,Drannith Stinger,4,Creature — Human Wizard,612ee4be-e7a2-423c-a37c-7c6ca97f630e,https://api.scryfall.com/cards/612ee4be-e7a2-423c-a37c-7c6ca97f630e?format=image&version=normal
NtCgAX67JHKO_62r-QLDCA,https://moxfield.com/decks/NtCgAX67JHKO_62r-QLDCA,Flourishing Fox,4,Creature — Fox,78b81339-746d-4f71-9943-01c0f6a5683a,https://api.scryfall.com/cards/78b81339-746d-4f71-9943-01c0f6a5683a?format=image&version=normal
NtCgAX67JHKO_62r-QLDCA,https://moxfield.com/decks/NtCgAX67JHKO_62r-QLDCA,Fluctuator,4,Artifact,c06a2fb3-d933-461f-bcf8-5c614bb75d0b,https://api.scryfall.com/cards/c06a2fb3-d933-461f-bcf8-5c614bb75d0b?format=image&version=normal
NtCgAX67JHKO_62r-QLDCA,https://moxfield.com/decks/NtCgAX67JHKO_62r-QLDCA,Footfall Crater,2,Enchantment — Aura,f080d1bb-282b-4008-ab58-1a82e4bb7766,https://api.scryfall.com/cards/f080d1bb-282b-4008-ab58-1a82e4bb7766?format=image&version=normal
NtCgAX67JHKO_62r-QLDCA,https://moxfield.com/decks/NtCgAX67JHKO_62r-QLDCA,Gitaxian Probe,1,Sorcery,b1234467-0f96-4021-ab3c-b4111815168f,https://api.scryfall.com/cards/b1234467-0f96-4021-ab3c-b4111815168f?format=image&version=normal
NtCgAX67JHKO_62r-QLDCA,https://moxfield.com/decks/NtCgAX67JHKO_62r-QLDCA,Hollow One,2,Artifact Creature — Golem,af323aac-9796-4803-b08b-08f8d72ae074,https://api.scryfall.com/cards/af323aac-9796-4803-b08b-08f8d72ae074?format=image&version=normal
NtCgAX67JHKO_62r-QLDCA,https://moxfield.com/decks/NtCgAX67JHKO_62r-QLDCA,Jolted Awake,4,Sorcery,f773a79f-ad0f-45c9-bcf5-44ba5e992729,https://api.scryfall.com/cards/f773a79f-ad0f-45c9-bcf5-44ba5e992729?format=image&version=normal
NtCgAX67JHKO_62r-QLDCA,https://moxfield.com/decks/NtCgAX67JHKO_62r-QLDCA,Marauding Mako,3,Creature — Shark Pirate,9efbfd67-e0f5-43e0-9fff-1eb4a2bed0d8,https://api.scryfall.com/cards/9efbfd67-e0f5-43e0-9fff-1eb4a2bed0d8?format=image&version=normal
NtCgAX67JHKO_62r-QLDCA,https://moxfield.com/decks/NtCgAX67JHKO_62r-QLDCA,Miscalculation,4,Instant,b332dda4-04d4-43da-83d4-c50484bcdcff,https://api.scryfall.com/cards/b332dda4-04d4-43da-83d4-c50484bcdcff?format=image&version=normal
NtCgAX67JHKO_62r-QLDCA,https://moxfield.com/decks/NtCgAX67JHKO_62r-QLDCA,Street Wraith,4,Creature — Wraith,5d09cc57-2275-4b6b-aaf6-a6d781cd9365,https://api.scryfall.com/cards/5d09cc57-2275-4b6b-aaf6-a6d781cd9365?format=image&version=normal
NtCgAX67JHKO_62r-QLDCA,https://moxfield.com/decks/NtCgAX67JHKO_62r-QLDCA,Vile Manifestation,2,Creature — Horror,7160bc31-bdfa-4654-9d69-95ee2a5fe870,https://api.scryfall.com/cards/7160bc31-bdfa-4654-9d69-95ee2a5fe870?format=image&version=normal
ONCgAZC8RHmtwnTWnsk8ug,https://moxfield.com/decks/ONCgAZC8RHmtwnTWnsk8ug,Currency Converter,4,Artifact,4eab054c-93f8-4da4-afb9-8f4c73c19213,https://api.scryfall.com/cards/4eab054c-93f8-4da4-afb9-8f4c73c19213?format=image&version=normal
ONCgAZC8RHmtwnTWnsk8ug,https://moxfield.com/decks/ONCgAZC8RHmtwnTWnsk8ug,Faithless Looting,4,Sorcery,5aeda464-e71e-4e89-b355-237680bc1a7b,https://api.scryfall.com/cards/5aeda464-e71e-4e89-b355-237680bc1a7b?format=image&version=normal
ONCgAZC8RHmtwnTWnsk8ug,https://moxfield.com/decks/ONCgAZC8RHmtwnTWnsk8ug,Hardened Academic,4,Creature — Bird Cleric,435ef3d4-ff49-4218-9735-7241b5e843d9,https://api.scryfall.com/cards/435ef3d4-ff49-4218-9735-7241b5e843d9?format=image&version=normal
ONCgAZC8RHmtwnTWnsk8ug,https://moxfield.com/decks/ONCgAZC8RHmtwnTWnsk8ug,"Ivora, Insatiable Heir",3,Legendary Creature — Vampire Warrior,2ba70366-b6ae-423a-a8d8-29d2b8afd939,https://api.scryfall.com/cards/2ba70366-b6ae-423a-a8d8-29d2b8afd939?format=image&version=normal
ONCgAZC8RHmtwnTWnsk8ug,https://moxfield.com/decks/ONCgAZC8RHmtwnTWnsk8ug,Jolted Awake,2,Sorcery,f773a79f-ad0f-45c9-bcf5-44ba5e992729,https://api.scryfall.com/cards/f773a79f-ad0f-45c9-bcf5-44ba5e992729?format=image&version=normal
ONCgAZC8RHmtwnTWnsk8ug,https://moxfield.com/decks/ONCgAZC8RHmtwnTWnsk8ug,Lightning Bolt,4,Instant,e89794ab-6070-4916-936f-2b42fe41d31b,https://api.scryfall.com/cards/e89794ab-6070-4916-936f-2b42fe41d31b?format=image&version=normal
ONCgAZC8RHmtwnTWnsk8ug,https://moxfield.com/decks/ONCgAZC8RHmtwnTWnsk8ug,March of Otherworldly Light,4,Instant,7f964a0a-54b6-42a7-bb31-18f3a2e2e0f7,https://api.scryfall.com/cards/7f964a0a-54b6-42a7-bb31-18f3a2e2e0f7?format=image&version=normal
ONCgAZC8RHmtwnTWnsk8ug,https://moxfield.com/decks/ONCgAZC8RHmtwnTWnsk8ug,Pursue the Past,2,Sorcery,4584d5f7-b1f1-4c8e-80c5-ad35e44a968e,https://api.scryfall.com/cards/4584d5f7-b1f1-4c8e-80c5-ad35e44a968e?format=image&version=normal
ONCgAZC8RHmtwnTWnsk8ug,https://moxfield.com/decks/ONCgAZC8RHmtwnTWnsk8ug,"Quintorius, History Chaser",3,Legendary Planeswalker — Quintorius,0742f19d-179c-43c4-ab95-4160c56b4384,https://api.scryfall.com/cards/0742f19d-179c-43c4-ab95-4160c56b4384?format=image&version=normal
ONCgAZC8RHmtwnTWnsk8ug,https://moxfield.com/decks/ONCgAZC8RHmtwnTWnsk8ug,"Squee, Goblin Nabob",4,Legendary Creature — Goblin,8aabc541-ff2a-416f-a973-44eda8ec4706,https://api.scryfall.com/cards/8aabc541-ff2a-416f-a973-44eda8ec4706?format=image&version=normal
ONCgAZC8RHmtwnTWnsk8ug,https://moxfield.com/decks/ONCgAZC8RHmtwnTWnsk8ug,Veteran Survivor,4,Creature — Human Survivor,39368ea2-f665-40b1-b042-c0182f7c6df0,https://api.scryfall.com/cards/39368ea2-f665-40b1-b042-c0182f7c6df0?format=image&version=normal
PqygAVFds36j-Sz1wXrIIQ,https://www.moxfield.com/decks/PqygAVFds36j-Sz1wXrIIQ,Figure of Fable,2,Creature — Kithkin,e0ef33dd-5f6d-48fa-8ef6-a8092868d50f,https://api.scryfall.com/cards/e0ef33dd-5f6d-48fa-8ef6-a8092868d50f?format=image&version=normal
PqygAVFds36j-Sz1wXrIIQ,https://www.moxfield.com/decks/PqygAVFds36j-Sz1wXrIIQ,Flicker of Fate,3,Instant,59e19bac-176c-4e37-bfc8-27c00de7c37f,https://api.scryfall.com/cards/59e19bac-176c-4e37-bfc8-27c00de7c37f?format=image&version=normal
PqygAVFds36j-Sz1wXrIIQ,https://www.moxfield.com/decks/PqygAVFds36j-Sz1wXrIIQ,March of Otherworldly Light,4,Instant,7f964a0a-54b6-42a7-bb31-18f3a2e2e0f7,https://api.scryfall.com/cards/7f964a0a-54b6-42a7-bb31-18f3a2e2e0f7?format=image&version=normal
PqygAVFds36j-Sz1wXrIIQ,https://www.moxfield.com/decks/PqygAVFds36j-Sz1wXrIIQ,Origin of Spider-Man,2,Enchantment — Saga,a10a7da7-d9cb-495a-9c9f-205d355c390d,https://api.scryfall.com/cards/a10a7da7-d9cb-495a-9c9f-205d355c390d?format=image&version=normal
PqygAVFds36j-Sz1wXrIIQ,https://www.moxfield.com/decks/PqygAVFds36j-Sz1wXrIIQ,Origin of the Avengers,2,Enchantment — Saga,9b0701e8-e365-425a-b897-92f4df9edcb8,https://api.scryfall.com/cards/9b0701e8-e365-425a-b897-92f4df9edcb8?format=image&version=normal
PqygAVFds36j-Sz1wXrIIQ,https://www.moxfield.com/decks/PqygAVFds36j-Sz1wXrIIQ,Scholar of New Horizons,4,Creature — Human Scout,99e1d96f-c326-49b2-9a24-6e3e5465047e,https://api.scryfall.com/cards/99e1d96f-c326-49b2-9a24-6e3e5465047e?format=image&version=normal
PqygAVFds36j-Sz1wXrIIQ,https://www.moxfield.com/decks/PqygAVFds36j-Sz1wXrIIQ,Smuggler's Copter,3,Artifact — Vehicle,c75513ba-5d95-4181-ad19-742072546ac6,https://api.scryfall.com/cards/c75513ba-5d95-4181-ad19-742072546ac6?format=image&version=normal
PqygAVFds36j-Sz1wXrIIQ,https://www.moxfield.com/decks/PqygAVFds36j-Sz1wXrIIQ,Sol Ring,1,Artifact,83a0f2eb-2f6d-4aaa-b7a9-ea06d5de7eca,https://api.scryfall.com/cards/83a0f2eb-2f6d-4aaa-b7a9-ea06d5de7eca?format=image&version=normal
PqygAVFds36j-Sz1wXrIIQ,https://www.moxfield.com/decks/PqygAVFds36j-Sz1wXrIIQ,Soul-Guide Lantern,2,Artifact,6d3ff537-86f0-405e-b96b-1250720af031,https://api.scryfall.com/cards/6d3ff537-86f0-405e-b96b-1250720af031?format=image&version=normal
PqygAVFds36j-Sz1wXrIIQ,https://www.moxfield.com/decks/PqygAVFds36j-Sz1wXrIIQ,Spirited Companion,2,Enchantment Creature — Dog,fbfbcd67-914c-44df-8476-b7f16bc2bd53,https://api.scryfall.com/cards/fbfbcd67-914c-44df-8476-b7f16bc2bd53?format=image&version=normal
PqygAVFds36j-Sz1wXrIIQ,https://www.moxfield.com/decks/PqygAVFds36j-Sz1wXrIIQ,Summon: Yojimbo,2,Enchantment Creature — Saga Samurai,cdbc2d28-ea35-47c6-af7e-07924e9d5794,https://api.scryfall.com/cards/cdbc2d28-ea35-47c6-af7e-07924e9d5794?format=image&version=normal
PqygAVFds36j-Sz1wXrIIQ,https://www.moxfield.com/decks/PqygAVFds36j-Sz1wXrIIQ,Sun Titan,1,Creature — Giant,e135d544-2a3e-4b22-ae4d-6c2203769e2a,https://api.scryfall.com/cards/e135d544-2a3e-4b22-ae4d-6c2203769e2a?format=image&version=normal
PqygAVFds36j-Sz1wXrIIQ,https://www.moxfield.com/decks/PqygAVFds36j-Sz1wXrIIQ,Swords to Plowshares,2,Instant,06554274-78ee-4bfc-b203-b81cb4639427,https://api.scryfall.com/cards/06554274-78ee-4bfc-b203-b81cb4639427?format=image&version=normal
PqygAVFds36j-Sz1wXrIIQ,https://www.moxfield.com/decks/PqygAVFds36j-Sz1wXrIIQ,The Restoration of Eiganjo // Architect of Restoration,4,Enchantment — Saga // Enchantment Creature — Fox Monk,a11a33ae-e7fa-4bd4-8cd8-3a3239a29bcc,https://api.scryfall.com/cards/a11a33ae-e7fa-4bd4-8cd8-3a3239a29bcc?format=image&version=normal
PqygAVFds36j-Sz1wXrIIQ,https://www.moxfield.com/decks/PqygAVFds36j-Sz1wXrIIQ,Thraben Inspector,3,Creature — Human Soldier,9b65852b-b748-4263-a5aa-7a44e891c582,https://api.scryfall.com/cards/9b65852b-b748-4263-a5aa-7a44e891c582?format=image&version=normal
PqygAVFds36j-Sz1wXrIIQ,https://www.moxfield.com/decks/PqygAVFds36j-Sz1wXrIIQ,Timeless Dragon,2,Creature — Dragon,21070f13-42b3-40c6-8909-25337be6ea6d,https://api.scryfall.com/cards/21070f13-42b3-40c6-8909-25337be6ea6d?format=image&version=normal
Q9CgAWgTx3q6tAXlHb3pZQ,https://moxfield.com/decks/Q9CgAWgTx3q6tAXlHb3pZQ,Amped Raptor,4,Creature — Dinosaur,1ac0e78b-0fdd-44f9-8b7b-c4f28a32782e,https://api.scryfall.com/cards/1ac0e78b-0fdd-44f9-8b7b-c4f28a32782e?format=image&version=normal
Q9CgAWgTx3q6tAXlHb3pZQ,https://moxfield.com/decks/Q9CgAWgTx3q6tAXlHb3pZQ,Chain Lightning,4,Sorcery,fda4c062-4227-486b-875d-b310573ee72b,https://api.scryfall.com/cards/fda4c062-4227-486b-875d-b310573ee72b?format=image&version=normal
Q9CgAWgTx3q6tAXlHb3pZQ,https://moxfield.com/decks/Q9CgAWgTx3q6tAXlHb3pZQ,Galvanic Discharge,2,Instant,32aa6e33-221f-414c-9b51-850d97a7e051,https://api.scryfall.com/cards/32aa6e33-221f-414c-9b51-850d97a7e051?format=image&version=normal
Q9CgAWgTx3q6tAXlHb3pZQ,https://moxfield.com/decks/Q9CgAWgTx3q6tAXlHb3pZQ,Goblin Guide,4,Creature — Goblin Scout,1aac57a6-29c0-4ccb-b825-b1e04ae0ea3e,https://api.scryfall.com/cards/1aac57a6-29c0-4ccb-b825-b1e04ae0ea3e?format=image&version=normal
Q9CgAWgTx3q6tAXlHb3pZQ,https://moxfield.com/decks/Q9CgAWgTx3q6tAXlHb3pZQ,Hired Claw,4,Creature — Lizard Mercenary,1ae41080-0d67-4719-adb2-49bf2a268b6c,https://api.scryfall.com/cards/1ae41080-0d67-4719-adb2-49bf2a268b6c?format=image&version=normal
Q9CgAWgTx3q6tAXlHb3pZQ,https://moxfield.com/decks/Q9CgAWgTx3q6tAXlHb3pZQ,Kumano Faces Kakkazan // Etching of Kumano,2,Enchantment — Saga // Enchantment Creature — Human Shaman,28d92cad-45b0-479d-97fc-c175f3a3f259,https://api.scryfall.com/cards/28d92cad-45b0-479d-97fc-c175f3a3f259?format=image&version=normal
Q9CgAWgTx3q6tAXlHb3pZQ,https://moxfield.com/decks/Q9CgAWgTx3q6tAXlHb3pZQ,"Laelia, the Blade Reforged",2,Legendary Creature — Spirit Warrior,2cb16354-1211-4230-90e2-4858ba68f348,https://api.scryfall.com/cards/2cb16354-1211-4230-90e2-4858ba68f348?format=image&version=normal
Q9CgAWgTx3q6tAXlHb3pZQ,https://moxfield.com/decks/Q9CgAWgTx3q6tAXlHb3pZQ,Lightning Bolt,4,Instant,e89794ab-6070-4916-936f-2b42fe41d31b,https://api.scryfall.com/cards/e89794ab-6070-4916-936f-2b42fe41d31b?format=image&version=normal
Q9CgAWgTx3q6tAXlHb3pZQ,https://moxfield.com/decks/Q9CgAWgTx3q6tAXlHb3pZQ,Maddening Hex,3,Enchantment — Aura Curse,699efd96-3e68-46fd-897d-cf95a16a8863,https://api.scryfall.com/cards/699efd96-3e68-46fd-897d-cf95a16a8863?format=image&version=normal
Q9CgAWgTx3q6tAXlHb3pZQ,https://moxfield.com/decks/Q9CgAWgTx3q6tAXlHb3pZQ,Sawhorn Nemesis,2,Creature — Dinosaur,b3f1c76f-9afc-47b1-a223-4ff5aab91c3a,https://api.scryfall.com/cards/b3f1c76f-9afc-47b1-a223-4ff5aab91c3a?format=image&version=normal
Q9CgAWgTx3q6tAXlHb3pZQ,https://moxfield.com/decks/Q9CgAWgTx3q6tAXlHb3pZQ,Sol Ring,1,Artifact,9a34ac23-e318-4c0b-ab4c-e1eaa0e2547e,https://api.scryfall.com/cards/9a34ac23-e318-4c0b-ab4c-e1eaa0e2547e?format=image&version=normal
Q9CgAWgTx3q6tAXlHb3pZQ,https://moxfield.com/decks/Q9CgAWgTx3q6tAXlHb3pZQ,"Stick, Fearless Mentor",3,Legendary Creature — Human Monk Hero,75147899-6eda-41dd-acec-cfe09dc38ba2,https://api.scryfall.com/cards/75147899-6eda-41dd-acec-cfe09dc38ba2?format=image&version=normal
Q9CgAWgTx3q6tAXlHb3pZQ,https://moxfield.com/decks/Q9CgAWgTx3q6tAXlHb3pZQ,Unstable Amulet,4,Artifact,9d9949f5-8d6c-4ea9-b203-99e8a57a6c60,https://api.scryfall.com/cards/9d9949f5-8d6c-4ea9-b203-99e8a57a6c60?format=image&version=normal
Qo2gAZe1THm7AtHuRLEYMw,https://moxfield.com/decks/Qo2gAZe1THm7AtHuRLEYMw,Baron Helmut Zemo,3,Legendary Creature — Human Noble Villain,c2aadc25-7755-4bc8-a8af-b01d27eec364,https://api.scryfall.com/cards/c2aadc25-7755-4bc8-a8af-b01d27eec364?format=image&version=normal
Qo2gAZe1THm7AtHuRLEYMw,https://moxfield.com/decks/Qo2gAZe1THm7AtHuRLEYMw,Dauthi Voidwalker,2,Creature — Dauthi Rogue,ee10e249-5000-4348-8e8e-6b9ac879db12,https://api.scryfall.com/cards/ee10e249-5000-4348-8e8e-6b9ac879db12?format=image&version=normal
Qo2gAZe1THm7AtHuRLEYMw,https://moxfield.com/decks/Qo2gAZe1THm7AtHuRLEYMw,Deep-Cavern Bat,4,Creature — Bat,69c68c95-b788-43b1-9f22-1b22c5a00b25,https://api.scryfall.com/cards/69c68c95-b788-43b1-9f22-1b22c5a00b25?format=image&version=normal
Qo2gAZe1THm7AtHuRLEYMw,https://moxfield.com/decks/Qo2gAZe1THm7AtHuRLEYMw,Dream Beavers,4,Creature — Beaver Nightmare,600e3bc1-9777-4057-a11e-4f61582636c6,https://api.scryfall.com/cards/600e3bc1-9777-4057-a11e-4f61582636c6?format=image&version=normal
Qo2gAZe1THm7AtHuRLEYMw,https://moxfield.com/decks/Qo2gAZe1THm7AtHuRLEYMw,Elegy Acolyte,2,Creature — Human Cleric,c69ed7c7-1f49-4299-b3e6-75150258ac59,https://api.scryfall.com/cards/c69ed7c7-1f49-4299-b3e6-75150258ac59?format=image&version=normal
Qo2gAZe1THm7AtHuRLEYMw,https://moxfield.com/decks/Qo2gAZe1THm7AtHuRLEYMw,Faerie Dreamthief,3,Creature — Faerie Warlock,57ca2ec5-442d-4909-be28-93c50fbc5f7a,https://api.scryfall.com/cards/57ca2ec5-442d-4909-be28-93c50fbc5f7a?format=image&version=normal
Qo2gAZe1THm7AtHuRLEYMw,https://moxfield.com/decks/Qo2gAZe1THm7AtHuRLEYMw,Fatal Push,4,Instant,2430f223-edb2-402b-a85b-5d328323992d,https://api.scryfall.com/cards/2430f223-edb2-402b-a85b-5d328323992d?format=image&version=normal
Qo2gAZe1THm7AtHuRLEYMw,https://moxfield.com/decks/Qo2gAZe1THm7AtHuRLEYMw,"Gix, Yawgmoth Praetor",4,Legendary Creature — Phyrexian Praetor,135c5948-4c95-4f24-b648-eda55ab637c8,https://api.scryfall.com/cards/135c5948-4c95-4f24-b648-eda55ab637c8?format=image&version=normal
Qo2gAZe1THm7AtHuRLEYMw,https://moxfield.com/decks/Qo2gAZe1THm7AtHuRLEYMw,Go for the Throat,4,Instant,7fdafc6a-a53e-421d-8494-2a34f945d178,https://api.scryfall.com/cards/7fdafc6a-a53e-421d-8494-2a34f945d178?format=image&version=normal
Qo2gAZe1THm7AtHuRLEYMw,https://moxfield.com/decks/Qo2gAZe1THm7AtHuRLEYMw,Hymn to Tourach,4,Sorcery,58e125c6-81dc-4907-aad2-2ccd1cb166f0,https://api.scryfall.com/cards/58e125c6-81dc-4907-aad2-2ccd1cb166f0?format=image&version=normal
Qo2gAZe1THm7AtHuRLEYMw,https://moxfield.com/decks/Qo2gAZe1THm7AtHuRLEYMw,Inquisition of Kozilek,2,Sorcery,5c1d4835-c662-4deb-b8f9-cd7b04948edf,https://api.scryfall.com/cards/5c1d4835-c662-4deb-b8f9-cd7b04948edf?format=image&version=normal
Qo2gAZe1THm7AtHuRLEYMw,https://moxfield.com/decks/Qo2gAZe1THm7AtHuRLEYMw,Voldaren Bloodcaster // Bloodbat Summoner,2,Creature — Vampire Wizard // Creature — Vampire Wizard,4b4390f4-451f-4575-96e0-dc4dcb45ad8f,https://api.scryfall.com/cards/4b4390f4-451f-4575-96e0-dc4dcb45ad8f?format=image&version=normal
SJugAd0qDH2NtfILsbhgjw,https://moxfield.com/decks/SJugAd0qDH2NtfILsbhgjw,Archfiend of the Dross,4,Creature — Phyrexian Demon,5a4aad94-5b0e-4644-b331-39dae2a7e937,https://api.scryfall.com/cards/5a4aad94-5b0e-4644-b331-39dae2a7e937?format=image&version=normal
SJugAd0qDH2NtfILsbhgjw,https://moxfield.com/decks/SJugAd0qDH2NtfILsbhgjw,Baron Helmut Zemo,3,Legendary Creature — Human Noble Villain,c2aadc25-7755-4bc8-a8af-b01d27eec364,https://api.scryfall.com/cards/c2aadc25-7755-4bc8-a8af-b01d27eec364?format=image&version=normal
SJugAd0qDH2NtfILsbhgjw,https://moxfield.com/decks/SJugAd0qDH2NtfILsbhgjw,Blade of the Oni,3,Artifact Creature — Equipment Demon,b6bc3f71-b4ce-4c05-be3c-7a0faad476c3,https://api.scryfall.com/cards/b6bc3f71-b4ce-4c05-be3c-7a0faad476c3?format=image&version=normal
SJugAd0qDH2NtfILsbhgjw,https://moxfield.com/decks/SJugAd0qDH2NtfILsbhgjw,Fatal Push,4,Instant,2430f223-edb2-402b-a85b-5d328323992d,https://api.scryfall.com/cards/2430f223-edb2-402b-a85b-5d328323992d?format=image&version=normal
SJugAd0qDH2NtfILsbhgjw,https://moxfield.com/decks/SJugAd0qDH2NtfILsbhgjw,Go for the Throat,2,Instant,7fdafc6a-a53e-421d-8494-2a34f945d178,https://api.scryfall.com/cards/7fdafc6a-a53e-421d-8494-2a34f945d178?format=image&version=normal
SJugAd0qDH2NtfILsbhgjw,https://moxfield.com/decks/SJugAd0qDH2NtfILsbhgjw,Gray Merchant of Asphodel,3,Creature — Zombie,7c1a7dd8-8034-4f59-a351-33666b26ff5a,https://api.scryfall.com/cards/7c1a7dd8-8034-4f59-a351-33666b26ff5a?format=image&version=normal
SJugAd0qDH2NtfILsbhgjw,https://moxfield.com/decks/SJugAd0qDH2NtfILsbhgjw,Hymn to Tourach,4,Sorcery,5bc50e08-dd6f-4ea7-87f8-cce72bafb928,https://api.scryfall.com/cards/5bc50e08-dd6f-4ea7-87f8-cce72bafb928?format=image&version=normal
SJugAd0qDH2NtfILsbhgjw,https://moxfield.com/decks/SJugAd0qDH2NtfILsbhgjw,Inquisition of Kozilek,4,Sorcery,40a3b4a6-1f87-4060-896e-e05aee0cbfee,https://api.scryfall.com/cards/40a3b4a6-1f87-4060-896e-e05aee0cbfee?format=image&version=normal
SJugAd0qDH2NtfILsbhgjw,https://moxfield.com/decks/SJugAd0qDH2NtfILsbhgjw,Momentum Breaker,1,Enchantment,38513b53-384f-45e7-9905-80dd2c3c4918,https://api.scryfall.com/cards/38513b53-384f-45e7-9905-80dd2c3c4918?format=image&version=normal
SJugAd0qDH2NtfILsbhgjw,https://moxfield.com/decks/SJugAd0qDH2NtfILsbhgjw,Nightveil Specter,1,Creature — Specter,e3754b8c-16d2-41e3-b41b-4b2e70833e82,https://api.scryfall.com/cards/e3754b8c-16d2-41e3-b41b-4b2e70833e82?format=image&version=normal
SJugAd0qDH2NtfILsbhgjw,https://moxfield.com/decks/SJugAd0qDH2NtfILsbhgjw,Power Word Kill,2,Instant,8a8481f0-d110-4d0b-b8ba-8243be123d60,https://api.scryfall.com/cards/8a8481f0-d110-4d0b-b8ba-8243be123d60?format=image&version=normal
SJugAd0qDH2NtfILsbhgjw,https://moxfield.com/decks/SJugAd0qDH2NtfILsbhgjw,Preacher of the Schism,1,Creature — Vampire Cleric,8e99b588-79c7-4cfc-835b-0022b7201ddb,https://api.scryfall.com/cards/8e99b588-79c7-4cfc-835b-0022b7201ddb?format=image&version=normal
SJugAd0qDH2NtfILsbhgjw,https://moxfield.com/decks/SJugAd0qDH2NtfILsbhgjw,Qarsi Revenant,1,Creature — Vampire,03f54ff0-e10a-4f22-ada8-43b61d46ee75,https://api.scryfall.com/cards/03f54ff0-e10a-4f22-ada8-43b61d46ee75?format=image&version=normal
SJugAd0qDH2NtfILsbhgjw,https://moxfield.com/decks/SJugAd0qDH2NtfILsbhgjw,Unholy Annex // Ritual Chamber,4,Enchantment — Room // Enchantment — Room,0fb666ce-b2a5-4af1-8112-acad88715438,https://api.scryfall.com/cards/0fb666ce-b2a5-4af1-8112-acad88715438?format=image&version=normal
SJugAd0qDH2NtfILsbhgjw,https://moxfield.com/decks/SJugAd0qDH2NtfILsbhgjw,"Zodiark, Umbral God",1,Legendary Creature — God,9ba292d5-5139-42ea-950d-0a638445277f,https://api.scryfall.com/cards/9ba292d5-5139-42ea-950d-0a638445277f?format=image&version=normal
TaygAd_p6H-Bfl5V_rFD-A,https://www.moxfield.com/decks/TaygAd_p6H-Bfl5V_rFD-A,Arbor Elf,4,Creature — Elf Druid,b7d6b117-0c14-4455-92fc-29555ee75d97,https://api.scryfall.com/cards/b7d6b117-0c14-4455-92fc-29555ee75d97?format=image&version=normal
TaygAd_p6H-Bfl5V_rFD-A,https://www.moxfield.com/decks/TaygAd_p6H-Bfl5V_rFD-A,Bonecrusher Giant // Stomp,3,Creature — Giant // Instant — Adventure,3a6431fd-4b79-488e-a0c0-57731616bd08,https://api.scryfall.com/cards/3a6431fd-4b79-488e-a0c0-57731616bd08?format=image&version=normal
TaygAd_p6H-Bfl5V_rFD-A,https://www.moxfield.com/decks/TaygAd_p6H-Bfl5V_rFD-A,Caves of Chaos Adventurer,4,Creature — Human Barbarian,45fd73bc-edd9-4629-aa8a-8a2999949c70,https://api.scryfall.com/cards/45fd73bc-edd9-4629-aa8a-8a2999949c70?format=image&version=normal
TaygAd_p6H-Bfl5V_rFD-A,https://www.moxfield.com/decks/TaygAd_p6H-Bfl5V_rFD-A,Expedite,2,Instant,59c65eb7-4353-45ce-9c2e-1791c2804ccf,https://api.scryfall.com/cards/59c65eb7-4353-45ce-9c2e-1791c2804ccf?format=image&version=normal
TaygAd_p6H-Bfl5V_rFD-A,https://www.moxfield.com/decks/TaygAd_p6H-Bfl5V_rFD-A,Fury,4,Creature — Elemental Incarnation,932d0fb9-382d-464a-9427-b91fa2398cdb,https://api.scryfall.com/cards/932d0fb9-382d-464a-9427-b91fa2398cdb?format=image&version=normal
TaygAd_p6H-Bfl5V_rFD-A,https://www.moxfield.com/decks/TaygAd_p6H-Bfl5V_rFD-A,Heritage Reclamation,2,Instant,4f8fee37-a050-4329-8b10-46d150e7a95e,https://api.scryfall.com/cards/4f8fee37-a050-4329-8b10-46d150e7a95e?format=image&version=normal
TaygAd_p6H-Bfl5V_rFD-A,https://www.moxfield.com/decks/TaygAd_p6H-Bfl5V_rFD-A,"Laelia, the Blade Reforged",1,Legendary Creature — Spirit Warrior,2cb16354-1211-4230-90e2-4858ba68f348,https://api.scryfall.com/cards/2cb16354-1211-4230-90e2-4858ba68f348?format=image&version=normal
TaygAd_p6H-Bfl5V_rFD-A,https://www.moxfield.com/decks/TaygAd_p6H-Bfl5V_rFD-A,"Migloz, Maze Crusher",1,Legendary Creature — Phyrexian Beast,28470a4c-4767-47d4-bd18-3c2ebbff5906,https://api.scryfall.com/cards/28470a4c-4767-47d4-bd18-3c2ebbff5906?format=image&version=normal
TaygAd_p6H-Bfl5V_rFD-A,https://www.moxfield.com/decks/TaygAd_p6H-Bfl5V_rFD-A,"Minsc & Boo, Timeless Heroes",3,Legendary Planeswalker — Minsc,dc01ee03-3817-4fd4-a93d-cd1121e62d95,https://api.scryfall.com/cards/dc01ee03-3817-4fd4-a93d-cd1121e62d95?format=image&version=normal
TaygAd_p6H-Bfl5V_rFD-A,https://www.moxfield.com/decks/TaygAd_p6H-Bfl5V_rFD-A,Orcish Lumberjack,2,Creature — Orc,1f2f7d4b-aa65-42ed-a441-8e35be96743c,https://api.scryfall.com/cards/1f2f7d4b-aa65-42ed-a441-8e35be96743c?format=image&version=normal
TaygAd_p6H-Bfl5V_rFD-A,https://www.moxfield.com/decks/TaygAd_p6H-Bfl5V_rFD-A,Sol Ring,1,Artifact,83a0f2eb-2f6d-4aaa-b7a9-ea06d5de7eca,https://api.scryfall.com/cards/83a0f2eb-2f6d-4aaa-b7a9-ea06d5de7eca?format=image&version=normal
TaygAd_p6H-Bfl5V_rFD-A,https://www.moxfield.com/decks/TaygAd_p6H-Bfl5V_rFD-A,"Surrak, Elusive Hunter",1,Legendary Creature — Human Warrior,6132c2bd-953c-4de5-9a4b-fa5a4553bd0f,https://api.scryfall.com/cards/6132c2bd-953c-4de5-9a4b-fa5a4553bd0f?format=image&version=normal
TaygAd_p6H-Bfl5V_rFD-A,https://www.moxfield.com/decks/TaygAd_p6H-Bfl5V_rFD-A,Tinder Wall,2,Creature — Plant Wall,2a7c6489-21e9-4b86-a54a-b1e2f1fce318,https://api.scryfall.com/cards/2a7c6489-21e9-4b86-a54a-b1e2f1fce318?format=image&version=normal
TaygAd_p6H-Bfl5V_rFD-A,https://www.moxfield.com/decks/TaygAd_p6H-Bfl5V_rFD-A,Undermountain Adventurer,4,Creature — Giant Warrior,5c5f3d5a-2d94-4765-bf51-192d7f6021b1,https://api.scryfall.com/cards/5c5f3d5a-2d94-4765-bf51-192d7f6021b1?format=image&version=normal
TaygAd_p6H-Bfl5V_rFD-A,https://www.moxfield.com/decks/TaygAd_p6H-Bfl5V_rFD-A,Utopia Sprawl,2,Enchantment — Aura,44d14297-f84b-40bd-bd0a-b67d13787ca0,https://api.scryfall.com/cards/44d14297-f84b-40bd-bd0a-b67d13787ca0?format=image&version=normal
TaygAd_p6H-Bfl5V_rFD-A,https://www.moxfield.com/decks/TaygAd_p6H-Bfl5V_rFD-A,Wild Growth,4,Enchantment — Aura,8000c8f8-d4c3-4dbc-a73e-9b82b0478061,https://api.scryfall.com/cards/8000c8f8-d4c3-4dbc-a73e-9b82b0478061?format=image&version=normal
U5ugAcXu4HuhdsjdaNhyEQ,https://moxfield.com/decks/U5ugAcXu4HuhdsjdaNhyEQ,Condescend,4,Instant,e8303b80-e29a-46b8-90b0-c0cfe551b435,https://api.scryfall.com/cards/e8303b80-e29a-46b8-90b0-c0cfe551b435?format=image&version=normal
U5ugAcXu4HuhdsjdaNhyEQ,https://moxfield.com/decks/U5ugAcXu4HuhdsjdaNhyEQ,Expedition Map,4,Artifact,08e66835-c228-48fa-bcaa-eb96edbd4f5a,https://api.scryfall.com/cards/08e66835-c228-48fa-bcaa-eb96edbd4f5a?format=image&version=normal
U5ugAcXu4HuhdsjdaNhyEQ,https://moxfield.com/decks/U5ugAcXu4HuhdsjdaNhyEQ,Kimoyo Beads,2,Artifact,1138096a-0d7c-461b-af83-3c90f681722d,https://api.scryfall.com/cards/1138096a-0d7c-461b-af83-3c90f681722d?format=image&version=normal
U5ugAcXu4HuhdsjdaNhyEQ,https://moxfield.com/decks/U5ugAcXu4HuhdsjdaNhyEQ,Mindslaver,1,Legendary Artifact,c7c69630-eb56-4d62-ad14-556555ac14fe,https://api.scryfall.com/cards/c7c69630-eb56-4d62-ad14-556555ac14fe?format=image&version=normal
U5ugAcXu4HuhdsjdaNhyEQ,https://moxfield.com/decks/U5ugAcXu4HuhdsjdaNhyEQ,Monument to Perfection,1,Artifact,ab892e7b-6797-4ede-ab5d-d9d0fa488c80,https://api.scryfall.com/cards/ab892e7b-6797-4ede-ab5d-d9d0fa488c80?format=image&version=normal
U5ugAcXu4HuhdsjdaNhyEQ,https://moxfield.com/decks/U5ugAcXu4HuhdsjdaNhyEQ,Oblivion Stone,4,Artifact,b5876108-ffaa-4690-9dba-20f43aea29fe,https://api.scryfall.com/cards/b5876108-ffaa-4690-9dba-20f43aea29fe?format=image&version=normal
U5ugAcXu4HuhdsjdaNhyEQ,https://moxfield.com/decks/U5ugAcXu4HuhdsjdaNhyEQ,Remand,4,Instant,36de9999-8d0a-4174-8e38-549bacdc128b,https://api.scryfall.com/cards/36de9999-8d0a-4174-8e38-549bacdc128b?format=image&version=normal
U5ugAcXu4HuhdsjdaNhyEQ,https://moxfield.com/decks/U5ugAcXu4HuhdsjdaNhyEQ,Repeal,4,Instant,4acaef84-55d1-43dc-b10a-696182e6709b,https://api.scryfall.com/cards/4acaef84-55d1-43dc-b10a-696182e6709b?format=image&version=normal
U5ugAcXu4HuhdsjdaNhyEQ,https://moxfield.com/decks/U5ugAcXu4HuhdsjdaNhyEQ,Scour for Scrap,4,Instant,517d1b00-7ec4-489a-ac52-657da24a6379,https://api.scryfall.com/cards/517d1b00-7ec4-489a-ac52-657da24a6379?format=image&version=normal
U5ugAcXu4HuhdsjdaNhyEQ,https://moxfield.com/decks/U5ugAcXu4HuhdsjdaNhyEQ,Sol Ring,1,Artifact,8fb860f9-3729-436e-adfb-c98c2a389d5d,https://api.scryfall.com/cards/8fb860f9-3729-436e-adfb-c98c2a389d5d?format=image&version=normal
U5ugAcXu4HuhdsjdaNhyEQ,https://moxfield.com/decks/U5ugAcXu4HuhdsjdaNhyEQ,Soul-Guide Lantern,1,Artifact,6d3ff537-86f0-405e-b96b-1250720af031,https://api.scryfall.com/cards/6d3ff537-86f0-405e-b96b-1250720af031?format=image&version=normal
U5ugAcXu4HuhdsjdaNhyEQ,https://moxfield.com/decks/U5ugAcXu4HuhdsjdaNhyEQ,Spine of Ish Sah,2,Artifact,86cd428e-b60e-481c-8cdb-8e57f8cc59e3,https://api.scryfall.com/cards/86cd428e-b60e-481c-8cdb-8e57f8cc59e3?format=image&version=normal
U5ugAcXu4HuhdsjdaNhyEQ,https://moxfield.com/decks/U5ugAcXu4HuhdsjdaNhyEQ,Tinker,1,Sorcery,ff616131-289b-4eec-bef0-5f519d5a81a5,https://api.scryfall.com/cards/ff616131-289b-4eec-bef0-5f519d5a81a5?format=image&version=normal
U5ugAcXu4HuhdsjdaNhyEQ,https://moxfield.com/decks/U5ugAcXu4HuhdsjdaNhyEQ,Trading Post,3,Artifact,03499a72-e865-46ff-bcb2-75e53e4b600e,https://api.scryfall.com/cards/03499a72-e865-46ff-bcb2-75e53e4b600e?format=image&version=normal
U5ugAcXu4HuhdsjdaNhyEQ,https://moxfield.com/decks/U5ugAcXu4HuhdsjdaNhyEQ,Warping Wail,2,Instant,f2ef4db8-b51c-4f52-84f1-6fee31c4a14c,https://api.scryfall.com/cards/f2ef4db8-b51c-4f52-84f1-6fee31c4a14c?format=image&version=normal
UaygAaunsnGm2QOi5gr3iw,https://www.moxfield.com/decks/UaygAaunsnGm2QOi5gr3iw,Deduce,3,Instant,5ad92dbd-828e-425f-8cab-819a04ea9020,https://api.scryfall.com/cards/5ad92dbd-828e-425f-8cab-819a04ea9020?format=image&version=normal
UaygAaunsnGm2QOi5gr3iw,https://www.moxfield.com/decks/UaygAaunsnGm2QOi5gr3iw,Glimpse the Impossible,2,Sorcery,133ad0dd-5b61-4c38-9264-0b0e75b95d95,https://api.scryfall.com/cards/133ad0dd-5b61-4c38-9264-0b0e75b95d95?format=image&version=normal
UaygAaunsnGm2QOi5gr3iw,https://www.moxfield.com/decks/UaygAaunsnGm2QOi5gr3iw,Hard Evidence,4,Sorcery,d836754e-a45b-4a89-913a-949386a12fdf,https://api.scryfall.com/cards/d836754e-a45b-4a89-913a-949386a12fdf?format=image&version=normal
UaygAaunsnGm2QOi5gr3iw,https://www.moxfield.com/decks/UaygAaunsnGm2QOi5gr3iw,Indomitable Creativity,4,Sorcery,18cb625b-a41f-4f3b-8f56-257a3795aa8f,https://api.scryfall.com/cards/18cb625b-a41f-4f3b-8f56-257a3795aa8f?format=image&version=normal
UaygAaunsnGm2QOi5gr3iw,https://www.moxfield.com/decks/UaygAaunsnGm2QOi5gr3iw,Invasion of Mercadia // Kyren Flamewright,2,Battle — Siege // Creature — Goblin Spellshaper,407d6723-bf58-403e-b2ac-ba52c51d356f,https://api.scryfall.com/cards/407d6723-bf58-403e-b2ac-ba52c51d356f?format=image&version=normal
UaygAaunsnGm2QOi5gr3iw,https://www.moxfield.com/decks/UaygAaunsnGm2QOi5gr3iw,"Invasion of Segovia // Caetus, Sea Tyrant of Segovia",1,Battle — Siege // Legendary Creature — Serpent,9df3e743-7bb8-482a-afd1-4d51119d416c,https://api.scryfall.com/cards/9df3e743-7bb8-482a-afd1-4d51119d416c?format=image&version=normal
UaygAaunsnGm2QOi5gr3iw,https://www.moxfield.com/decks/UaygAaunsnGm2QOi5gr3iw,Lose Focus,2,Instant,985bdb0c-ce6c-4506-8163-76f3b2fdf5fb,https://api.scryfall.com/cards/985bdb0c-ce6c-4506-8163-76f3b2fdf5fb?format=image&version=normal
UaygAaunsnGm2QOi5gr3iw,https://www.moxfield.com/decks/UaygAaunsnGm2QOi5gr3iw,Mana Leak,3,Instant,a7c7757d-8036-4b33-a1cb-07795d392588,https://api.scryfall.com/cards/a7c7757d-8036-4b33-a1cb-07795d392588?format=image&version=normal
UaygAaunsnGm2QOi5gr3iw,https://www.moxfield.com/decks/UaygAaunsnGm2QOi5gr3iw,Prismari Command,2,Instant,372d0c0b-439c-413f-aac4-5174c75aadb0,https://api.scryfall.com/cards/372d0c0b-439c-413f-aac4-5174c75aadb0?format=image&version=normal
UaygAaunsnGm2QOi5gr3iw,https://www.moxfield.com/decks/UaygAaunsnGm2QOi5gr3iw,Pyrogoyf,4,Creature — Lhurgoyf,fa87bf1e-2062-4983-b1c4-98bffea69a4c,https://api.scryfall.com/cards/fa87bf1e-2062-4983-b1c4-98bffea69a4c?format=image&version=normal
UaygAaunsnGm2QOi5gr3iw,https://www.moxfield.com/decks/UaygAaunsnGm2QOi5gr3iw,Shark Typhoon,3,Enchantment,2b2accb1-d77b-4633-9d0c-b972d9c014bb,https://api.scryfall.com/cards/2b2accb1-d77b-4633-9d0c-b972d9c014bb?format=image&version=normal
UaygAaunsnGm2QOi5gr3iw,https://www.moxfield.com/decks/UaygAaunsnGm2QOi5gr3iw,Spell Pierce,3,Instant,6bf4dfc0-c58b-4535-b660-54ceaa6e0217,https://api.scryfall.com/cards/6bf4dfc0-c58b-4535-b660-54ceaa6e0217?format=image&version=normal
UaygAaunsnGm2QOi5gr3iw,https://www.moxfield.com/decks/UaygAaunsnGm2QOi5gr3iw,Stock Up,1,Sorcery,0a786855-6eb4-42c0-a528-4842db46809d,https://api.scryfall.com/cards/0a786855-6eb4-42c0-a528-4842db46809d?format=image&version=normal
UaygAaunsnGm2QOi5gr3iw,https://www.moxfield.com/decks/UaygAaunsnGm2QOi5gr3iw,Tamiyo Meets the Story Circle,3,Enchantment — Saga,ee66a06e-a461-46af-a318-550bc35de5d0,https://api.scryfall.com/cards/ee66a06e-a461-46af-a318-550bc35de5d0?format=image&version=normal
UaygAaunsnGm2QOi5gr3iw,https://www.moxfield.com/decks/UaygAaunsnGm2QOi5gr3iw,Thought Scour,2,Instant,6fa48ee0-0783-4952-87da-5de28b5e600c,https://api.scryfall.com/cards/6fa48ee0-0783-4952-87da-5de28b5e600c?format=image&version=normal
UaygAaunsnGm2QOi5gr3iw,https://www.moxfield.com/decks/UaygAaunsnGm2QOi5gr3iw,Whirlwind Denial,1,Instant,9e127856-bedd-40a9-9e8e-d1f9fbefe07d,https://api.scryfall.com/cards/9e127856-bedd-40a9-9e8e-d1f9fbefe07d?format=image&version=normal
UpugAZcmzn2WxPBvvNcV7A,https://moxfield.com/decks/UpugAZcmzn2WxPBvvNcV7A,Ashen-Skin Zubera,4,Creature — Zubera Spirit,40cee88d-849d-4715-ad88-7cdb855a3088,https://api.scryfall.com/cards/40cee88d-849d-4715-ad88-7cdb855a3088?format=image&version=normal
UpugAZcmzn2WxPBvvNcV7A,https://moxfield.com/decks/UpugAZcmzn2WxPBvvNcV7A,Dripping-Tongue Zubera,4,Creature — Zubera Spirit,e752b762-38b7-463c-aa09-37fecfe71a53,https://api.scryfall.com/cards/e752b762-38b7-463c-aa09-37fecfe71a53?format=image&version=normal
UpugAZcmzn2WxPBvvNcV7A,https://moxfield.com/decks/UpugAZcmzn2WxPBvvNcV7A,Ember-Fist Zubera,4,Creature — Zubera Spirit,0150e3f0-237e-4669-9401-d2cd08e86387,https://api.scryfall.com/cards/0150e3f0-237e-4669-9401-d2cd08e86387?format=image&version=normal
UpugAZcmzn2WxPBvvNcV7A,https://moxfield.com/decks/UpugAZcmzn2WxPBvvNcV7A,Floating-Dream Zubera,4,Creature — Zubera Spirit,63ea55a8-6c21-4cc1-a2c4-86cd60cddced,https://api.scryfall.com/cards/63ea55a8-6c21-4cc1-a2c4-86cd60cddced?format=image&version=normal
UpugAZcmzn2WxPBvvNcV7A,https://moxfield.com/decks/UpugAZcmzn2WxPBvvNcV7A,Gnawing Vermin,4,Creature — Rat,2fa2fa48-ddb7-45f0-b183-4186df98f7cc,https://api.scryfall.com/cards/2fa2fa48-ddb7-45f0-b183-4186df98f7cc?format=image&version=normal
UpugAZcmzn2WxPBvvNcV7A,https://moxfield.com/decks/UpugAZcmzn2WxPBvvNcV7A,Rally the Ancestors,4,Instant,6d9efacb-9d7c-41f4-9b11-59df1be50e11,https://api.scryfall.com/cards/6d9efacb-9d7c-41f4-9b11-59df1be50e11?format=image&version=normal
UpugAZcmzn2WxPBvvNcV7A,https://moxfield.com/decks/UpugAZcmzn2WxPBvvNcV7A,Return to the Ranks,4,Sorcery,cba93c84-3468-4c03-8198-87fb6c4b0968,https://api.scryfall.com/cards/cba93c84-3468-4c03-8198-87fb6c4b0968?format=image&version=normal
UpugAZcmzn2WxPBvvNcV7A,https://moxfield.com/decks/UpugAZcmzn2WxPBvvNcV7A,Silent-Chant Zubera,2,Creature — Zubera Spirit,272dfee6-9c90-4409-9289-f451261909e7,https://api.scryfall.com/cards/272dfee6-9c90-4409-9289-f451261909e7?format=image&version=normal
UpugAZcmzn2WxPBvvNcV7A,https://moxfield.com/decks/UpugAZcmzn2WxPBvvNcV7A,Stitcher's Supplier,4,Creature — Zombie,5f5efbc8-5d76-4391-99cf-c990536ccc71,https://api.scryfall.com/cards/5f5efbc8-5d76-4391-99cf-c990536ccc71?format=image&version=normal
UpugAZcmzn2WxPBvvNcV7A,https://moxfield.com/decks/UpugAZcmzn2WxPBvvNcV7A,Undead Butler,4,Creature — Zombie,6cc192a3-e1a6-4aa9-8968-7e5721df9942,https://api.scryfall.com/cards/6cc192a3-e1a6-4aa9-8968-7e5721df9942?format=image&version=normal
UpugAZcmzn2WxPBvvNcV7A,https://moxfield.com/decks/UpugAZcmzn2WxPBvvNcV7A,Viscera Seer,4,Creature — Vampire Wizard,f511830b-1c1f-4d30-aa5d-4314726d142e,https://api.scryfall.com/cards/f511830b-1c1f-4d30-aa5d-4314726d142e?format=image&version=normal
W6ugAYQyKnuodk0DG-8zHw,https://www.moxfield.com/decks/W6ugAYQyKnuodk0DG-8zHw,Bloodtithe Harvester,4,Creature — Vampire,0c95e4b1-2fa8-420d-8c55-f74badb2bafa,https://api.scryfall.com/cards/0c95e4b1-2fa8-420d-8c55-f74badb2bafa?format=image&version=normal
W6ugAYQyKnuodk0DG-8zHw,https://www.moxfield.com/decks/W6ugAYQyKnuodk0DG-8zHw,Faithless Looting,4,Sorcery,5aeda464-e71e-4e89-b355-237680bc1a7b,https://api.scryfall.com/cards/5aeda464-e71e-4e89-b355-237680bc1a7b?format=image&version=normal
W6ugAYQyKnuodk0DG-8zHw,https://www.moxfield.com/decks/W6ugAYQyKnuodk0DG-8zHw,Fury,4,Creature — Elemental Incarnation,932d0fb9-382d-464a-9427-b91fa2398cdb,https://api.scryfall.com/cards/932d0fb9-382d-464a-9427-b91fa2398cdb?format=image&version=normal
W6ugAYQyKnuodk0DG-8zHw,https://www.moxfield.com/decks/W6ugAYQyKnuodk0DG-8zHw,Grief,4,Creature — Elemental Incarnation,e6befbc4-1320-4f26-bd9f-b1814fedda10,https://api.scryfall.com/cards/e6befbc4-1320-4f26-bd9f-b1814fedda10?format=image&version=normal
W6ugAYQyKnuodk0DG-8zHw,https://www.moxfield.com/decks/W6ugAYQyKnuodk0DG-8zHw,Inquisition of Kozilek,4,Sorcery,40a3b4a6-1f87-4060-896e-e05aee0cbfee,https://api.scryfall.com/cards/40a3b4a6-1f87-4060-896e-e05aee0cbfee?format=image&version=normal
W6ugAYQyKnuodk0DG-8zHw,https://www.moxfield.com/decks/W6ugAYQyKnuodk0DG-8zHw,Kolaghan's Command,2,Instant,666317db-2f38-4187-b6a5-7947d0c1591b,https://api.scryfall.com/cards/666317db-2f38-4187-b6a5-7947d0c1591b?format=image&version=normal
W6ugAYQyKnuodk0DG-8zHw,https://www.moxfield.com/decks/W6ugAYQyKnuodk0DG-8zHw,Life // Death,2,Sorcery // Sorcery,e16d52ca-f8de-4852-9bff-9d208e5f678f,https://api.scryfall.com/cards/e16d52ca-f8de-4852-9bff-9d208e5f678f?format=image&version=normal
W6ugAYQyKnuodk0DG-8zHw,https://www.moxfield.com/decks/W6ugAYQyKnuodk0DG-8zHw,Molten Collapse,2,Sorcery,ecda9470-7150-48bf-8fbf-1cb0cc80d2e1,https://api.scryfall.com/cards/ecda9470-7150-48bf-8fbf-1cb0cc80d2e1?format=image&version=normal
W6ugAYQyKnuodk0DG-8zHw,https://www.moxfield.com/decks/W6ugAYQyKnuodk0DG-8zHw,Shriekmaw,2,Creature — Elemental,64094fda-c6f9-4177-9a21-c919b8dfbf9f,https://api.scryfall.com/cards/64094fda-c6f9-4177-9a21-c919b8dfbf9f?format=image&version=normal
W6ugAYQyKnuodk0DG-8zHw,https://www.moxfield.com/decks/W6ugAYQyKnuodk0DG-8zHw,"Stick, Fearless Mentor",4,Legendary Creature — Human Monk Hero,75147899-6eda-41dd-acec-cfe09dc38ba2,https://api.scryfall.com/cards/75147899-6eda-41dd-acec-cfe09dc38ba2?format=image&version=normal
W6ugAYQyKnuodk0DG-8zHw,https://www.moxfield.com/decks/W6ugAYQyKnuodk0DG-8zHw,Supernatural Stamina,4,Instant,bdaa795c-4906-4693-adf6-9e583deb0aa1,https://api.scryfall.com/cards/bdaa795c-4906-4693-adf6-9e583deb0aa1?format=image&version=normal
WKygAY_N3nCGgYqEdNdXVA,https://www.moxfield.com/decks/WKygAY_N3nCGgYqEdNdXVA,Aloe Alchemist,4,Creature — Plant Warlock,69f2f632-b6cc-4092-acd5-a6b152e90488,https://api.scryfall.com/cards/69f2f632-b6cc-4092-acd5-a6b152e90488?format=image&version=normal
WKygAY_N3nCGgYqEdNdXVA,https://www.moxfield.com/decks/WKygAY_N3nCGgYqEdNdXVA,Bejeweled Warg,3,Creature — Wolf,e95eba5c-e0d6-46b4-a0be-8e373b2185ea,https://api.scryfall.com/cards/e95eba5c-e0d6-46b4-a0be-8e373b2185ea?format=image&version=normal
WKygAY_N3nCGgYqEdNdXVA,https://www.moxfield.com/decks/WKygAY_N3nCGgYqEdNdXVA,Decisive Denial,3,Instant,b2e9d132-95f7-4ee7-9c91-be19e4ad7a5d,https://api.scryfall.com/cards/b2e9d132-95f7-4ee7-9c91-be19e4ad7a5d?format=image&version=normal
WKygAY_N3nCGgYqEdNdXVA,https://www.moxfield.com/decks/WKygAY_N3nCGgYqEdNdXVA,Elvish Mystic,3,Creature — Elf Druid,eb654a76-62ee-4fd8-83d4-cb912211a9a0,https://api.scryfall.com/cards/eb654a76-62ee-4fd8-83d4-cb912211a9a0?format=image&version=normal
WKygAY_N3nCGgYqEdNdXVA,https://www.moxfield.com/decks/WKygAY_N3nCGgYqEdNdXVA,Frenzied Baloth,3,Creature — Beast,9797f0ca-8252-4cdb-8036-ea0d9877569a,https://api.scryfall.com/cards/9797f0ca-8252-4cdb-8036-ea0d9877569a?format=image&version=normal
WKygAY_N3nCGgYqEdNdXVA,https://www.moxfield.com/decks/WKygAY_N3nCGgYqEdNdXVA,Llanowar Elves,4,Creature — Elf Druid,199e047c-823b-4d18-a5e9-6de3e6989858,https://api.scryfall.com/cards/199e047c-823b-4d18-a5e9-6de3e6989858?format=image&version=normal
WKygAY_N3nCGgYqEdNdXVA,https://www.moxfield.com/decks/WKygAY_N3nCGgYqEdNdXVA,Mana Leak,3,Instant,a7c7757d-8036-4b33-a1cb-07795d392588,https://api.scryfall.com/cards/a7c7757d-8036-4b33-a1cb-07795d392588?format=image&version=normal
WKygAY_N3nCGgYqEdNdXVA,https://www.moxfield.com/decks/WKygAY_N3nCGgYqEdNdXVA,Once Upon a Time,4,Instant,ec275844-6ed6-4d05-9c02-b5a566a7fd5d,https://api.scryfall.com/cards/ec275844-6ed6-4d05-9c02-b5a566a7fd5d?format=image&version=normal
WKygAY_N3nCGgYqEdNdXVA,https://www.moxfield.com/decks/WKygAY_N3nCGgYqEdNdXVA,Quandrix Charm,3,Instant,97fe8ef0-6de1-4074-b5b5-99c23a31a11b,https://api.scryfall.com/cards/97fe8ef0-6de1-4074-b5b5-99c23a31a11b?format=image&version=normal
WKygAY_N3nCGgYqEdNdXVA,https://www.moxfield.com/decks/WKygAY_N3nCGgYqEdNdXVA,Spell Pierce,4,Instant,6bf4dfc0-c58b-4535-b660-54ceaa6e0217,https://api.scryfall.com/cards/6bf4dfc0-c58b-4535-b660-54ceaa6e0217?format=image&version=normal
WKygAY_N3nCGgYqEdNdXVA,https://www.moxfield.com/decks/WKygAY_N3nCGgYqEdNdXVA,Unruly Krasis,4,Creature — Shark Octopus Lizard,a3b1b58d-b7f1-404f-aec6-b19cef4bebbd,https://api.scryfall.com/cards/a3b1b58d-b7f1-404f-aec6-b19cef4bebbd?format=image&version=normal
WKygAY_N3nCGgYqEdNdXVA,https://www.moxfield.com/decks/WKygAY_N3nCGgYqEdNdXVA,Werewolf Pack Leader,4,Creature — Human Werewolf,e88e6b39-bb4d-4d69-8007-d42f31bcbc29,https://api.scryfall.com/cards/e88e6b39-bb4d-4d69-8007-d42f31bcbc29?format=image&version=normal
Wb-gAXSvOHOGGm5R8wxmEg,https://moxfield.com/decks/Wb-gAXSvOHOGGm5R8wxmEg,Brazen Borrower // Petty Theft,2,Creature — Faerie Rogue // Instant — Adventure,25d309d6-9e56-441e-bd29-5c903d5221bf,https://api.scryfall.com/cards/25d309d6-9e56-441e-bd29-5c903d5221bf?format=image&version=normal
Wb-gAXSvOHOGGm5R8wxmEg,https://moxfield.com/decks/Wb-gAXSvOHOGGm5R8wxmEg,Brush Off,2,Instant,151eab82-d20f-433b-b3bb-1d44e2871d5c,https://api.scryfall.com/cards/151eab82-d20f-433b-b3bb-1d44e2871d5c?format=image&version=normal
Wb-gAXSvOHOGGm5R8wxmEg,https://moxfield.com/decks/Wb-gAXSvOHOGGm5R8wxmEg,Caves of Chaos Adventurer,3,Creature — Human Barbarian,45fd73bc-edd9-4629-aa8a-8a2999949c70,https://api.scryfall.com/cards/45fd73bc-edd9-4629-aa8a-8a2999949c70?format=image&version=normal
Wb-gAXSvOHOGGm5R8wxmEg,https://moxfield.com/decks/Wb-gAXSvOHOGGm5R8wxmEg,Crashing Footfalls,4,Sorcery,af38d0d7-33cf-4976-a145-2ad051353ed1,https://api.scryfall.com/cards/af38d0d7-33cf-4976-a145-2ad051353ed1?format=image&version=normal
Wb-gAXSvOHOGGm5R8wxmEg,https://moxfield.com/decks/Wb-gAXSvOHOGGm5R8wxmEg,Dead // Gone,1,Instant // Instant,27fe8b3b-5a1f-46c3-ac13-18098cdbde38,https://api.scryfall.com/cards/27fe8b3b-5a1f-46c3-ac13-18098cdbde38?format=image&version=normal
Wb-gAXSvOHOGGm5R8wxmEg,https://moxfield.com/decks/Wb-gAXSvOHOGGm5R8wxmEg,Fire // Ice,4,Instant // Instant,18303862-4726-4136-814f-157aa7006579,https://api.scryfall.com/cards/18303862-4726-4136-814f-157aa7006579?format=image&version=normal
Wb-gAXSvOHOGGm5R8wxmEg,https://moxfield.com/decks/Wb-gAXSvOHOGGm5R8wxmEg,Fury,2,Creature — Elemental Incarnation,932d0fb9-382d-464a-9427-b91fa2398cdb,https://api.scryfall.com/cards/932d0fb9-382d-464a-9427-b91fa2398cdb?format=image&version=normal
Wb-gAXSvOHOGGm5R8wxmEg,https://moxfield.com/decks/Wb-gAXSvOHOGGm5R8wxmEg,"Laelia, the Blade Reforged",3,Legendary Creature — Spirit Warrior,2cb16354-1211-4230-90e2-4858ba68f348,https://api.scryfall.com/cards/2cb16354-1211-4230-90e2-4858ba68f348?format=image&version=normal
Wb-gAXSvOHOGGm5R8wxmEg,https://moxfield.com/decks/Wb-gAXSvOHOGGm5R8wxmEg,Magmatic Hellkite,2,Creature — Dragon,90874dee-81ef-497d-9865-3960fe21581b,https://api.scryfall.com/cards/90874dee-81ef-497d-9865-3960fe21581b?format=image&version=normal
Wb-gAXSvOHOGGm5R8wxmEg,https://moxfield.com/decks/Wb-gAXSvOHOGGm5R8wxmEg,"Minsc & Boo, Timeless Heroes",3,Legendary Planeswalker — Minsc,dc01ee03-3817-4fd4-a93d-cd1121e62d95,https://api.scryfall.com/cards/dc01ee03-3817-4fd4-a93d-cd1121e62d95?format=image&version=normal
Wb-gAXSvOHOGGm5R8wxmEg,https://moxfield.com/decks/Wb-gAXSvOHOGGm5R8wxmEg,Runescale Stormbrood // Chilling Screech,3,Creature — Dragon // Instant — Omen,317744d1-ed78-4b53-a4d8-8c7ecfd9c4ae,https://api.scryfall.com/cards/317744d1-ed78-4b53-a4d8-8c7ecfd9c4ae?format=image&version=normal
Wb-gAXSvOHOGGm5R8wxmEg,https://moxfield.com/decks/Wb-gAXSvOHOGGm5R8wxmEg,Shardless Agent,4,Artifact Creature — Human Rogue,9fddb094-533a-4f9e-ab9a-e95a6432ce85,https://api.scryfall.com/cards/9fddb094-533a-4f9e-ab9a-e95a6432ce85?format=image&version=normal
Wb-gAXSvOHOGGm5R8wxmEg,https://moxfield.com/decks/Wb-gAXSvOHOGGm5R8wxmEg,Undermountain Adventurer,2,Creature — Giant Warrior,5c5f3d5a-2d94-4765-bf51-192d7f6021b1,https://api.scryfall.com/cards/5c5f3d5a-2d94-4765-bf51-192d7f6021b1?format=image&version=normal
Wb-gAXSvOHOGGm5R8wxmEg,https://moxfield.com/decks/Wb-gAXSvOHOGGm5R8wxmEg,Violent Outburst,3,Instant,ca8f4e83-78d1-42d5-ae1d-89a0de955e51,https://api.scryfall.com/cards/ca8f4e83-78d1-42d5-ae1d-89a0de955e51?format=image&version=normal
X5ugAXU_4nWUJS94LG4Xhg,https://moxfield.com/decks/X5ugAXU_4nWUJS94LG4Xhg,Batroc the Leaper,2,Legendary Creature — Human Villain,e34e33ea-042e-409c-b304-52644ec5b1f5,https://api.scryfall.com/cards/e34e33ea-042e-409c-b304-52644ec5b1f5?format=image&version=normal
X5ugAXU_4nWUJS94LG4Xhg,https://moxfield.com/decks/X5ugAXU_4nWUJS94LG4Xhg,Devil's Play,2,Sorcery,c80596a4-b464-4b9e-8186-94a1c44838eb,https://api.scryfall.com/cards/c80596a4-b464-4b9e-8186-94a1c44838eb?format=image&version=normal
X5ugAXU_4nWUJS94LG4Xhg,https://moxfield.com/decks/X5ugAXU_4nWUJS94LG4Xhg,Exocrine,2,Creature — Tyranid,5b8c1303-6829-4c82-96de-a67bc0d72e42,https://api.scryfall.com/cards/5b8c1303-6829-4c82-96de-a67bc0d72e42?format=image&version=normal
X5ugAXU_4nWUJS94LG4Xhg,https://moxfield.com/decks/X5ugAXU_4nWUJS94LG4Xhg,Expedition Map,4,Artifact,08e66835-c228-48fa-bcaa-eb96edbd4f5a,https://api.scryfall.com/cards/08e66835-c228-48fa-bcaa-eb96edbd4f5a?format=image&version=normal
X5ugAXU_4nWUJS94LG4Xhg,https://moxfield.com/decks/X5ugAXU_4nWUJS94LG4Xhg,Giant's Boulder,4,Artifact,ce254758-c928-4b43-a952-13fac1845668,https://api.scryfall.com/cards/ce254758-c928-4b43-a952-13fac1845668?format=image&version=normal
X5ugAXU_4nWUJS94LG4Xhg,https://moxfield.com/decks/X5ugAXU_4nWUJS94LG4Xhg,Glimpse the Impossible,4,Sorcery,133ad0dd-5b61-4c38-9264-0b0e75b95d95,https://api.scryfall.com/cards/133ad0dd-5b61-4c38-9264-0b0e75b95d95?format=image&version=normal
X5ugAXU_4nWUJS94LG4Xhg,https://moxfield.com/decks/X5ugAXU_4nWUJS94LG4Xhg,Grab the Prize,1,Sorcery,50895202-f1a1-4840-a11a-55b78b8b5929,https://api.scryfall.com/cards/50895202-f1a1-4840-a11a-55b78b8b5929?format=image&version=normal
X5ugAXU_4nWUJS94LG4Xhg,https://moxfield.com/decks/X5ugAXU_4nWUJS94LG4Xhg,Igneous Inspiration,4,Sorcery,5781ad7b-dc1b-4cc1-9e72-6e714b9ba1de,https://api.scryfall.com/cards/5781ad7b-dc1b-4cc1-9e72-6e714b9ba1de?format=image&version=normal
X5ugAXU_4nWUJS94LG4Xhg,https://moxfield.com/decks/X5ugAXU_4nWUJS94LG4Xhg,Kimoyo Beads,2,Artifact,1138096a-0d7c-461b-af83-3c90f681722d,https://api.scryfall.com/cards/1138096a-0d7c-461b-af83-3c90f681722d?format=image&version=normal
X5ugAXU_4nWUJS94LG4Xhg,https://moxfield.com/decks/X5ugAXU_4nWUJS94LG4Xhg,Lightning Bolt,4,Instant,e89794ab-6070-4916-936f-2b42fe41d31b,https://api.scryfall.com/cards/e89794ab-6070-4916-936f-2b42fe41d31b?format=image&version=normal
X5ugAXU_4nWUJS94LG4Xhg,https://moxfield.com/decks/X5ugAXU_4nWUJS94LG4Xhg,Pyromancer's Goggles,2,Legendary Artifact,f340d8a4-196a-4433-807c-b7124e96e44f,https://api.scryfall.com/cards/f340d8a4-196a-4433-807c-b7124e96e44f?format=image&version=normal
X5ugAXU_4nWUJS94LG4Xhg,https://moxfield.com/decks/X5ugAXU_4nWUJS94LG4Xhg,Sawhorn Nemesis,4,Creature — Dinosaur,b3f1c76f-9afc-47b1-a223-4ff5aab91c3a,https://api.scryfall.com/cards/b3f1c76f-9afc-47b1-a223-4ff5aab91c3a?format=image&version=normal
X5ugAXU_4nWUJS94LG4Xhg,https://moxfield.com/decks/X5ugAXU_4nWUJS94LG4Xhg,Sol Ring,1,Artifact,8fb860f9-3729-436e-adfb-c98c2a389d5d,https://api.scryfall.com/cards/8fb860f9-3729-436e-adfb-c98c2a389d5d?format=image&version=normal
X5ugAXU_4nWUJS94LG4Xhg,https://moxfield.com/decks/X5ugAXU_4nWUJS94LG4Xhg,Soul-Guide Lantern,1,Artifact,6d3ff537-86f0-405e-b96b-1250720af031,https://api.scryfall.com/cards/6d3ff537-86f0-405e-b96b-1250720af031?format=image&version=normal
YaygAeg1C3GNUN7x7CUYMQ,https://www.moxfield.com/decks/YaygAeg1C3GNUN7x7CUYMQ,Abandon Attachments,3,Instant — Lesson,74ca45a4-97ab-4255-9129-884e8b42b984,https://api.scryfall.com/cards/74ca45a4-97ab-4255-9129-884e8b42b984?format=image&version=normal
YaygAeg1C3GNUN7x7CUYMQ,https://www.moxfield.com/decks/YaygAeg1C3GNUN7x7CUYMQ,Accumulate Wisdom,3,Instant — Lesson,a6335319-6c92-40d4-ab2d-c06c79049c30,https://api.scryfall.com/cards/a6335319-6c92-40d4-ab2d-c06c79049c30?format=image&version=normal
YaygAeg1C3GNUN7x7CUYMQ,https://www.moxfield.com/decks/YaygAeg1C3GNUN7x7CUYMQ,Combustion Technique,3,Instant — Lesson,fdcca576-2ef2-44cc-9944-a92bd146444a,https://api.scryfall.com/cards/fdcca576-2ef2-44cc-9944-a92bd146444a?format=image&version=normal
YaygAeg1C3GNUN7x7CUYMQ,https://www.moxfield.com/decks/YaygAeg1C3GNUN7x7CUYMQ,Divide by Zero,4,Instant,0e6d81e3-c83f-495a-b947-154fb4551a32,https://api.scryfall.com/cards/0e6d81e3-c83f-495a-b947-154fb4551a32?format=image&version=normal
YaygAeg1C3GNUN7x7CUYMQ,https://www.moxfield.com/decks/YaygAeg1C3GNUN7x7CUYMQ,Dragonfly Swarm,4,Creature — Dragon Insect,16be5cc4-b15a-4c5e-8a6e-05c87b519127,https://api.scryfall.com/cards/16be5cc4-b15a-4c5e-8a6e-05c87b519127?format=image&version=normal
YaygAeg1C3GNUN7x7CUYMQ,https://www.moxfield.com/decks/YaygAeg1C3GNUN7x7CUYMQ,Firebending Lesson,4,Instant — Lesson,fa940e68-010e-4b68-be8a-555d7068f7b4,https://api.scryfall.com/cards/fa940e68-010e-4b68-be8a-555d7068f7b4?format=image&version=normal
YaygAeg1C3GNUN7x7CUYMQ,https://www.moxfield.com/decks/YaygAeg1C3GNUN7x7CUYMQ,Gran-Gran,4,Legendary Creature — Human Peasant Ally,fa434b41-e5f7-4989-865a-95db67b05cb1,https://api.scryfall.com/cards/fa434b41-e5f7-4989-865a-95db67b05cb1?format=image&version=normal
YaygAeg1C3GNUN7x7CUYMQ,https://www.moxfield.com/decks/YaygAeg1C3GNUN7x7CUYMQ,It'll Quench Ya!,3,Instant — Lesson,47c25e41-f43c-4447-81b5-b9631448bd29,https://api.scryfall.com/cards/47c25e41-f43c-4447-81b5-b9631448bd29?format=image&version=normal
YaygAeg1C3GNUN7x7CUYMQ,https://www.moxfield.com/decks/YaygAeg1C3GNUN7x7CUYMQ,Stock Up,1,Sorcery,0a786855-6eb4-42c0-a528-4842db46809d,https://api.scryfall.com/cards/0a786855-6eb4-42c0-a528-4842db46809d?format=image&version=normal
YaygAeg1C3GNUN7x7CUYMQ,https://www.moxfield.com/decks/YaygAeg1C3GNUN7x7CUYMQ,Tablet of Discovery,4,Artifact,13059664-a940-4a66-8100-0c90b884bab4,https://api.scryfall.com/cards/13059664-a940-4a66-8100-0c90b884bab4?format=image&version=normal
YaygAeg1C3GNUN7x7CUYMQ,https://www.moxfield.com/decks/YaygAeg1C3GNUN7x7CUYMQ,The Dawning Archaic,3,Legendary Creature — Avatar,7a451985-37e1-44d8-839b-dc1e88df5c96,https://api.scryfall.com/cards/7a451985-37e1-44d8-839b-dc1e88df5c96?format=image&version=normal
Yr-gAeBRg3GN0iLYu7-P4g,https://moxfield.com/decks/Yr-gAeBRg3GN0iLYu7-P4g,Aether Spellbomb,1,Artifact,c92932c7-79ec-4519-ac30-b8ac692ea810,https://api.scryfall.com/cards/c92932c7-79ec-4519-ac30-b8ac692ea810?format=image&version=normal
Yr-gAeBRg3GN0iLYu7-P4g,https://moxfield.com/decks/Yr-gAeBRg3GN0iLYu7-P4g,Cranial Plating,4,Artifact — Equipment,e1375f17-bc25-4a65-98b7-4785bbdbe974,https://api.scryfall.com/cards/e1375f17-bc25-4a65-98b7-4785bbdbe974?format=image&version=normal
Yr-gAeBRg3GN0iLYu7-P4g,https://moxfield.com/decks/Yr-gAeBRg3GN0iLYu7-P4g,"Emry, Lurker of the Loch",4,Legendary Creature — Merfolk Wizard,c977d89a-bfd1-4e98-9d95-3e41c53dd188,https://api.scryfall.com/cards/c977d89a-bfd1-4e98-9d95-3e41c53dd188?format=image&version=normal
Yr-gAeBRg3GN0iLYu7-P4g,https://moxfield.com/decks/Yr-gAeBRg3GN0iLYu7-P4g,Forging the Anchor,4,Sorcery,057f6add-1f1d-4cce-9c9d-5e59fb74d78e,https://api.scryfall.com/cards/057f6add-1f1d-4cce-9c9d-5e59fb74d78e?format=image&version=normal
Yr-gAeBRg3GN0iLYu7-P4g,https://moxfield.com/decks/Yr-gAeBRg3GN0iLYu7-P4g,Gingerbrute,2,Artifact Creature — Food Golem,f55fe038-c903-4d92-b689-72dd6d041a91,https://api.scryfall.com/cards/f55fe038-c903-4d92-b689-72dd6d041a91?format=image&version=normal
Yr-gAeBRg3GN0iLYu7-P4g,https://moxfield.com/decks/Yr-gAeBRg3GN0iLYu7-P4g,Kappa Cannoneer,2,Artifact Creature — Turtle Warrior,99cd996f-be74-4dbb-9460-6d650cedfca6,https://api.scryfall.com/cards/99cd996f-be74-4dbb-9460-6d650cedfca6?format=image&version=normal
Yr-gAeBRg3GN0iLYu7-P4g,https://moxfield.com/decks/Yr-gAeBRg3GN0iLYu7-P4g,Memory Guardian,2,Artifact Creature — Robot Artificer,6b199ce2-0ea0-47e5-a36c-36373be53fec,https://api.scryfall.com/cards/6b199ce2-0ea0-47e5-a36c-36373be53fec?format=image&version=normal
Yr-gAeBRg3GN0iLYu7-P4g,https://moxfield.com/decks/Yr-gAeBRg3GN0iLYu7-P4g,Mishra's Bauble,2,Artifact,607e2546-1139-4c1e-9b3b-eacb27bff510,https://api.scryfall.com/cards/607e2546-1139-4c1e-9b3b-eacb27bff510?format=image&version=normal
Yr-gAeBRg3GN0iLYu7-P4g,https://moxfield.com/decks/Yr-gAeBRg3GN0iLYu7-P4g,Moonsnare Prototype,2,Artifact,9d8bc0e9-a536-4bca-92a6-8dca85e1e984,https://api.scryfall.com/cards/9d8bc0e9-a536-4bca-92a6-8dca85e1e984?format=image&version=normal
Yr-gAeBRg3GN0iLYu7-P4g,https://moxfield.com/decks/Yr-gAeBRg3GN0iLYu7-P4g,Ornithopter,4,Artifact Creature — Thopter,051386e0-4c1c-48ed-8883-664c719cf0fe,https://api.scryfall.com/cards/051386e0-4c1c-48ed-8883-664c719cf0fe?format=image&version=normal
Yr-gAeBRg3GN0iLYu7-P4g,https://moxfield.com/decks/Yr-gAeBRg3GN0iLYu7-P4g,Patchwork Automaton,2,Artifact Creature — Construct,5d753bef-7043-42d0-929a-b82f0079f3b8,https://api.scryfall.com/cards/5d753bef-7043-42d0-929a-b82f0079f3b8?format=image&version=normal
Yr-gAeBRg3GN0iLYu7-P4g,https://moxfield.com/decks/Yr-gAeBRg3GN0iLYu7-P4g,Sol Ring,1,Artifact,a7fc546e-7e3c-436d-a0b9-9ac3548ec344,https://api.scryfall.com/cards/a7fc546e-7e3c-436d-a0b9-9ac3548ec344?format=image&version=normal
Yr-gAeBRg3GN0iLYu7-P4g,https://moxfield.com/decks/Yr-gAeBRg3GN0iLYu7-P4g,Soul-Guide Lantern,1,Artifact,6d3ff537-86f0-405e-b96b-1250720af031,https://api.scryfall.com/cards/6d3ff537-86f0-405e-b96b-1250720af031?format=image&version=normal
Yr-gAeBRg3GN0iLYu7-P4g,https://moxfield.com/decks/Yr-gAeBRg3GN0iLYu7-P4g,Springleaf Drum,4,Artifact,b52af7e0-cd75-4e8e-82ed-65f8a3d0380a,https://api.scryfall.com/cards/b52af7e0-cd75-4e8e-82ed-65f8a3d0380a?format=image&version=normal
Yr-gAeBRg3GN0iLYu7-P4g,https://moxfield.com/decks/Yr-gAeBRg3GN0iLYu7-P4g,Thought Monitor,4,Artifact Creature — Construct,18a6ea89-417c-4ee0-a410-8a0067b92967,https://api.scryfall.com/cards/18a6ea89-417c-4ee0-a410-8a0067b92967?format=image&version=normal
Yr-gAeBRg3GN0iLYu7-P4g,https://moxfield.com/decks/Yr-gAeBRg3GN0iLYu7-P4g,Vault Skirge,3,Artifact Creature — Phyrexian Imp,f254239c-c07a-4c41-98f7-8f4de539c73e,https://api.scryfall.com/cards/f254239c-c07a-4c41-98f7-8f4de539c73e?format=image&version=normal
Z7-gAbfh3ne06nj8YaXokw,https://moxfield.com/decks/Z7-gAbfh3ne06nj8YaXokw,Balance,1,Sorcery,39a28a50-3130-485d-975c-26a0f40681a3,https://api.scryfall.com/cards/39a28a50-3130-485d-975c-26a0f40681a3?format=image&version=normal
Z7-gAbfh3ne06nj8YaXokw,https://moxfield.com/decks/Z7-gAbfh3ne06nj8YaXokw,Cataclysm,3,Sorcery,aa3bf57b-b720-472b-a7ed-2ad987ae1eb5,https://api.scryfall.com/cards/aa3bf57b-b720-472b-a7ed-2ad987ae1eb5?format=image&version=normal
Z7-gAbfh3ne06nj8YaXokw,https://moxfield.com/decks/Z7-gAbfh3ne06nj8YaXokw,Dread Return,1,Sorcery,34a87901-98bb-41dd-b566-bcb510c20022,https://api.scryfall.com/cards/34a87901-98bb-41dd-b566-bcb510c20022?format=image&version=normal
Z7-gAbfh3ne06nj8YaXokw,https://moxfield.com/decks/Z7-gAbfh3ne06nj8YaXokw,Fluctuator,4,Artifact,c06a2fb3-d933-461f-bcf8-5c614bb75d0b,https://api.scryfall.com/cards/c06a2fb3-d933-461f-bcf8-5c614bb75d0b?format=image&version=normal
Z7-gAbfh3ne06nj8YaXokw,https://moxfield.com/decks/Z7-gAbfh3ne06nj8YaXokw,Gerrard's Verdict,3,Sorcery,c4057a41-c8d1-40dd-ac38-abfe6564c8bc,https://api.scryfall.com/cards/c4057a41-c8d1-40dd-ac38-abfe6564c8bc?format=image&version=normal
Z7-gAbfh3ne06nj8YaXokw,https://moxfield.com/decks/Z7-gAbfh3ne06nj8YaXokw,Giant's Boulder,4,Artifact,ce254758-c928-4b43-a952-13fac1845668,https://api.scryfall.com/cards/ce254758-c928-4b43-a952-13fac1845668?format=image&version=normal
Z7-gAbfh3ne06nj8YaXokw,https://moxfield.com/decks/Z7-gAbfh3ne06nj8YaXokw,Inquisition of Kozilek,4,Sorcery,5c1d4835-c662-4deb-b8f9-cd7b04948edf,https://api.scryfall.com/cards/5c1d4835-c662-4deb-b8f9-cd7b04948edf?format=image&version=normal
Z7-gAbfh3ne06nj8YaXokw,https://moxfield.com/decks/Z7-gAbfh3ne06nj8YaXokw,Laboratory Maniac,1,Creature — Human Wizard,44ede007-b6db-4396-8b25-9e2621cfeec4,https://api.scryfall.com/cards/44ede007-b6db-4396-8b25-9e2621cfeec4?format=image&version=normal
Z7-gAbfh3ne06nj8YaXokw,https://moxfield.com/decks/Z7-gAbfh3ne06nj8YaXokw,Narcomoeba,3,Creature — Illusion,3de38943-8f61-4be9-839b-370830c555cf,https://api.scryfall.com/cards/3de38943-8f61-4be9-839b-370830c555cf?format=image&version=normal
Z7-gAbfh3ne06nj8YaXokw,https://moxfield.com/decks/Z7-gAbfh3ne06nj8YaXokw,Pillage the Bog,3,Sorcery,fa3b415f-7901-4ab4-84fe-60b90d40ac90,https://api.scryfall.com/cards/fa3b415f-7901-4ab4-84fe-60b90d40ac90?format=image&version=normal
Z7-gAbfh3ne06nj8YaXokw,https://moxfield.com/decks/Z7-gAbfh3ne06nj8YaXokw,Swords to Plowshares,3,Instant,b4e9c870-23c0-413a-ae39-265f09da16d1,https://api.scryfall.com/cards/b4e9c870-23c0-413a-ae39-265f09da16d1?format=image&version=normal
Z7-gAbfh3ne06nj8YaXokw,https://moxfield.com/decks/Z7-gAbfh3ne06nj8YaXokw,The Necrobloom,4,Legendary Creature — Plant,8fcf68cf-0dac-4b29-90d5-c18c685182e6,https://api.scryfall.com/cards/8fcf68cf-0dac-4b29-90d5-c18c685182e6?format=image&version=normal
Z7-gAbfh3ne06nj8YaXokw,https://moxfield.com/decks/Z7-gAbfh3ne06nj8YaXokw,Vindicate,4,Sorcery,1658f12b-8ac5-4d29-86d5-f20c4d5f7e48,https://api.scryfall.com/cards/1658f12b-8ac5-4d29-86d5-f20c4d5f7e48?format=image&version=normal
Z9CgAbd233y28w9481zwAw,https://moxfield.com/decks/Z9CgAbd233y28w9481zwAw,Archmage's Charm,1,Instant,44fe86de-c131-41b2-a06a-827b4d374a6d,https://api.scryfall.com/cards/44fe86de-c131-41b2-a06a-827b4d374a6d?format=image&version=normal
Z9CgAbd233y28w9481zwAw,https://moxfield.com/decks/Z9CgAbd233y28w9481zwAw,Brazen Borrower // Petty Theft,3,Creature — Faerie Rogue // Instant — Adventure,25d309d6-9e56-441e-bd29-5c903d5221bf,https://api.scryfall.com/cards/25d309d6-9e56-441e-bd29-5c903d5221bf?format=image&version=normal
Z9CgAbd233y28w9481zwAw,https://moxfield.com/decks/Z9CgAbd233y28w9481zwAw,Cling to Dust,2,Instant,1f9df729-f0c7-4ff8-9aa6-d67bf9607763,https://api.scryfall.com/cards/1f9df729-f0c7-4ff8-9aa6-d67bf9607763?format=image&version=normal
Z9CgAbd233y28w9481zwAw,https://moxfield.com/decks/Z9CgAbd233y28w9481zwAw,Counterspell,3,Instant,d14d5ff3-40c0-4f22-91ad-d6c8447cb9e0,https://api.scryfall.com/cards/d14d5ff3-40c0-4f22-91ad-d6c8447cb9e0?format=image&version=normal
Z9CgAbd233y28w9481zwAw,https://moxfield.com/decks/Z9CgAbd233y28w9481zwAw,Dig Through Time,1,Instant,020939d6-72f0-4aa0-9ac2-d16cc896cd7f,https://api.scryfall.com/cards/020939d6-72f0-4aa0-9ac2-d16cc896cd7f?format=image&version=normal
Z9CgAbd233y28w9481zwAw,https://moxfield.com/decks/Z9CgAbd233y28w9481zwAw,Dihada's Ploy,2,Instant,9091e8dc-b546-4b74-9dc9-aef55f60d13a,https://api.scryfall.com/cards/9091e8dc-b546-4b74-9dc9-aef55f60d13a?format=image&version=normal
Z9CgAbd233y28w9481zwAw,https://moxfield.com/decks/Z9CgAbd233y28w9481zwAw,Drown in the Loch,2,Instant,8bf5df5b-164d-4ec2-a5e6-bbaea152e271,https://api.scryfall.com/cards/8bf5df5b-164d-4ec2-a5e6-bbaea152e271?format=image&version=normal
Z9CgAbd233y28w9481zwAw,https://moxfield.com/decks/Z9CgAbd233y28w9481zwAw,Fact or Fiction,2,Instant,d617970e-e33a-481c-bbae-5ed5197d9a1c,https://api.scryfall.com/cards/d617970e-e33a-481c-bbae-5ed5197d9a1c?format=image&version=normal
Z9CgAbd233y28w9481zwAw,https://moxfield.com/decks/Z9CgAbd233y28w9481zwAw,Fire Nation Occupation,3,Enchantment,3455d55e-aef5-4eb1-bcd9-1ff9d1ab3698,https://api.scryfall.com/cards/3455d55e-aef5-4eb1-bcd9-1ff9d1ab3698?format=image&version=normal
Z9CgAbd233y28w9481zwAw,https://moxfield.com/decks/Z9CgAbd233y28w9481zwAw,Logic Knot,1,Instant,4e946be1-4ed6-4e2c-9782-3f630f8a8e1f,https://api.scryfall.com/cards/4e946be1-4ed6-4e2c-9782-3f630f8a8e1f?format=image&version=normal
Z9CgAbd233y28w9481zwAw,https://moxfield.com/decks/Z9CgAbd233y28w9481zwAw,Memory Deluge,2,Instant,1ce12fd8-1977-4cae-aeb5-c56e68373228,https://api.scryfall.com/cards/1ce12fd8-1977-4cae-aeb5-c56e68373228?format=image&version=normal
Z9CgAbd233y28w9481zwAw,https://moxfield.com/decks/Z9CgAbd233y28w9481zwAw,Mission Briefing,4,Instant,5ed398e7-9d2b-4bd2-9a4b-2885e4749003,https://api.scryfall.com/cards/5ed398e7-9d2b-4bd2-9a4b-2885e4749003?format=image&version=normal
Z9CgAbd233y28w9481zwAw,https://moxfield.com/decks/Z9CgAbd233y28w9481zwAw,Spell Pierce,1,Instant,6bf4dfc0-c58b-4535-b660-54ceaa6e0217,https://api.scryfall.com/cards/6bf4dfc0-c58b-4535-b660-54ceaa6e0217?format=image&version=normal
Z9CgAbd233y28w9481zwAw,https://moxfield.com/decks/Z9CgAbd233y28w9481zwAw,Spell Snare,4,Instant,b7551b61-656e-4f37-b9da-73174db983b7,https://api.scryfall.com/cards/b7551b61-656e-4f37-b9da-73174db983b7?format=image&version=normal
Z9CgAbd233y28w9481zwAw,https://moxfield.com/decks/Z9CgAbd233y28w9481zwAw,Think Twice,3,Instant,50e1d85b-f094-40e2-8811-640076d7d546,https://api.scryfall.com/cards/50e1d85b-f094-40e2-8811-640076d7d546?format=image&version=normal
Z9CgAbd233y28w9481zwAw,https://moxfield.com/decks/Z9CgAbd233y28w9481zwAw,Vendetta,3,Instant,699e574f-2207-4798-a662-871634b8e36c,https://api.scryfall.com/cards/699e574f-2207-4798-a662-871634b8e36c?format=image&version=normal
ZKygAbsbjnqrKvrr5Ob_YA,https://www.moxfield.com/decks/ZKygAbsbjnqrKvrr5Ob_YA,Dack Fayden,3,Legendary Planeswalker — Dack,e056904d-4bd6-41c9-93e9-6cd4860dbfcb,https://api.scryfall.com/cards/e056904d-4bd6-41c9-93e9-6cd4860dbfcb?format=image&version=normal
ZKygAbsbjnqrKvrr5Ob_YA,https://www.moxfield.com/decks/ZKygAbsbjnqrKvrr5Ob_YA,Divert,1,Instant,8eb6e9f8-a508-451e-8a72-5f9834ba5352,https://api.scryfall.com/cards/8eb6e9f8-a508-451e-8a72-5f9834ba5352?format=image&version=normal
ZKygAbsbjnqrKvrr5Ob_YA,https://www.moxfield.com/decks/ZKygAbsbjnqrKvrr5Ob_YA,Fury,4,Creature — Elemental Incarnation,932d0fb9-382d-464a-9427-b91fa2398cdb,https://api.scryfall.com/cards/932d0fb9-382d-464a-9427-b91fa2398cdb?format=image&version=normal
ZKygAbsbjnqrKvrr5Ob_YA,https://www.moxfield.com/decks/ZKygAbsbjnqrKvrr5Ob_YA,Guided Passage,4,Sorcery,b66c8ada-82a6-46d9-acd0-b4ff9e1e12bd,https://api.scryfall.com/cards/b66c8ada-82a6-46d9-acd0-b4ff9e1e12bd?format=image&version=normal
ZKygAbsbjnqrKvrr5Ob_YA,https://www.moxfield.com/decks/ZKygAbsbjnqrKvrr5Ob_YA,Hullbreacher,3,Creature — Merfolk Pirate,c2a0530f-7b72-4a33-8eec-bcd75d9c3045,https://api.scryfall.com/cards/c2a0530f-7b72-4a33-8eec-bcd75d9c3045?format=image&version=normal
ZKygAbsbjnqrKvrr5Ob_YA,https://www.moxfield.com/decks/ZKygAbsbjnqrKvrr5Ob_YA,Ill-Timed Explosion,2,Sorcery,82839087-8331-41b6-a852-97d06616b95b,https://api.scryfall.com/cards/82839087-8331-41b6-a852-97d06616b95b?format=image&version=normal
ZKygAbsbjnqrKvrr5Ob_YA,https://www.moxfield.com/decks/ZKygAbsbjnqrKvrr5Ob_YA,Liquimetal Coating,4,Artifact,a8fc80eb-f158-479f-8626-c9665e2f8248,https://api.scryfall.com/cards/a8fc80eb-f158-479f-8626-c9665e2f8248?format=image&version=normal
ZKygAbsbjnqrKvrr5Ob_YA,https://www.moxfield.com/decks/ZKygAbsbjnqrKvrr5Ob_YA,Lose Focus,2,Instant,985bdb0c-ce6c-4506-8163-76f3b2fdf5fb,https://api.scryfall.com/cards/985bdb0c-ce6c-4506-8163-76f3b2fdf5fb?format=image&version=normal
ZKygAbsbjnqrKvrr5Ob_YA,https://www.moxfield.com/decks/ZKygAbsbjnqrKvrr5Ob_YA,"Narset, Parter of Veils",1,Legendary Planeswalker — Narset,3cc0fd27-9f54-48f5-aebe-c437a848671d,https://api.scryfall.com/cards/3cc0fd27-9f54-48f5-aebe-c437a848671d?format=image&version=normal
ZKygAbsbjnqrKvrr5Ob_YA,https://www.moxfield.com/decks/ZKygAbsbjnqrKvrr5Ob_YA,Party Dude,2,Enchantment — Class,d27b6f2a-84df-4097-a66a-8e463db47f58,https://api.scryfall.com/cards/d27b6f2a-84df-4097-a66a-8e463db47f58?format=image&version=normal
ZKygAbsbjnqrKvrr5Ob_YA,https://www.moxfield.com/decks/ZKygAbsbjnqrKvrr5Ob_YA,Shenanigans,4,Sorcery,580c6fe2-ab43-491e-a1b2-d076a5c2a74e,https://api.scryfall.com/cards/580c6fe2-ab43-491e-a1b2-d076a5c2a74e?format=image&version=normal
ZKygAbsbjnqrKvrr5Ob_YA,https://www.moxfield.com/decks/ZKygAbsbjnqrKvrr5Ob_YA,Sol Ring,1,Artifact,83a0f2eb-2f6d-4aaa-b7a9-ea06d5de7eca,https://api.scryfall.com/cards/83a0f2eb-2f6d-4aaa-b7a9-ea06d5de7eca?format=image&version=normal
ZKygAbsbjnqrKvrr5Ob_YA,https://www.moxfield.com/decks/ZKygAbsbjnqrKvrr5Ob_YA,Spell Pierce,3,Instant,6bf4dfc0-c58b-4535-b660-54ceaa6e0217,https://api.scryfall.com/cards/6bf4dfc0-c58b-4535-b660-54ceaa6e0217?format=image&version=normal
ZKygAbsbjnqrKvrr5Ob_YA,https://www.moxfield.com/decks/ZKygAbsbjnqrKvrr5Ob_YA,Treasure Cruise,1,Sorcery,a6e97db4-f447-46c3-8be7-66f22bb349b4,https://api.scryfall.com/cards/a6e97db4-f447-46c3-8be7-66f22bb349b4?format=image&version=normal
ZKygAbsbjnqrKvrr5Ob_YA,https://www.moxfield.com/decks/ZKygAbsbjnqrKvrr5Ob_YA,Unholy Heat,3,Instant,2b73d294-6ab1-4051-9b0f-d8e335d37674,https://api.scryfall.com/cards/2b73d294-6ab1-4051-9b0f-d8e335d37674?format=image&version=normal
ZaygAXyiinWYhhHgmvyv7Q,https://moxfield.com/decks/ZaygAXyiinWYhhHgmvyv7Q,Bond of Insight,3,Sorcery,648629af-e911-49e1-b564-c98f339b84a1,https://api.scryfall.com/cards/648629af-e911-49e1-b564-c98f339b84a1?format=image&version=normal
ZaygAXyiinWYhhHgmvyv7Q,https://moxfield.com/decks/ZaygAXyiinWYhhHgmvyv7Q,Cunning Wish,1,Instant,826e1acd-776a-4293-a119-8e32487acfb9,https://api.scryfall.com/cards/826e1acd-776a-4293-a119-8e32487acfb9?format=image&version=normal
ZaygAXyiinWYhhHgmvyv7Q,https://moxfield.com/decks/ZaygAXyiinWYhhHgmvyv7Q,Dig Through Time,1,Instant,020939d6-72f0-4aa0-9ac2-d16cc896cd7f,https://api.scryfall.com/cards/020939d6-72f0-4aa0-9ac2-d16cc896cd7f?format=image&version=normal
ZaygAXyiinWYhhHgmvyv7Q,https://moxfield.com/decks/ZaygAXyiinWYhhHgmvyv7Q,Divergent Equation,1,Instant,26295e25-f1bf-4665-ba00-dad35c49bbc2,https://api.scryfall.com/cards/26295e25-f1bf-4665-ba00-dad35c49bbc2?format=image&version=normal
ZaygAXyiinWYhhHgmvyv7Q,https://moxfield.com/decks/ZaygAXyiinWYhhHgmvyv7Q,Expansion // Explosion,1,Instant // Instant,42cacf46-6f84-4198-877b-1544cff2f837,https://api.scryfall.com/cards/42cacf46-6f84-4198-877b-1544cff2f837?format=image&version=normal
ZaygAXyiinWYhhHgmvyv7Q,https://moxfield.com/decks/ZaygAXyiinWYhhHgmvyv7Q,Frantic Search,4,Instant,9ad4d49f-2505-43b7-b5fb-58bf1b8fcc71,https://api.scryfall.com/cards/9ad4d49f-2505-43b7-b5fb-58bf1b8fcc71?format=image&version=normal
ZaygAXyiinWYhhHgmvyv7Q,https://moxfield.com/decks/ZaygAXyiinWYhhHgmvyv7Q,Hidden Strings,3,Sorcery,216e8047-6f54-49ce-bf86-27dc8fc8c8f7,https://api.scryfall.com/cards/216e8047-6f54-49ce-bf86-27dc8fc8c8f7?format=image&version=normal
ZaygAXyiinWYhhHgmvyv7Q,https://moxfield.com/decks/ZaygAXyiinWYhhHgmvyv7Q,High Tide,4,Instant,c2813677-91cc-4c8b-a8ea-403fa776c9f0,https://api.scryfall.com/cards/c2813677-91cc-4c8b-a8ea-403fa776c9f0?format=image&version=normal
ZaygAXyiinWYhhHgmvyv7Q,https://moxfield.com/decks/ZaygAXyiinWYhhHgmvyv7Q,Impulse,4,Instant,c9d518a9-ee23-49b2-af54-3de669a1bd53,https://api.scryfall.com/cards/c9d518a9-ee23-49b2-af54-3de669a1bd53?format=image&version=normal
ZaygAXyiinWYhhHgmvyv7Q,https://moxfield.com/decks/ZaygAXyiinWYhhHgmvyv7Q,Into the Flood Maw,1,Instant,50b9575a-53d9-4df7-b86c-cda021107d3f,https://api.scryfall.com/cards/50b9575a-53d9-4df7-b86c-cda021107d3f?format=image&version=normal
ZaygAXyiinWYhhHgmvyv7Q,https://moxfield.com/decks/ZaygAXyiinWYhhHgmvyv7Q,"Lier, Disciple of the Drowned",1,Legendary Creature — Human Wizard,b8b70585-e0ea-4cb4-9360-a8ab47626696,https://api.scryfall.com/cards/b8b70585-e0ea-4cb4-9360-a8ab47626696?format=image&version=normal
ZaygAXyiinWYhhHgmvyv7Q,https://moxfield.com/decks/ZaygAXyiinWYhhHgmvyv7Q,Lock and Load,1,Sorcery,3a24979d-a090-4153-9461-ac1aa1f69b74,https://api.scryfall.com/cards/3a24979d-a090-4153-9461-ac1aa1f69b74?format=image&version=normal
ZaygAXyiinWYhhHgmvyv7Q,https://moxfield.com/decks/ZaygAXyiinWYhhHgmvyv7Q,Merchant Scroll,1,Sorcery,979ad872-75c2-49ed-a4c6-7e0c7595e900,https://api.scryfall.com/cards/979ad872-75c2-49ed-a4c6-7e0c7595e900?format=image&version=normal
ZaygAXyiinWYhhHgmvyv7Q,https://moxfield.com/decks/ZaygAXyiinWYhhHgmvyv7Q,Mind's Desire,1,Sorcery,1290e00b-c41b-4e30-8b65-a7fd4356d462,https://api.scryfall.com/cards/1290e00b-c41b-4e30-8b65-a7fd4356d462?format=image&version=normal
ZaygAXyiinWYhhHgmvyv7Q,https://moxfield.com/decks/ZaygAXyiinWYhhHgmvyv7Q,Peer Through Depths,1,Instant — Arcane,ae3cc8b1-19af-426e-8b8b-d94b3280c728,https://api.scryfall.com/cards/ae3cc8b1-19af-426e-8b8b-d94b3280c728?format=image&version=normal
ZaygAXyiinWYhhHgmvyv7Q,https://moxfield.com/decks/ZaygAXyiinWYhhHgmvyv7Q,Preordain,4,Sorcery,78d22ece-0cb1-4faf-a871-995449c1a41f,https://api.scryfall.com/cards/78d22ece-0cb1-4faf-a871-995449c1a41f?format=image&version=normal
ZaygAXyiinWYhhHgmvyv7Q,https://moxfield.com/decks/ZaygAXyiinWYhhHgmvyv7Q,Remand,2,Instant,36de9999-8d0a-4174-8e38-549bacdc128b,https://api.scryfall.com/cards/36de9999-8d0a-4174-8e38-549bacdc128b?format=image&version=normal
ZaygAXyiinWYhhHgmvyv7Q,https://moxfield.com/decks/ZaygAXyiinWYhhHgmvyv7Q,Sleight of Hand,2,Sorcery,c837c418-2fe9-4ce8-b76d-c37241579a93,https://api.scryfall.com/cards/c837c418-2fe9-4ce8-b76d-c37241579a93?format=image&version=normal
ZaygAXyiinWYhhHgmvyv7Q,https://moxfield.com/decks/ZaygAXyiinWYhhHgmvyv7Q,Spell Snare,1,Instant,b7551b61-656e-4f37-b9da-73174db983b7,https://api.scryfall.com/cards/b7551b61-656e-4f37-b9da-73174db983b7?format=image&version=normal
ZaygAXyiinWYhhHgmvyv7Q,https://moxfield.com/decks/ZaygAXyiinWYhhHgmvyv7Q,Treasure Cruise,1,Sorcery,a6e97db4-f447-46c3-8be7-66f22bb349b4,https://api.scryfall.com/cards/a6e97db4-f447-46c3-8be7-66f22bb349b4?format=image&version=normal
ZaygAXyiinWYhhHgmvyv7Q,https://moxfield.com/decks/ZaygAXyiinWYhhHgmvyv7Q,Turnabout,3,Instant,22702a76-f8ed-4a73-ba9d-f928add32d85,https://api.scryfall.com/cards/22702a76-f8ed-4a73-ba9d-f928add32d85?format=image&version=normal
Zr-gAdLTXnam57Lc6ZoRmw,https://moxfield.com/decks/Zr-gAdLTXnam57Lc6ZoRmw,Cephalid Illusionist,4,Creature — Octopus Wizard,f6499403-1632-45ec-b5fd-9f3ab2cd6446,https://api.scryfall.com/cards/f6499403-1632-45ec-b5fd-9f3ab2cd6446?format=image&version=normal
Zr-gAdLTXnam57Lc6ZoRmw,https://moxfield.com/decks/Zr-gAdLTXnam57Lc6ZoRmw,Currency Converter,2,Artifact,4eab054c-93f8-4da4-afb9-8f4c73c19213,https://api.scryfall.com/cards/4eab054c-93f8-4da4-afb9-8f4c73c19213?format=image&version=normal
Zr-gAdLTXnam57Lc6ZoRmw,https://moxfield.com/decks/Zr-gAdLTXnam57Lc6ZoRmw,Dread Return,1,Sorcery,34a87901-98bb-41dd-b566-bcb510c20022,https://api.scryfall.com/cards/34a87901-98bb-41dd-b566-bcb510c20022?format=image&version=normal
Zr-gAdLTXnam57Lc6ZoRmw,https://moxfield.com/decks/Zr-gAdLTXnam57Lc6ZoRmw,Eldrazi Displacer,1,Creature — Eldrazi,f0bb1a5c-0f59-4951-827f-fe9df968232d,https://api.scryfall.com/cards/f0bb1a5c-0f59-4951-827f-fe9df968232d?format=image&version=normal
Zr-gAdLTXnam57Lc6ZoRmw,https://moxfield.com/decks/Zr-gAdLTXnam57Lc6ZoRmw,Hostility,1,Creature — Elemental Incarnation,a6fc64af-f766-4022-9b36-82aa57b5a09d,https://api.scryfall.com/cards/a6fc64af-f766-4022-9b36-82aa57b5a09d?format=image&version=normal
Zr-gAdLTXnam57Lc6ZoRmw,https://moxfield.com/decks/Zr-gAdLTXnam57Lc6ZoRmw,Jolted Awake,2,Sorcery,f773a79f-ad0f-45c9-bcf5-44ba5e992729,https://api.scryfall.com/cards/f773a79f-ad0f-45c9-bcf5-44ba5e992729?format=image&version=normal
Zr-gAdLTXnam57Lc6ZoRmw,https://moxfield.com/decks/Zr-gAdLTXnam57Lc6ZoRmw,Narcomoeba,3,Creature — Illusion,3de38943-8f61-4be9-839b-370830c555cf,https://api.scryfall.com/cards/3de38943-8f61-4be9-839b-370830c555cf?format=image&version=normal
Zr-gAdLTXnam57Lc6ZoRmw,https://moxfield.com/decks/Zr-gAdLTXnam57Lc6ZoRmw,Nomads en-Kor,4,Creature — Kor Nomad Soldier,8175c3fd-adc1-45f6-9767-0b76bb6332af,https://api.scryfall.com/cards/8175c3fd-adc1-45f6-9767-0b76bb6332af?format=image&version=normal
Zr-gAdLTXnam57Lc6ZoRmw,https://moxfield.com/decks/Zr-gAdLTXnam57Lc6ZoRmw,Preordain,3,Sorcery,78d22ece-0cb1-4faf-a871-995449c1a41f,https://api.scryfall.com/cards/78d22ece-0cb1-4faf-a871-995449c1a41f?format=image&version=normal
Zr-gAdLTXnam57Lc6ZoRmw,https://moxfield.com/decks/Zr-gAdLTXnam57Lc6ZoRmw,Professor Hojo,4,Legendary Creature — Human Scientist,107ffe2e-47eb-43de-bc9e-c68013b62912,https://api.scryfall.com/cards/107ffe2e-47eb-43de-bc9e-c68013b62912?format=image&version=normal
Zr-gAdLTXnam57Lc6ZoRmw,https://moxfield.com/decks/Zr-gAdLTXnam57Lc6ZoRmw,Shuko,3,Artifact — Equipment,a88ed77e-5eae-4282-8f19-75dc8437f83d,https://api.scryfall.com/cards/a88ed77e-5eae-4282-8f19-75dc8437f83d?format=image&version=normal
Zr-gAdLTXnam57Lc6ZoRmw,https://moxfield.com/decks/Zr-gAdLTXnam57Lc6ZoRmw,Sol Ring,1,Artifact,a7fc546e-7e3c-436d-a0b9-9ac3548ec344,https://api.scryfall.com/cards/a7fc546e-7e3c-436d-a0b9-9ac3548ec344?format=image&version=normal
Zr-gAdLTXnam57Lc6ZoRmw,https://moxfield.com/decks/Zr-gAdLTXnam57Lc6ZoRmw,Static Prison,2,Enchantment,dd16222e-349c-4a2b-a7c8-8eb35a8ab332,https://api.scryfall.com/cards/dd16222e-349c-4a2b-a7c8-8eb35a8ab332?format=image&version=normal
Zr-gAdLTXnam57Lc6ZoRmw,https://moxfield.com/decks/Zr-gAdLTXnam57Lc6ZoRmw,Step Through,1,Sorcery,716534cb-aa89-4de7-9aa5-8d8aa4422a6a,https://api.scryfall.com/cards/716534cb-aa89-4de7-9aa5-8d8aa4422a6a?format=image&version=normal
Zr-gAdLTXnam57Lc6ZoRmw,https://moxfield.com/decks/Zr-gAdLTXnam57Lc6ZoRmw,Stock Up,3,Sorcery,0a786855-6eb4-42c0-a528-4842db46809d,https://api.scryfall.com/cards/0a786855-6eb4-42c0-a528-4842db46809d?format=image&version=normal
Zr-gAdLTXnam57Lc6ZoRmw,https://moxfield.com/decks/Zr-gAdLTXnam57Lc6ZoRmw,"The Duke, Rebel Sentry",1,Legendary Creature — Human Rebel Ally,cd9d91a8-7315-4355-af99-941f3cf7398c,https://api.scryfall.com/cards/cd9d91a8-7315-4355-af99-941f3cf7398c?format=image&version=normal
Zr-gAdLTXnam57Lc6ZoRmw,https://moxfield.com/decks/Zr-gAdLTXnam57Lc6ZoRmw,Trinket Mage,1,Creature — Human Wizard,cb52e7ba-5340-44e1-9b63-775e1f387925,https://api.scryfall.com/cards/cb52e7ba-5340-44e1-9b63-775e1f387925?format=image&version=normal
Zr-gAdLTXnam57Lc6ZoRmw,https://moxfield.com/decks/Zr-gAdLTXnam57Lc6ZoRmw,Undead Hand Ninja,1,Creature — Zombie Ninja Villain,059bffc0-d509-4c3c-8af3-bd44959f2d82,https://api.scryfall.com/cards/059bffc0-d509-4c3c-8af3-bd44959f2d82?format=image&version=normal
ZvufAVz9E3SI1DNQvFl2Xg,https://moxfield.com/decks/ZvufAVz9E3SI1DNQvFl2Xg,Arboreal Grazer,4,Creature — Sloth Beast,6d00ced6-7ba3-4d78-a680-9d3211704ca2,https://api.scryfall.com/cards/6d00ced6-7ba3-4d78-a680-9d3211704ca2?format=image&version=normal
ZvufAVz9E3SI1DNQvFl2Xg,https://moxfield.com/decks/ZvufAVz9E3SI1DNQvFl2Xg,Emergent Ultimatum,3,Sorcery,3a6a52ab-6d38-4429-9969-90064e615152,https://api.scryfall.com/cards/3a6a52ab-6d38-4429-9969-90064e615152?format=image&version=normal
ZvufAVz9E3SI1DNQvFl2Xg,https://moxfield.com/decks/ZvufAVz9E3SI1DNQvFl2Xg,Fae of Wishes // Granted,1,Creature — Faerie Wizard // Sorcery — Adventure,e3435fd6-8f51-4d99-a278-4ddb088acfe1,https://api.scryfall.com/cards/e3435fd6-8f51-4d99-a278-4ddb088acfe1?format=image&version=normal
ZvufAVz9E3SI1DNQvFl2Xg,https://moxfield.com/decks/ZvufAVz9E3SI1DNQvFl2Xg,Frantic Search,4,Instant,a1c71f3e-16be-492a-8a3e-5911867270bd,https://api.scryfall.com/cards/a1c71f3e-16be-492a-8a3e-5911867270bd?format=image&version=normal
ZvufAVz9E3SI1DNQvFl2Xg,https://moxfield.com/decks/ZvufAVz9E3SI1DNQvFl2Xg,Impulse,4,Instant,3ec50625-5e14-4fd0-9a96-86f195342695,https://api.scryfall.com/cards/3ec50625-5e14-4fd0-9a96-86f195342695?format=image&version=normal
ZvufAVz9E3SI1DNQvFl2Xg,https://moxfield.com/decks/ZvufAVz9E3SI1DNQvFl2Xg,"Lier, Disciple of the Drowned",1,Legendary Creature — Human Wizard,b8b70585-e0ea-4cb4-9360-a8ab47626696,https://api.scryfall.com/cards/b8b70585-e0ea-4cb4-9360-a8ab47626696?format=image&version=normal
ZvufAVz9E3SI1DNQvFl2Xg,https://moxfield.com/decks/ZvufAVz9E3SI1DNQvFl2Xg,Mastermind's Acquisition,1,Sorcery,2f00f09b-a113-460e-ac2f-d3988a83179e,https://api.scryfall.com/cards/2f00f09b-a113-460e-ac2f-d3988a83179e?format=image&version=normal
ZvufAVz9E3SI1DNQvFl2Xg,https://moxfield.com/decks/ZvufAVz9E3SI1DNQvFl2Xg,Mind's Desire,1,Sorcery,1290e00b-c41b-4e30-8b65-a7fd4356d462,https://api.scryfall.com/cards/1290e00b-c41b-4e30-8b65-a7fd4356d462?format=image&version=normal
ZvufAVz9E3SI1DNQvFl2Xg,https://moxfield.com/decks/ZvufAVz9E3SI1DNQvFl2Xg,Once Upon a Time,4,Instant,ec275844-6ed6-4d05-9c02-b5a566a7fd5d,https://api.scryfall.com/cards/ec275844-6ed6-4d05-9c02-b5a566a7fd5d?format=image&version=normal
ZvufAVz9E3SI1DNQvFl2Xg,https://moxfield.com/decks/ZvufAVz9E3SI1DNQvFl2Xg,Pore Over the Pages,4,Sorcery,b26a1cb5-af6b-4f44-8415-6801fe522345,https://api.scryfall.com/cards/b26a1cb5-af6b-4f44-8415-6801fe522345?format=image&version=normal
ZvufAVz9E3SI1DNQvFl2Xg,https://moxfield.com/decks/ZvufAVz9E3SI1DNQvFl2Xg,Sylvan Scrying,4,Sorcery,d5f11a08-8324-461a-8dbd-ecef0e511dee,https://api.scryfall.com/cards/d5f11a08-8324-461a-8dbd-ecef0e511dee?format=image&version=normal
ZvufAVz9E3SI1DNQvFl2Xg,https://moxfield.com/decks/ZvufAVz9E3SI1DNQvFl2Xg,Twiddle,4,Instant,d9483fed-0fc8-4aff-b1b4-8470166fdb9b,https://api.scryfall.com/cards/d9483fed-0fc8-4aff-b1b4-8470166fdb9b?format=image&version=normal
ZvufAVz9E3SI1DNQvFl2Xg,https://moxfield.com/decks/ZvufAVz9E3SI1DNQvFl2Xg,Vizier of Tumbling Sands,4,Creature — Human Cleric,a9aef509-50f0-4848-87d5-3c169453186f,https://api.scryfall.com/cards/a9aef509-50f0-4848-87d5-3c169453186f?format=image&version=normal
aaygAXBR83KTpz-aSYrjSA,https://www.moxfield.com/decks/aaygAXBR83KTpz-aSYrjSA,Dack Fayden,2,Legendary Planeswalker — Dack,e056904d-4bd6-41c9-93e9-6cd4860dbfcb,https://api.scryfall.com/cards/e056904d-4bd6-41c9-93e9-6cd4860dbfcb?format=image&version=normal
aaygAXBR83KTpz-aSYrjSA,https://www.moxfield.com/decks/aaygAXBR83KTpz-aSYrjSA,Darkblast,1,Instant,075fc4cb-49ac-4488-a24d-bc687f027182,https://api.scryfall.com/cards/075fc4cb-49ac-4488-a24d-bc687f027182?format=image&version=normal
aaygAXBR83KTpz-aSYrjSA,https://www.moxfield.com/decks/aaygAXBR83KTpz-aSYrjSA,Firdoch Core,4,Kindred Artifact — Shapeshifter,8e45cd37-bf97-4742-978d-96f96ed653cd,https://api.scryfall.com/cards/8e45cd37-bf97-4742-978d-96f96ed653cd?format=image&version=normal
aaygAXBR83KTpz-aSYrjSA,https://www.moxfield.com/decks/aaygAXBR83KTpz-aSYrjSA,Heartless Act,2,Instant,ec166c2f-b70f-4598-afee-c2df1177e452,https://api.scryfall.com/cards/ec166c2f-b70f-4598-afee-c2df1177e452?format=image&version=normal
aaygAXBR83KTpz-aSYrjSA,https://www.moxfield.com/decks/aaygAXBR83KTpz-aSYrjSA,Hymn to Tourach,4,Sorcery,5bc50e08-dd6f-4ea7-87f8-cce72bafb928,https://api.scryfall.com/cards/5bc50e08-dd6f-4ea7-87f8-cce72bafb928?format=image&version=normal
aaygAXBR83KTpz-aSYrjSA,https://www.moxfield.com/decks/aaygAXBR83KTpz-aSYrjSA,Inquisition of Kozilek,4,Sorcery,40a3b4a6-1f87-4060-896e-e05aee0cbfee,https://api.scryfall.com/cards/40a3b4a6-1f87-4060-896e-e05aee0cbfee?format=image&version=normal
aaygAXBR83KTpz-aSYrjSA,https://www.moxfield.com/decks/aaygAXBR83KTpz-aSYrjSA,Kolaghan's Command,3,Instant,666317db-2f38-4187-b6a5-7947d0c1591b,https://api.scryfall.com/cards/666317db-2f38-4187-b6a5-7947d0c1591b?format=image&version=normal
aaygAXBR83KTpz-aSYrjSA,https://www.moxfield.com/decks/aaygAXBR83KTpz-aSYrjSA,Liquimetal Coating,4,Artifact,a8fc80eb-f158-479f-8626-c9665e2f8248,https://api.scryfall.com/cards/a8fc80eb-f158-479f-8626-c9665e2f8248?format=image&version=normal
aaygAXBR83KTpz-aSYrjSA,https://www.moxfield.com/decks/aaygAXBR83KTpz-aSYrjSA,Pink Horror,4,Creature — Demon Horror,6831de3d-b8d8-4c44-84e2-dbde719d733d,https://api.scryfall.com/cards/6831de3d-b8d8-4c44-84e2-dbde719d733d?format=image&version=normal
aaygAXBR83KTpz-aSYrjSA,https://www.moxfield.com/decks/aaygAXBR83KTpz-aSYrjSA,Shenanigans,4,Sorcery,580c6fe2-ab43-491e-a1b2-d076a5c2a74e,https://api.scryfall.com/cards/580c6fe2-ab43-491e-a1b2-d076a5c2a74e?format=image&version=normal
aaygAXBR83KTpz-aSYrjSA,https://www.moxfield.com/decks/aaygAXBR83KTpz-aSYrjSA,Sol Ring,1,Artifact,83a0f2eb-2f6d-4aaa-b7a9-ea06d5de7eca,https://api.scryfall.com/cards/83a0f2eb-2f6d-4aaa-b7a9-ea06d5de7eca?format=image&version=normal
aaygAXBR83KTpz-aSYrjSA,https://www.moxfield.com/decks/aaygAXBR83KTpz-aSYrjSA,Unholy Annex // Ritual Chamber,4,Enchantment — Room // Enchantment — Room,0fb666ce-b2a5-4af1-8112-acad88715438,https://api.scryfall.com/cards/0fb666ce-b2a5-4af1-8112-acad88715438?format=image&version=normal
aqygAWuBy3q-DA8IHmHwJg,https://www.moxfield.com/decks/aqygAWuBy3q-DA8IHmHwJg,Channel,1,Sorcery,e42eb95f-638d-410c-a830-a414fb2494ec,https://api.scryfall.com/cards/e42eb95f-638d-410c-a830-a414fb2494ec?format=image&version=normal
aqygAWuBy3q-DA8IHmHwJg,https://www.moxfield.com/decks/aqygAWuBy3q-DA8IHmHwJg,Coveted Jewel,1,Artifact,c3e1d4a4-8e83-41ad-b7c2-8115404d852b,https://api.scryfall.com/cards/c3e1d4a4-8e83-41ad-b7c2-8115404d852b?format=image&version=normal
aqygAWuBy3q-DA8IHmHwJg,https://www.moxfield.com/decks/aqygAWuBy3q-DA8IHmHwJg,Energy Refractor,4,Artifact,cc2a81fb-5045-4b7b-8cfb-b90c4f4a1f51,https://api.scryfall.com/cards/cc2a81fb-5045-4b7b-8cfb-b90c4f4a1f51?format=image&version=normal
aqygAWuBy3q-DA8IHmHwJg,https://www.moxfield.com/decks/aqygAWuBy3q-DA8IHmHwJg,Galvanic Discharge,2,Instant,32aa6e33-221f-414c-9b51-850d97a7e051,https://api.scryfall.com/cards/32aa6e33-221f-414c-9b51-850d97a7e051?format=image&version=normal
aqygAWuBy3q-DA8IHmHwJg,https://www.moxfield.com/decks/aqygAWuBy3q-DA8IHmHwJg,Galvanic Relay,1,Sorcery,ad0a4bba-4512-4718-89b5-f02331f3aa5f,https://api.scryfall.com/cards/ad0a4bba-4512-4718-89b5-f02331f3aa5f?format=image&version=normal
aqygAWuBy3q-DA8IHmHwJg,https://www.moxfield.com/decks/aqygAWuBy3q-DA8IHmHwJg,Giant's Boulder,4,Artifact,ce254758-c928-4b43-a952-13fac1845668,https://api.scryfall.com/cards/ce254758-c928-4b43-a952-13fac1845668?format=image&version=normal
aqygAWuBy3q-DA8IHmHwJg,https://www.moxfield.com/decks/aqygAWuBy3q-DA8IHmHwJg,Grapeshot,1,Sorcery,e3e2d90a-3557-49d5-9986-cb50fd31f396,https://api.scryfall.com/cards/e3e2d90a-3557-49d5-9986-cb50fd31f396?format=image&version=normal
aqygAWuBy3q-DA8IHmHwJg,https://www.moxfield.com/decks/aqygAWuBy3q-DA8IHmHwJg,Helm of Awakening,4,Artifact,13571bf6-44e1-4975-999d-c44e6709dd5d,https://api.scryfall.com/cards/13571bf6-44e1-4975-999d-c44e6709dd5d?format=image&version=normal
aqygAWuBy3q-DA8IHmHwJg,https://www.moxfield.com/decks/aqygAWuBy3q-DA8IHmHwJg,"Meria, Scholar of Antiquity",4,Legendary Creature — Elf Artificer,378b99b7-9b7b-4596-b41e-641ff4630d99,https://api.scryfall.com/cards/378b99b7-9b7b-4596-b41e-641ff4630d99?format=image&version=normal
aqygAWuBy3q-DA8IHmHwJg,https://www.moxfield.com/decks/aqygAWuBy3q-DA8IHmHwJg,Mystic Forge,1,Artifact,4415cd76-f953-455e-afb0-c0a0f150643f,https://api.scryfall.com/cards/4415cd76-f953-455e-afb0-c0a0f150643f?format=image&version=normal
aqygAWuBy3q-DA8IHmHwJg,https://www.moxfield.com/decks/aqygAWuBy3q-DA8IHmHwJg,Paradox Engine,1,Legendary Artifact,fd8ccd81-9e11-47fa-8e16-064c52c24506,https://api.scryfall.com/cards/fd8ccd81-9e11-47fa-8e16-064c52c24506?format=image&version=normal
aqygAWuBy3q-DA8IHmHwJg,https://www.moxfield.com/decks/aqygAWuBy3q-DA8IHmHwJg,Paradoxical Outcome,4,Instant,eaa2fc8b-6a5e-4092-a1b5-66b02e689edf,https://api.scryfall.com/cards/eaa2fc8b-6a5e-4092-a1b5-66b02e689edf?format=image&version=normal
aqygAWuBy3q-DA8IHmHwJg,https://www.moxfield.com/decks/aqygAWuBy3q-DA8IHmHwJg,Prophetic Prism,4,Artifact,b15b29a2-9e6f-45b7-8af5-f09779aae58e,https://api.scryfall.com/cards/b15b29a2-9e6f-45b7-8af5-f09779aae58e?format=image&version=normal
aqygAWuBy3q-DA8IHmHwJg,https://www.moxfield.com/decks/aqygAWuBy3q-DA8IHmHwJg,Sleeper Dart,4,Artifact,311f827a-1585-483e-b0fd-3dc05969b485,https://api.scryfall.com/cards/311f827a-1585-483e-b0fd-3dc05969b485?format=image&version=normal
aqygAWuBy3q-DA8IHmHwJg,https://www.moxfield.com/decks/aqygAWuBy3q-DA8IHmHwJg,Sol Ring,1,Artifact,83a0f2eb-2f6d-4aaa-b7a9-ea06d5de7eca,https://api.scryfall.com/cards/83a0f2eb-2f6d-4aaa-b7a9-ea06d5de7eca?format=image&version=normal
aqygAWuBy3q-DA8IHmHwJg,https://www.moxfield.com/decks/aqygAWuBy3q-DA8IHmHwJg,Tinker,1,Sorcery,ff616131-289b-4eec-bef0-5f519d5a81a5,https://api.scryfall.com/cards/ff616131-289b-4eec-bef0-5f519d5a81a5?format=image&version=normal
aqygAWuBy3q-DA8IHmHwJg,https://www.moxfield.com/decks/aqygAWuBy3q-DA8IHmHwJg,Wish,4,Sorcery,345d6907-aebf-43f9-b70e-098b364b2ec5,https://api.scryfall.com/cards/345d6907-aebf-43f9-b70e-098b364b2ec5?format=image&version=normal
atCgAUX5qnmQSDwsuA-9RA,https://moxfield.com/decks/atCgAUX5qnmQSDwsuA-9RA,Annoyed Altisaur,4,Creature — Dinosaur,7536d618-0c98-45bb-913b-b8117b4acf87,https://api.scryfall.com/cards/7536d618-0c98-45bb-913b-b8117b4acf87?format=image&version=normal
atCgAUX5qnmQSDwsuA-9RA,https://moxfield.com/decks/atCgAUX5qnmQSDwsuA-9RA,Breaching Dragonstorm,4,Enchantment,e2c2a069-7553-4879-abfb-b2aa3349e4b8,https://api.scryfall.com/cards/e2c2a069-7553-4879-abfb-b2aa3349e4b8?format=image&version=normal
atCgAUX5qnmQSDwsuA-9RA,https://moxfield.com/decks/atCgAUX5qnmQSDwsuA-9RA,Creative Technique,4,Sorcery,c0b5ba5f-ac25-4134-91c1-9677ba86576c,https://api.scryfall.com/cards/c0b5ba5f-ac25-4134-91c1-9677ba86576c?format=image&version=normal
atCgAUX5qnmQSDwsuA-9RA,https://moxfield.com/decks/atCgAUX5qnmQSDwsuA-9RA,Hit the Mother Lode,1,Sorcery,6b3ed0f5-b476-4595-bdff-531488961a87,https://api.scryfall.com/cards/6b3ed0f5-b476-4595-bdff-531488961a87?format=image&version=normal
atCgAUX5qnmQSDwsuA-9RA,https://moxfield.com/decks/atCgAUX5qnmQSDwsuA-9RA,Maelstrom Wanderer,4,Legendary Creature — Elemental,5685b28a-b943-4143-b9ed-4796c1ffbf9c,https://api.scryfall.com/cards/5685b28a-b943-4143-b9ed-4796c1ffbf9c?format=image&version=normal
atCgAUX5qnmQSDwsuA-9RA,https://moxfield.com/decks/atCgAUX5qnmQSDwsuA-9RA,Sakashima's Protege,4,Creature — Shapeshifter,cce06cd4-099b-445f-af95-76564ee24668,https://api.scryfall.com/cards/cce06cd4-099b-445f-af95-76564ee24668?format=image&version=normal
atCgAUX5qnmQSDwsuA-9RA,https://moxfield.com/decks/atCgAUX5qnmQSDwsuA-9RA,Sweet-Gum Recluse,4,Creature — Spider,2d3c6325-450d-47f3-a69b-cdfc25ae65e6,https://api.scryfall.com/cards/2d3c6325-450d-47f3-a69b-cdfc25ae65e6?format=image&version=normal
atCgAUX5qnmQSDwsuA-9RA,https://moxfield.com/decks/atCgAUX5qnmQSDwsuA-9RA,Trumpeting Carnosaur,3,Creature — Dinosaur,a19d36df-0f57-430b-8321-a4eb0bdcf0fa,https://api.scryfall.com/cards/a19d36df-0f57-430b-8321-a4eb0bdcf0fa?format=image&version=normal
bKygAe6BznKFmfDft_XIdg,https://www.moxfield.com/decks/bKygAe6BznKFmfDft_XIdg,Absorb,2,Instant,1e8a43c1-42d1-45ef-8a63-4b87775a6e88,https://api.scryfall.com/cards/1e8a43c1-42d1-45ef-8a63-4b87775a6e88?format=image&version=normal
bKygAe6BznKFmfDft_XIdg,https://www.moxfield.com/decks/bKygAe6BznKFmfDft_XIdg,"Captain Marvel, Earth's Protector",2,Legendary Creature — Human Kree Hero,eb098550-22e6-4079-8c59-ed9ec2f764e3,https://api.scryfall.com/cards/eb098550-22e6-4079-8c59-ed9ec2f764e3?format=image&version=normal
bKygAe6BznKFmfDft_XIdg,https://www.moxfield.com/decks/bKygAe6BznKFmfDft_XIdg,Condemn,1,Instant,23cb1217-029d-42af-bd38-971fbc26f92d,https://api.scryfall.com/cards/23cb1217-029d-42af-bd38-971fbc26f92d?format=image&version=normal
bKygAe6BznKFmfDft_XIdg,https://www.moxfield.com/decks/bKygAe6BznKFmfDft_XIdg,Day of Judgment,1,Sorcery,ef2e4c6a-fb82-4633-bc59-7c674f85ba34,https://api.scryfall.com/cards/ef2e4c6a-fb82-4633-bc59-7c674f85ba34?format=image&version=normal
bKygAe6BznKFmfDft_XIdg,https://www.moxfield.com/decks/bKygAe6BznKFmfDft_XIdg,Day's Undoing,1,Sorcery,ac13a82d-43f5-4b96-bf5f-18e33fae921b,https://api.scryfall.com/cards/ac13a82d-43f5-4b96-bf5f-18e33fae921b?format=image&version=normal
bKygAe6BznKFmfDft_XIdg,https://www.moxfield.com/decks/bKygAe6BznKFmfDft_XIdg,Dig Through Time,1,Instant,020939d6-72f0-4aa0-9ac2-d16cc896cd7f,https://api.scryfall.com/cards/020939d6-72f0-4aa0-9ac2-d16cc896cd7f?format=image&version=normal
bKygAe6BznKFmfDft_XIdg,https://www.moxfield.com/decks/bKygAe6BznKFmfDft_XIdg,Hullbreacher,2,Creature — Merfolk Pirate,c2a0530f-7b72-4a33-8eec-bcd75d9c3045,https://api.scryfall.com/cards/c2a0530f-7b72-4a33-8eec-bcd75d9c3045?format=image&version=normal
bKygAe6BznKFmfDft_XIdg,https://www.moxfield.com/decks/bKygAe6BznKFmfDft_XIdg,Impulse,4,Instant,c9d518a9-ee23-49b2-af54-3de669a1bd53,https://api.scryfall.com/cards/c9d518a9-ee23-49b2-af54-3de669a1bd53?format=image&version=normal
bKygAe6BznKFmfDft_XIdg,https://www.moxfield.com/decks/bKygAe6BznKFmfDft_XIdg,Mana Leak,4,Instant,a7c7757d-8036-4b33-a1cb-07795d392588,https://api.scryfall.com/cards/a7c7757d-8036-4b33-a1cb-07795d392588?format=image&version=normal
bKygAe6BznKFmfDft_XIdg,https://www.moxfield.com/decks/bKygAe6BznKFmfDft_XIdg,Memory Deluge,2,Instant,1ce12fd8-1977-4cae-aeb5-c56e68373228,https://api.scryfall.com/cards/1ce12fd8-1977-4cae-aeb5-c56e68373228?format=image&version=normal
bKygAe6BznKFmfDft_XIdg,https://www.moxfield.com/decks/bKygAe6BznKFmfDft_XIdg,Preordain,3,Sorcery,78d22ece-0cb1-4faf-a871-995449c1a41f,https://api.scryfall.com/cards/78d22ece-0cb1-4faf-a871-995449c1a41f?format=image&version=normal
bKygAe6BznKFmfDft_XIdg,https://www.moxfield.com/decks/bKygAe6BznKFmfDft_XIdg,Prismatic Ending,1,Sorcery,fd5a8bd5-fbd6-4e0d-9aee-685b8c2068ae,https://api.scryfall.com/cards/fd5a8bd5-fbd6-4e0d-9aee-685b8c2068ae?format=image&version=normal
bKygAe6BznKFmfDft_XIdg,https://www.moxfield.com/decks/bKygAe6BznKFmfDft_XIdg,Sol Ring,1,Artifact,83a0f2eb-2f6d-4aaa-b7a9-ea06d5de7eca,https://api.scryfall.com/cards/83a0f2eb-2f6d-4aaa-b7a9-ea06d5de7eca?format=image&version=normal
bKygAe6BznKFmfDft_XIdg,https://www.moxfield.com/decks/bKygAe6BznKFmfDft_XIdg,Spell Queller,2,Creature — Spirit,2b46a6c6-26d0-4ccb-84c9-2702f1a0f65b,https://api.scryfall.com/cards/2b46a6c6-26d0-4ccb-84c9-2702f1a0f65b?format=image&version=normal
bKygAe6BznKFmfDft_XIdg,https://www.moxfield.com/decks/bKygAe6BznKFmfDft_XIdg,Spell Snare,2,Instant,b7551b61-656e-4f37-b9da-73174db983b7,https://api.scryfall.com/cards/b7551b61-656e-4f37-b9da-73174db983b7?format=image&version=normal
bKygAe6BznKFmfDft_XIdg,https://www.moxfield.com/decks/bKygAe6BznKFmfDft_XIdg,Swords to Plowshares,4,Instant,06554274-78ee-4bfc-b203-b81cb4639427,https://api.scryfall.com/cards/06554274-78ee-4bfc-b203-b81cb4639427?format=image&version=normal
bKygAe6BznKFmfDft_XIdg,https://www.moxfield.com/decks/bKygAe6BznKFmfDft_XIdg,"Teferi, Hero of Dominaria",1,Legendary Planeswalker — Teferi,069f45a2-aef4-4b10-8107-3695370b276a,https://api.scryfall.com/cards/069f45a2-aef4-4b10-8107-3695370b276a?format=image&version=normal
bKygAe6BznKFmfDft_XIdg,https://www.moxfield.com/decks/bKygAe6BznKFmfDft_XIdg,Temporary Lockdown,2,Enchantment,82b3088f-7b49-45e9-b447-129a597ceb75,https://api.scryfall.com/cards/82b3088f-7b49-45e9-b447-129a597ceb75?format=image&version=normal
bNCgAQ9KMnGQTBctBoAh4g,https://moxfield.com/decks/bNCgAQ9KMnGQTBctBoAh4g,Arbor Elf,4,Creature — Elf Druid,b7d6b117-0c14-4455-92fc-29555ee75d97,https://api.scryfall.com/cards/b7d6b117-0c14-4455-92fc-29555ee75d97?format=image&version=normal
bNCgAQ9KMnGQTBctBoAh4g,https://moxfield.com/decks/bNCgAQ9KMnGQTBctBoAh4g,Bonecrusher Giant // Stomp,3,Creature — Giant // Instant — Adventure,3a6431fd-4b79-488e-a0c0-57731616bd08,https://api.scryfall.com/cards/3a6431fd-4b79-488e-a0c0-57731616bd08?format=image&version=normal
bNCgAQ9KMnGQTBctBoAh4g,https://moxfield.com/decks/bNCgAQ9KMnGQTBctBoAh4g,Caves of Chaos Adventurer,4,Creature — Human Barbarian,45fd73bc-edd9-4629-aa8a-8a2999949c70,https://api.scryfall.com/cards/45fd73bc-edd9-4629-aa8a-8a2999949c70?format=image&version=normal
bNCgAQ9KMnGQTBctBoAh4g,https://moxfield.com/decks/bNCgAQ9KMnGQTBctBoAh4g,Expedite,2,Instant,44072f87-3a99-49dd-9709-85aa83d4819f,https://api.scryfall.com/cards/44072f87-3a99-49dd-9709-85aa83d4819f?format=image&version=normal
bNCgAQ9KMnGQTBctBoAh4g,https://moxfield.com/decks/bNCgAQ9KMnGQTBctBoAh4g,Fury,4,Creature — Elemental Incarnation,932d0fb9-382d-464a-9427-b91fa2398cdb,https://api.scryfall.com/cards/932d0fb9-382d-464a-9427-b91fa2398cdb?format=image&version=normal
bNCgAQ9KMnGQTBctBoAh4g,https://moxfield.com/decks/bNCgAQ9KMnGQTBctBoAh4g,Heritage Reclamation,2,Instant,4f8fee37-a050-4329-8b10-46d150e7a95e,https://api.scryfall.com/cards/4f8fee37-a050-4329-8b10-46d150e7a95e?format=image&version=normal
bNCgAQ9KMnGQTBctBoAh4g,https://moxfield.com/decks/bNCgAQ9KMnGQTBctBoAh4g,"Migloz, Maze Crusher",2,Legendary Creature — Phyrexian Beast,28470a4c-4767-47d4-bd18-3c2ebbff5906,https://api.scryfall.com/cards/28470a4c-4767-47d4-bd18-3c2ebbff5906?format=image&version=normal
bNCgAQ9KMnGQTBctBoAh4g,https://moxfield.com/decks/bNCgAQ9KMnGQTBctBoAh4g,"Minsc & Boo, Timeless Heroes",3,Legendary Planeswalker — Minsc,dc01ee03-3817-4fd4-a93d-cd1121e62d95,https://api.scryfall.com/cards/dc01ee03-3817-4fd4-a93d-cd1121e62d95?format=image&version=normal
bNCgAQ9KMnGQTBctBoAh4g,https://moxfield.com/decks/bNCgAQ9KMnGQTBctBoAh4g,Orcish Lumberjack,2,Creature — Orc,21ef13e3-658c-43a3-a290-4c5dde8e8b55,https://api.scryfall.com/cards/21ef13e3-658c-43a3-a290-4c5dde8e8b55?format=image&version=normal
bNCgAQ9KMnGQTBctBoAh4g,https://moxfield.com/decks/bNCgAQ9KMnGQTBctBoAh4g,Pyroclasm,1,Sorcery,a454c426-dd7b-44e4-8404-adb4e0739e4a,https://api.scryfall.com/cards/a454c426-dd7b-44e4-8404-adb4e0739e4a?format=image&version=normal
bNCgAQ9KMnGQTBctBoAh4g,https://moxfield.com/decks/bNCgAQ9KMnGQTBctBoAh4g,Sol Ring,1,Artifact,9a34ac23-e318-4c0b-ab4c-e1eaa0e2547e,https://api.scryfall.com/cards/9a34ac23-e318-4c0b-ab4c-e1eaa0e2547e?format=image&version=normal
bNCgAQ9KMnGQTBctBoAh4g,https://moxfield.com/decks/bNCgAQ9KMnGQTBctBoAh4g,Tinder Wall,2,Creature — Plant Wall,2a7c6489-21e9-4b86-a54a-b1e2f1fce318,https://api.scryfall.com/cards/2a7c6489-21e9-4b86-a54a-b1e2f1fce318?format=image&version=normal
bNCgAQ9KMnGQTBctBoAh4g,https://moxfield.com/decks/bNCgAQ9KMnGQTBctBoAh4g,Undermountain Adventurer,4,Creature — Giant Warrior,5c5f3d5a-2d94-4765-bf51-192d7f6021b1,https://api.scryfall.com/cards/5c5f3d5a-2d94-4765-bf51-192d7f6021b1?format=image&version=normal
bNCgAQ9KMnGQTBctBoAh4g,https://moxfield.com/decks/bNCgAQ9KMnGQTBctBoAh4g,Utopia Sprawl,2,Enchantment — Aura,44d14297-f84b-40bd-bd0a-b67d13787ca0,https://api.scryfall.com/cards/44d14297-f84b-40bd-bd0a-b67d13787ca0?format=image&version=normal
bNCgAQ9KMnGQTBctBoAh4g,https://moxfield.com/decks/bNCgAQ9KMnGQTBctBoAh4g,Wild Growth,4,Enchantment — Aura,515daaba-c063-41d5-9539-25b8c8cb639c,https://api.scryfall.com/cards/515daaba-c063-41d5-9539-25b8c8cb639c?format=image&version=normal
bdCgAeVLJ3OkuMNOdscMvg,https://moxfield.com/decks/bdCgAeVLJ3OkuMNOdscMvg,Amped Raptor,4,Creature — Dinosaur,1ac0e78b-0fdd-44f9-8b7b-c4f28a32782e,https://api.scryfall.com/cards/1ac0e78b-0fdd-44f9-8b7b-c4f28a32782e?format=image&version=normal
bdCgAeVLJ3OkuMNOdscMvg,https://moxfield.com/decks/bdCgAeVLJ3OkuMNOdscMvg,Bloodtithe Harvester,2,Creature — Vampire,0c95e4b1-2fa8-420d-8c55-f74badb2bafa,https://api.scryfall.com/cards/0c95e4b1-2fa8-420d-8c55-f74badb2bafa?format=image&version=normal
bdCgAeVLJ3OkuMNOdscMvg,https://moxfield.com/decks/bdCgAeVLJ3OkuMNOdscMvg,"Cecil, Dark Knight // Cecil, Redeemed Paladin",1,Legendary Creature — Human Knight // Legendary Creature — Human Knight,026e7167-d665-43d0-a51e-8df2d68cdb5e,https://api.scryfall.com/cards/026e7167-d665-43d0-a51e-8df2d68cdb5e?format=image&version=normal
bdCgAeVLJ3OkuMNOdscMvg,https://moxfield.com/decks/bdCgAeVLJ3OkuMNOdscMvg,Deep-Cavern Bat,4,Creature — Bat,69c68c95-b788-43b1-9f22-1b22c5a00b25,https://api.scryfall.com/cards/69c68c95-b788-43b1-9f22-1b22c5a00b25?format=image&version=normal
bdCgAeVLJ3OkuMNOdscMvg,https://moxfield.com/decks/bdCgAeVLJ3OkuMNOdscMvg,Dragon's Rage Channeler,2,Creature — Human Shaman,8afabd77-d7b3-4544-b3ea-4423a6706b2e,https://api.scryfall.com/cards/8afabd77-d7b3-4544-b3ea-4423a6706b2e?format=image&version=normal
bdCgAeVLJ3OkuMNOdscMvg,https://moxfield.com/decks/bdCgAeVLJ3OkuMNOdscMvg,Galvanic Discharge,3,Instant,32aa6e33-221f-414c-9b51-850d97a7e051,https://api.scryfall.com/cards/32aa6e33-221f-414c-9b51-850d97a7e051?format=image&version=normal
bdCgAeVLJ3OkuMNOdscMvg,https://moxfield.com/decks/bdCgAeVLJ3OkuMNOdscMvg,Gonti's Machinations,4,Enchantment,6c97f5a9-6e04-45c3-aa8d-dcf0fd81d5b9,https://api.scryfall.com/cards/6c97f5a9-6e04-45c3-aa8d-dcf0fd81d5b9?format=image&version=normal
bdCgAeVLJ3OkuMNOdscMvg,https://moxfield.com/decks/bdCgAeVLJ3OkuMNOdscMvg,Hymn to Tourach,4,Sorcery,5bc50e08-dd6f-4ea7-87f8-cce72bafb928,https://api.scryfall.com/cards/5bc50e08-dd6f-4ea7-87f8-cce72bafb928?format=image&version=normal
bdCgAeVLJ3OkuMNOdscMvg,https://moxfield.com/decks/bdCgAeVLJ3OkuMNOdscMvg,Inquisition of Kozilek,4,Sorcery,40a3b4a6-1f87-4060-896e-e05aee0cbfee,https://api.scryfall.com/cards/40a3b4a6-1f87-4060-896e-e05aee0cbfee?format=image&version=normal
bdCgAeVLJ3OkuMNOdscMvg,https://moxfield.com/decks/bdCgAeVLJ3OkuMNOdscMvg,Lightning Bolt,2,Instant,c69f668b-cf28-495a-bbe1-24e9d0089fa1,https://api.scryfall.com/cards/c69f668b-cf28-495a-bbe1-24e9d0089fa1?format=image&version=normal
bdCgAeVLJ3OkuMNOdscMvg,https://moxfield.com/decks/bdCgAeVLJ3OkuMNOdscMvg,Mishra's Bauble,3,Artifact,607e2546-1139-4c1e-9b3b-eacb27bff510,https://api.scryfall.com/cards/607e2546-1139-4c1e-9b3b-eacb27bff510?format=image&version=normal
bdCgAeVLJ3OkuMNOdscMvg,https://moxfield.com/decks/bdCgAeVLJ3OkuMNOdscMvg,"Stick, Fearless Mentor",2,Legendary Creature — Human Monk Hero,75147899-6eda-41dd-acec-cfe09dc38ba2,https://api.scryfall.com/cards/75147899-6eda-41dd-acec-cfe09dc38ba2?format=image&version=normal
bdCgAeVLJ3OkuMNOdscMvg,https://moxfield.com/decks/bdCgAeVLJ3OkuMNOdscMvg,Unstable Amulet,4,Artifact,9d9949f5-8d6c-4ea9-b203-99e8a57a6c60,https://api.scryfall.com/cards/9d9949f5-8d6c-4ea9-b203-99e8a57a6c60?format=image&version=normal
bqugAZMcpXm0p7wb4MDpPg,https://www.moxfield.com/decks/bqugAZMcpXm0p7wb4MDpPg,Bitter Triumph,1,Instant,db465858-0593-4850-8f1d-400fe230a18d,https://api.scryfall.com/cards/db465858-0593-4850-8f1d-400fe230a18d?format=image&version=normal
bqugAZMcpXm0p7wb4MDpPg,https://www.moxfield.com/decks/bqugAZMcpXm0p7wb4MDpPg,Fatal Push,3,Instant,2430f223-edb2-402b-a85b-5d328323992d,https://api.scryfall.com/cards/2430f223-edb2-402b-a85b-5d328323992d?format=image&version=normal
bqugAZMcpXm0p7wb4MDpPg,https://www.moxfield.com/decks/bqugAZMcpXm0p7wb4MDpPg,Gerrard's Verdict,2,Sorcery,c4057a41-c8d1-40dd-ac38-abfe6564c8bc,https://api.scryfall.com/cards/c4057a41-c8d1-40dd-ac38-abfe6564c8bc?format=image&version=normal
bqugAZMcpXm0p7wb4MDpPg,https://www.moxfield.com/decks/bqugAZMcpXm0p7wb4MDpPg,Graveyard Trespasser // Graveyard Glutton,3,Creature — Human Werewolf // Creature — Werewolf,daa2a273-488f-4285-a069-ad159ad2d393,https://api.scryfall.com/cards/daa2a273-488f-4285-a069-ad159ad2d393?format=image&version=normal
bqugAZMcpXm0p7wb4MDpPg,https://www.moxfield.com/decks/bqugAZMcpXm0p7wb4MDpPg,Hymn to Tourach,4,Sorcery,5bc50e08-dd6f-4ea7-87f8-cce72bafb928,https://api.scryfall.com/cards/5bc50e08-dd6f-4ea7-87f8-cce72bafb928?format=image&version=normal
bqugAZMcpXm0p7wb4MDpPg,https://www.moxfield.com/decks/bqugAZMcpXm0p7wb4MDpPg,Inquisition of Kozilek,4,Sorcery,40a3b4a6-1f87-4060-896e-e05aee0cbfee,https://api.scryfall.com/cards/40a3b4a6-1f87-4060-896e-e05aee0cbfee?format=image&version=normal
bqugAZMcpXm0p7wb4MDpPg,https://www.moxfield.com/decks/bqugAZMcpXm0p7wb4MDpPg,"Ketramose, the New Dawn",3,Legendary Creature — God,7e2bf6e8-9029-4088-b07d-da506b11c95e,https://api.scryfall.com/cards/7e2bf6e8-9029-4088-b07d-da506b11c95e?format=image&version=normal
bqugAZMcpXm0p7wb4MDpPg,https://www.moxfield.com/decks/bqugAZMcpXm0p7wb4MDpPg,"Kunoros, Hound of Athreos",3,Legendary Creature — Dog,dbc0d2c3-8060-4155-b10e-d641648a4e6b,https://api.scryfall.com/cards/dbc0d2c3-8060-4155-b10e-d641648a4e6b?format=image&version=normal
bqugAZMcpXm0p7wb4MDpPg,https://www.moxfield.com/decks/bqugAZMcpXm0p7wb4MDpPg,Murderous Cut,1,Instant,b2dadff2-883f-4134-a881-be145cdcbd84,https://api.scryfall.com/cards/b2dadff2-883f-4134-a881-be145cdcbd84?format=image&version=normal
bqugAZMcpXm0p7wb4MDpPg,https://www.moxfield.com/decks/bqugAZMcpXm0p7wb4MDpPg,Palace Jailer,2,Creature — Human Soldier,9f129968-0af6-4ae4-a0c3-6f911a7bae22,https://api.scryfall.com/cards/9f129968-0af6-4ae4-a0c3-6f911a7bae22?format=image&version=normal
bqugAZMcpXm0p7wb4MDpPg,https://www.moxfield.com/decks/bqugAZMcpXm0p7wb4MDpPg,Passageway Seer,2,Creature — Tiefling Warlock,8aeee54a-5e16-4519-b04a-49eaaf896b9a,https://api.scryfall.com/cards/8aeee54a-5e16-4519-b04a-49eaaf896b9a?format=image&version=normal
bqugAZMcpXm0p7wb4MDpPg,https://www.moxfield.com/decks/bqugAZMcpXm0p7wb4MDpPg,Power Word Kill,1,Instant,8a8481f0-d110-4d0b-b8ba-8243be123d60,https://api.scryfall.com/cards/8a8481f0-d110-4d0b-b8ba-8243be123d60?format=image&version=normal
bqugAZMcpXm0p7wb4MDpPg,https://www.moxfield.com/decks/bqugAZMcpXm0p7wb4MDpPg,Sol Ring,1,Artifact,83a0f2eb-2f6d-4aaa-b7a9-ea06d5de7eca,https://api.scryfall.com/cards/83a0f2eb-2f6d-4aaa-b7a9-ea06d5de7eca?format=image&version=normal
bqugAZMcpXm0p7wb4MDpPg,https://www.moxfield.com/decks/bqugAZMcpXm0p7wb4MDpPg,Thraben Charm,4,Instant,dd28a646-f38f-4cdf-948c-969cd979e5e6,https://api.scryfall.com/cards/dd28a646-f38f-4cdf-948c-969cd979e5e6?format=image&version=normal
bqugAZMcpXm0p7wb4MDpPg,https://www.moxfield.com/decks/bqugAZMcpXm0p7wb4MDpPg,Vicious Battlerager,1,Creature — Dwarf Barbarian,20f939d8-3d41-4d8b-baea-7f022104c704,https://api.scryfall.com/cards/20f939d8-3d41-4d8b-baea-7f022104c704?format=image&version=normal
bqugAZMcpXm0p7wb4MDpPg,https://www.moxfield.com/decks/bqugAZMcpXm0p7wb4MDpPg,White Orchid Phantom,4,Creature — Spirit Knight,e6cebc57-d7b0-4e86-bc9e-ebb1de58f932,https://api.scryfall.com/cards/e6cebc57-d7b0-4e86-bc9e-ebb1de58f932?format=image&version=normal
brygAaUl536hGZk0PnNLoA,https://moxfield.com/decks/brygAaUl536hGZk0PnNLoA,"Captain Marvel, Earth's Protector",2,Legendary Creature — Human Kree Hero,eb098550-22e6-4079-8c59-ed9ec2f764e3,https://api.scryfall.com/cards/eb098550-22e6-4079-8c59-ed9ec2f764e3?format=image&version=normal
brygAaUl536hGZk0PnNLoA,https://moxfield.com/decks/brygAaUl536hGZk0PnNLoA,Day of Judgment,1,Sorcery,ef2e4c6a-fb82-4633-bc59-7c674f85ba34,https://api.scryfall.com/cards/ef2e4c6a-fb82-4633-bc59-7c674f85ba34?format=image&version=normal
brygAaUl536hGZk0PnNLoA,https://moxfield.com/decks/brygAaUl536hGZk0PnNLoA,Dig Through Time,1,Instant,020939d6-72f0-4aa0-9ac2-d16cc896cd7f,https://api.scryfall.com/cards/020939d6-72f0-4aa0-9ac2-d16cc896cd7f?format=image&version=normal
brygAaUl536hGZk0PnNLoA,https://moxfield.com/decks/brygAaUl536hGZk0PnNLoA,Doorkeeper Thrull,2,Creature — Thrull,80a1cd28-d2a5-4d1a-aa03-a6a5958ae432,https://api.scryfall.com/cards/80a1cd28-d2a5-4d1a-aa03-a6a5958ae432?format=image&version=normal
brygAaUl536hGZk0PnNLoA,https://moxfield.com/decks/brygAaUl536hGZk0PnNLoA,Dress Down,4,Enchantment,07ea7524-ed53-48b5-b273-cdec85e699ac,https://api.scryfall.com/cards/07ea7524-ed53-48b5-b273-cdec85e699ac?format=image&version=normal
brygAaUl536hGZk0PnNLoA,https://moxfield.com/decks/brygAaUl536hGZk0PnNLoA,Glen Elendra Guardian,1,Creature — Faerie Wizard,388d2e4a-0aa5-4b82-a86c-4777ca60161c,https://api.scryfall.com/cards/388d2e4a-0aa5-4b82-a86c-4777ca60161c?format=image&version=normal
brygAaUl536hGZk0PnNLoA,https://moxfield.com/decks/brygAaUl536hGZk0PnNLoA,Impulse,3,Instant,c9d518a9-ee23-49b2-af54-3de669a1bd53,https://api.scryfall.com/cards/c9d518a9-ee23-49b2-af54-3de669a1bd53?format=image&version=normal
brygAaUl536hGZk0PnNLoA,https://moxfield.com/decks/brygAaUl536hGZk0PnNLoA,Lose Focus,1,Instant,985bdb0c-ce6c-4506-8163-76f3b2fdf5fb,https://api.scryfall.com/cards/985bdb0c-ce6c-4506-8163-76f3b2fdf5fb?format=image&version=normal
brygAaUl536hGZk0PnNLoA,https://moxfield.com/decks/brygAaUl536hGZk0PnNLoA,Mana Leak,4,Instant,a7c7757d-8036-4b33-a1cb-07795d392588,https://api.scryfall.com/cards/a7c7757d-8036-4b33-a1cb-07795d392588?format=image&version=normal
brygAaUl536hGZk0PnNLoA,https://moxfield.com/decks/brygAaUl536hGZk0PnNLoA,Memory Deluge,1,Instant,edcd3802-ddb3-4eb6-9b6e-a26d76557662,https://api.scryfall.com/cards/edcd3802-ddb3-4eb6-9b6e-a26d76557662?format=image&version=normal
brygAaUl536hGZk0PnNLoA,https://moxfield.com/decks/brygAaUl536hGZk0PnNLoA,Nulldrifter,4,Creature — Eldrazi Elemental,4d9f1bb8-c91b-40cd-a416-abbff0d65306,https://api.scryfall.com/cards/4d9f1bb8-c91b-40cd-a416-abbff0d65306?format=image&version=normal
brygAaUl536hGZk0PnNLoA,https://moxfield.com/decks/brygAaUl536hGZk0PnNLoA,Preordain,4,Sorcery,78d22ece-0cb1-4faf-a871-995449c1a41f,https://api.scryfall.com/cards/78d22ece-0cb1-4faf-a871-995449c1a41f?format=image&version=normal
brygAaUl536hGZk0PnNLoA,https://moxfield.com/decks/brygAaUl536hGZk0PnNLoA,Prismatic Ending,1,Sorcery,fd5a8bd5-fbd6-4e0d-9aee-685b8c2068ae,https://api.scryfall.com/cards/fd5a8bd5-fbd6-4e0d-9aee-685b8c2068ae?format=image&version=normal
brygAaUl536hGZk0PnNLoA,https://moxfield.com/decks/brygAaUl536hGZk0PnNLoA,Sol Ring,1,Artifact,a7fc546e-7e3c-436d-a0b9-9ac3548ec344,https://api.scryfall.com/cards/a7fc546e-7e3c-436d-a0b9-9ac3548ec344?format=image&version=normal
brygAaUl536hGZk0PnNLoA,https://moxfield.com/decks/brygAaUl536hGZk0PnNLoA,Spell Pierce,1,Instant,beb42273-935b-4bda-849e-c163606cf89e,https://api.scryfall.com/cards/beb42273-935b-4bda-849e-c163606cf89e?format=image&version=normal
brygAaUl536hGZk0PnNLoA,https://moxfield.com/decks/brygAaUl536hGZk0PnNLoA,Spell Snare,1,Instant,b7551b61-656e-4f37-b9da-73174db983b7,https://api.scryfall.com/cards/b7551b61-656e-4f37-b9da-73174db983b7?format=image&version=normal
brygAaUl536hGZk0PnNLoA,https://moxfield.com/decks/brygAaUl536hGZk0PnNLoA,Sunfall,1,Sorcery,32e29c7d-ed4b-4eff-b3c2-d99e5b63ef8d,https://api.scryfall.com/cards/32e29c7d-ed4b-4eff-b3c2-d99e5b63ef8d?format=image&version=normal
brygAaUl536hGZk0PnNLoA,https://moxfield.com/decks/brygAaUl536hGZk0PnNLoA,Swords to Plowshares,3,Instant,b6bafa7b-62a4-477c-b2f5-6b9d26c6cbf4,https://api.scryfall.com/cards/b6bafa7b-62a4-477c-b2f5-6b9d26c6cbf4?format=image&version=normal
brygAaUl536hGZk0PnNLoA,https://moxfield.com/decks/brygAaUl536hGZk0PnNLoA,Temporary Lockdown,1,Enchantment,82b3088f-7b49-45e9-b447-129a597ceb75,https://api.scryfall.com/cards/82b3088f-7b49-45e9-b447-129a597ceb75?format=image&version=normal
cI2gATDb3nOf35rR2QPZhA,https://moxfield.com/decks/cI2gATDb3nOf35rR2QPZhA,Abundant Growth,4,Enchantment — Aura,bfc00bf8-236b-4c68-be85-1609be122259,https://api.scryfall.com/cards/bfc00bf8-236b-4c68-be85-1609be122259?format=image&version=normal
cI2gATDb3nOf35rR2QPZhA,https://moxfield.com/decks/cI2gATDb3nOf35rR2QPZhA,"Akal Pakal, First Among Equals",2,Legendary Creature — Human Advisor,ab9f6a1b-8467-4584-affd-8c71d3e34d2f,https://api.scryfall.com/cards/ab9f6a1b-8467-4584-affd-8c71d3e34d2f?format=image&version=normal
cI2gATDb3nOf35rR2QPZhA,https://moxfield.com/decks/cI2gATDb3nOf35rR2QPZhA,Balance,1,Sorcery,39a28a50-3130-485d-975c-26a0f40681a3,https://api.scryfall.com/cards/39a28a50-3130-485d-975c-26a0f40681a3?format=image&version=normal
cI2gATDb3nOf35rR2QPZhA,https://moxfield.com/decks/cI2gATDb3nOf35rR2QPZhA,Dig Through Time,1,Instant,766b2e52-6ba1-4222-a9f4-01a2bf3e9443,https://api.scryfall.com/cards/766b2e52-6ba1-4222-a9f4-01a2bf3e9443?format=image&version=normal
cI2gATDb3nOf35rR2QPZhA,https://moxfield.com/decks/cI2gATDb3nOf35rR2QPZhA,"Emry, Lurker of the Loch",4,Legendary Creature — Merfolk Wizard,c977d89a-bfd1-4e98-9d95-3e41c53dd188,https://api.scryfall.com/cards/c977d89a-bfd1-4e98-9d95-3e41c53dd188?format=image&version=normal
cI2gATDb3nOf35rR2QPZhA,https://moxfield.com/decks/cI2gATDb3nOf35rR2QPZhA,Giant's Boulder,4,Artifact,ce254758-c928-4b43-a952-13fac1845668,https://api.scryfall.com/cards/ce254758-c928-4b43-a952-13fac1845668?format=image&version=normal
cI2gATDb3nOf35rR2QPZhA,https://moxfield.com/decks/cI2gATDb3nOf35rR2QPZhA,Malevolent Rumble,4,Sorcery,a178cfe8-f9fa-4255-88d0-54a0bed079f5,https://api.scryfall.com/cards/a178cfe8-f9fa-4255-88d0-54a0bed079f5?format=image&version=normal
cI2gATDb3nOf35rR2QPZhA,https://moxfield.com/decks/cI2gATDb3nOf35rR2QPZhA,Memory Deluge,3,Instant,1ce12fd8-1977-4cae-aeb5-c56e68373228,https://api.scryfall.com/cards/1ce12fd8-1977-4cae-aeb5-c56e68373228?format=image&version=normal
cI2gATDb3nOf35rR2QPZhA,https://moxfield.com/decks/cI2gATDb3nOf35rR2QPZhA,Mishra's Bauble,4,Artifact,607e2546-1139-4c1e-9b3b-eacb27bff510,https://api.scryfall.com/cards/607e2546-1139-4c1e-9b3b-eacb27bff510?format=image&version=normal
cI2gATDb3nOf35rR2QPZhA,https://moxfield.com/decks/cI2gATDb3nOf35rR2QPZhA,Soul-Guide Lantern,2,Artifact,6d3ff537-86f0-405e-b96b-1250720af031,https://api.scryfall.com/cards/6d3ff537-86f0-405e-b96b-1250720af031?format=image&version=normal
cI2gATDb3nOf35rR2QPZhA,https://moxfield.com/decks/cI2gATDb3nOf35rR2QPZhA,Sword of the Meek,2,Artifact — Equipment,89a6e6a3-a1e9-4d74-95bc-7c0dff4a8f5e,https://api.scryfall.com/cards/89a6e6a3-a1e9-4d74-95bc-7c0dff4a8f5e?format=image&version=normal
cI2gATDb3nOf35rR2QPZhA,https://moxfield.com/decks/cI2gATDb3nOf35rR2QPZhA,Swords to Plowshares,4,Instant,57c2632e-5181-43e4-8744-baafb8f7d213,https://api.scryfall.com/cards/57c2632e-5181-43e4-8744-baafb8f7d213?format=image&version=normal
cI2gATDb3nOf35rR2QPZhA,https://moxfield.com/decks/cI2gATDb3nOf35rR2QPZhA,Thopter Foundry,2,Artifact,b848d70c-6279-4bd9-8d46-bc6e48494e02,https://api.scryfall.com/cards/b848d70c-6279-4bd9-8d46-bc6e48494e02?format=image&version=normal
cI2gATDb3nOf35rR2QPZhA,https://moxfield.com/decks/cI2gATDb3nOf35rR2QPZhA,"Uro, Titan of Nature's Wrath",2,Legendary Creature — Elder Giant,ed1f9061-4df3-4b3c-a8b1-1d62d354de4a,https://api.scryfall.com/cards/ed1f9061-4df3-4b3c-a8b1-1d62d354de4a?format=image&version=normal
cZugAbO_Z3276RbCz496WA,https://moxfield.com/decks/cZugAbO_Z3276RbCz496WA,"Abigale, Eloquent First-Year",2,Legendary Creature — Bird Bard,bf708169-a307-494b-b8d8-baae53b2e2f2,https://api.scryfall.com/cards/bf708169-a307-494b-b8d8-baae53b2e2f2?format=image&version=normal
cZugAbO_Z3276RbCz496WA,https://moxfield.com/decks/cZugAbO_Z3276RbCz496WA,Archfiend of the Dross,4,Creature — Phyrexian Demon,5a4aad94-5b0e-4644-b331-39dae2a7e937,https://api.scryfall.com/cards/5a4aad94-5b0e-4644-b331-39dae2a7e937?format=image&version=normal
cZugAbO_Z3276RbCz496WA,https://moxfield.com/decks/cZugAbO_Z3276RbCz496WA,Baron Helmut Zemo,3,Legendary Creature — Human Noble Villain,c2aadc25-7755-4bc8-a8af-b01d27eec364,https://api.scryfall.com/cards/c2aadc25-7755-4bc8-a8af-b01d27eec364?format=image&version=normal
cZugAbO_Z3276RbCz496WA,https://moxfield.com/decks/cZugAbO_Z3276RbCz496WA,Demon Wall,4,Artifact Creature — Demon Wall,13abd96c-d1af-43d0-b3a4-ac3db20e3b51,https://api.scryfall.com/cards/13abd96c-d1af-43d0-b3a4-ac3db20e3b51?format=image&version=normal
cZugAbO_Z3276RbCz496WA,https://moxfield.com/decks/cZugAbO_Z3276RbCz496WA,Fatal Push,3,Instant,2430f223-edb2-402b-a85b-5d328323992d,https://api.scryfall.com/cards/2430f223-edb2-402b-a85b-5d328323992d?format=image&version=normal
cZugAbO_Z3276RbCz496WA,https://moxfield.com/decks/cZugAbO_Z3276RbCz496WA,Gray Merchant of Asphodel,2,Creature — Zombie,7c1a7dd8-8034-4f59-a351-33666b26ff5a,https://api.scryfall.com/cards/7c1a7dd8-8034-4f59-a351-33666b26ff5a?format=image&version=normal
cZugAbO_Z3276RbCz496WA,https://moxfield.com/decks/cZugAbO_Z3276RbCz496WA,Heartless Act,2,Instant,ec166c2f-b70f-4598-afee-c2df1177e452,https://api.scryfall.com/cards/ec166c2f-b70f-4598-afee-c2df1177e452?format=image&version=normal
cZugAbO_Z3276RbCz496WA,https://moxfield.com/decks/cZugAbO_Z3276RbCz496WA,Hymn to Tourach,4,Sorcery,5bc50e08-dd6f-4ea7-87f8-cce72bafb928,https://api.scryfall.com/cards/5bc50e08-dd6f-4ea7-87f8-cce72bafb928?format=image&version=normal
cZugAbO_Z3276RbCz496WA,https://moxfield.com/decks/cZugAbO_Z3276RbCz496WA,Inquisition of Kozilek,3,Sorcery,40a3b4a6-1f87-4060-896e-e05aee0cbfee,https://api.scryfall.com/cards/40a3b4a6-1f87-4060-896e-e05aee0cbfee?format=image&version=normal
cZugAbO_Z3276RbCz496WA,https://moxfield.com/decks/cZugAbO_Z3276RbCz496WA,Sol Ring,1,Artifact,8fb860f9-3729-436e-adfb-c98c2a389d5d,https://api.scryfall.com/cards/8fb860f9-3729-436e-adfb-c98c2a389d5d?format=image&version=normal
cZugAbO_Z3276RbCz496WA,https://moxfield.com/decks/cZugAbO_Z3276RbCz496WA,Street Wraith,4,Creature — Wraith,5d09cc57-2275-4b6b-aaf6-a6d781cd9365,https://api.scryfall.com/cards/5d09cc57-2275-4b6b-aaf6-a6d781cd9365?format=image&version=normal
cZugAbO_Z3276RbCz496WA,https://moxfield.com/decks/cZugAbO_Z3276RbCz496WA,Troll of Khazad-dûm,3,Creature — Troll,a6539e26-b63b-4725-9407-caaf451de084,https://api.scryfall.com/cards/a6539e26-b63b-4725-9407-caaf451de084?format=image&version=normal
cZugAbO_Z3276RbCz496WA,https://moxfield.com/decks/cZugAbO_Z3276RbCz496WA,Unholy Annex // Ritual Chamber,4,Enchantment — Room // Enchantment — Room,0fb666ce-b2a5-4af1-8112-acad88715438,https://api.scryfall.com/cards/0fb666ce-b2a5-4af1-8112-acad88715438?format=image&version=normal
caygAZlt2XeCk83vzq_ZaQ,https://www.moxfield.com/decks/caygAZlt2XeCk83vzq_ZaQ,Chromatic Star,4,Artifact,117fded3-1157-41a3-b37a-e76dcd1b5447,https://api.scryfall.com/cards/117fded3-1157-41a3-b37a-e76dcd1b5447?format=image&version=normal
caygAZlt2XeCk83vzq_ZaQ,https://www.moxfield.com/decks/caygAZlt2XeCk83vzq_ZaQ,Duress,1,Sorcery,e9e79c2c-1b4d-4f20-a769-94890c91b539,https://api.scryfall.com/cards/e9e79c2c-1b4d-4f20-a769-94890c91b539?format=image&version=normal
caygAZlt2XeCk83vzq_ZaQ,https://www.moxfield.com/decks/caygAZlt2XeCk83vzq_ZaQ,Flash,1,Instant,f4e2f44d-74a9-4635-bf10-bf4cf179cab5,https://api.scryfall.com/cards/f4e2f44d-74a9-4635-bf10-bf4cf179cab5?format=image&version=normal
caygAZlt2XeCk83vzq_ZaQ,https://www.moxfield.com/decks/caygAZlt2XeCk83vzq_ZaQ,Fountainport Bell,4,Artifact,a5c94bc0-a49d-451b-8e8d-64d46b8b8603,https://api.scryfall.com/cards/a5c94bc0-a49d-451b-8e8d-64d46b8b8603?format=image&version=normal
caygAZlt2XeCk83vzq_ZaQ,https://www.moxfield.com/decks/caygAZlt2XeCk83vzq_ZaQ,Giant's Boulder,4,Artifact,ce254758-c928-4b43-a952-13fac1845668,https://api.scryfall.com/cards/ce254758-c928-4b43-a952-13fac1845668?format=image&version=normal
caygAZlt2XeCk83vzq_ZaQ,https://www.moxfield.com/decks/caygAZlt2XeCk83vzq_ZaQ,Infernal Grasp,4,Instant,060b7e5f-5b40-4efc-9fad-4cebf40b654b,https://api.scryfall.com/cards/060b7e5f-5b40-4efc-9fad-4cebf40b654b?format=image&version=normal
caygAZlt2XeCk83vzq_ZaQ,https://www.moxfield.com/decks/caygAZlt2XeCk83vzq_ZaQ,Inkwell Leviathan,1,Artifact Creature — Leviathan,9e6b085f-92e8-4916-9f2c-0035b2acd5b9,https://api.scryfall.com/cards/9e6b085f-92e8-4916-9f2c-0035b2acd5b9?format=image&version=normal
caygAZlt2XeCk83vzq_ZaQ,https://www.moxfield.com/decks/caygAZlt2XeCk83vzq_ZaQ,Inquisition of Kozilek,3,Sorcery,40a3b4a6-1f87-4060-896e-e05aee0cbfee,https://api.scryfall.com/cards/40a3b4a6-1f87-4060-896e-e05aee0cbfee?format=image&version=normal
caygAZlt2XeCk83vzq_ZaQ,https://www.moxfield.com/decks/caygAZlt2XeCk83vzq_ZaQ,Lose Focus,4,Instant,985bdb0c-ce6c-4506-8163-76f3b2fdf5fb,https://api.scryfall.com/cards/985bdb0c-ce6c-4506-8163-76f3b2fdf5fb?format=image&version=normal
caygAZlt2XeCk83vzq_ZaQ,https://www.moxfield.com/decks/caygAZlt2XeCk83vzq_ZaQ,Show and Tell,4,Sorcery,aee8a17a-de57-4a76-9613-d3c6b161e378,https://api.scryfall.com/cards/aee8a17a-de57-4a76-9613-d3c6b161e378?format=image&version=normal
caygAZlt2XeCk83vzq_ZaQ,https://www.moxfield.com/decks/caygAZlt2XeCk83vzq_ZaQ,Spell Pierce,2,Instant,6bf4dfc0-c58b-4535-b660-54ceaa6e0217,https://api.scryfall.com/cards/6bf4dfc0-c58b-4535-b660-54ceaa6e0217?format=image&version=normal
caygAZlt2XeCk83vzq_ZaQ,https://www.moxfield.com/decks/caygAZlt2XeCk83vzq_ZaQ,Sphinx of the Steel Wind,1,Artifact Creature — Sphinx,fd4546dc-e3f7-4cd1-9b1b-51326f39a81f,https://api.scryfall.com/cards/fd4546dc-e3f7-4cd1-9b1b-51326f39a81f?format=image&version=normal
caygAZlt2XeCk83vzq_ZaQ,https://www.moxfield.com/decks/caygAZlt2XeCk83vzq_ZaQ,Sundering Titan,4,Artifact Creature — Golem,0263c742-345b-4425-8326-75bfa60e08ea,https://api.scryfall.com/cards/0263c742-345b-4425-8326-75bfa60e08ea?format=image&version=normal
caygAZlt2XeCk83vzq_ZaQ,https://www.moxfield.com/decks/caygAZlt2XeCk83vzq_ZaQ,Tinker,1,Sorcery,ff616131-289b-4eec-bef0-5f519d5a81a5,https://api.scryfall.com/cards/ff616131-289b-4eec-bef0-5f519d5a81a5?format=image&version=normal
caygAZlt2XeCk83vzq_ZaQ,https://www.moxfield.com/decks/caygAZlt2XeCk83vzq_ZaQ,Triplicate Titan,4,Artifact Creature — Golem,36726ee1-b960-4f85-b648-dd3fe0c38e6f,https://api.scryfall.com/cards/36726ee1-b960-4f85-b648-dd3fe0c38e6f?format=image&version=normal
caygAcUWPXy4tE4hPe86MA,https://www.moxfield.com/decks/caygAcUWPXy4tE4hPe86MA,Cranial Plating,4,Artifact — Equipment,e1375f17-bc25-4a65-98b7-4785bbdbe974,https://api.scryfall.com/cards/e1375f17-bc25-4a65-98b7-4785bbdbe974?format=image&version=normal
caygAcUWPXy4tE4hPe86MA,https://www.moxfield.com/decks/caygAcUWPXy4tE4hPe86MA,"Emry, Lurker of the Loch",3,Legendary Creature — Merfolk Wizard,c977d89a-bfd1-4e98-9d95-3e41c53dd188,https://api.scryfall.com/cards/c977d89a-bfd1-4e98-9d95-3e41c53dd188?format=image&version=normal
caygAcUWPXy4tE4hPe86MA,https://www.moxfield.com/decks/caygAcUWPXy4tE4hPe86MA,Forging the Anchor,3,Sorcery,057f6add-1f1d-4cce-9c9d-5e59fb74d78e,https://api.scryfall.com/cards/057f6add-1f1d-4cce-9c9d-5e59fb74d78e?format=image&version=normal
caygAcUWPXy4tE4hPe86MA,https://www.moxfield.com/decks/caygAcUWPXy4tE4hPe86MA,Frogmite,4,Artifact Creature — Frog,ff504dcb-2eb8-4b3c-a8b9-29697739b649,https://api.scryfall.com/cards/ff504dcb-2eb8-4b3c-a8b9-29697739b649?format=image&version=normal
caygAcUWPXy4tE4hPe86MA,https://www.moxfield.com/decks/caygAcUWPXy4tE4hPe86MA,Kappa Cannoneer,4,Artifact Creature — Turtle Warrior,99cd996f-be74-4dbb-9460-6d650cedfca6,https://api.scryfall.com/cards/99cd996f-be74-4dbb-9460-6d650cedfca6?format=image&version=normal
caygAcUWPXy4tE4hPe86MA,https://www.moxfield.com/decks/caygAcUWPXy4tE4hPe86MA,"Krang, Master Mind",1,Legendary Artifact Creature — Utrom Warrior,d27fa497-e842-4812-80fe-28517544e1c5,https://api.scryfall.com/cards/d27fa497-e842-4812-80fe-28517544e1c5?format=image&version=normal
caygAcUWPXy4tE4hPe86MA,https://www.moxfield.com/decks/caygAcUWPXy4tE4hPe86MA,Ornithopter,4,Artifact Creature — Thopter,051386e0-4c1c-48ed-8883-664c719cf0fe,https://api.scryfall.com/cards/051386e0-4c1c-48ed-8883-664c719cf0fe?format=image&version=normal
caygAcUWPXy4tE4hPe86MA,https://www.moxfield.com/decks/caygAcUWPXy4tE4hPe86MA,Patchwork Automaton,3,Artifact Creature — Construct,5d753bef-7043-42d0-929a-b82f0079f3b8,https://api.scryfall.com/cards/5d753bef-7043-42d0-929a-b82f0079f3b8?format=image&version=normal
caygAcUWPXy4tE4hPe86MA,https://www.moxfield.com/decks/caygAcUWPXy4tE4hPe86MA,Pinnacle Emissary,3,Artifact Creature — Robot,872eb761-333a-4ab7-874e-e6918521b16c,https://api.scryfall.com/cards/872eb761-333a-4ab7-874e-e6918521b16c?format=image&version=normal
caygAcUWPXy4tE4hPe86MA,https://www.moxfield.com/decks/caygAcUWPXy4tE4hPe86MA,Sol Ring,1,Artifact,83a0f2eb-2f6d-4aaa-b7a9-ea06d5de7eca,https://api.scryfall.com/cards/83a0f2eb-2f6d-4aaa-b7a9-ea06d5de7eca?format=image&version=normal
caygAcUWPXy4tE4hPe86MA,https://www.moxfield.com/decks/caygAcUWPXy4tE4hPe86MA,Springleaf Drum,4,Artifact,e15ab0aa-4059-4923-9816-6f7a9e5b5a18,https://api.scryfall.com/cards/e15ab0aa-4059-4923-9816-6f7a9e5b5a18?format=image&version=normal
caygAcUWPXy4tE4hPe86MA,https://www.moxfield.com/decks/caygAcUWPXy4tE4hPe86MA,Thought Monitor,4,Artifact Creature — Construct,18a6ea89-417c-4ee0-a410-8a0067b92967,https://api.scryfall.com/cards/18a6ea89-417c-4ee0-a410-8a0067b92967?format=image&version=normal
caygAcUWPXy4tE4hPe86MA,https://www.moxfield.com/decks/caygAcUWPXy4tE4hPe86MA,Vault Skirge,4,Artifact Creature — Phyrexian Imp,f254239c-c07a-4c41-98f7-8f4de539c73e,https://api.scryfall.com/cards/f254239c-c07a-4c41-98f7-8f4de539c73e?format=image&version=normal
cpugAX30EHqLxJDkq1t5-g,https://moxfield.com/decks/cpugAX30EHqLxJDkq1t5-g,Breakthrough,4,Sorcery,27c50b06-c32d-48ed-8e4a-e565659e073f,https://api.scryfall.com/cards/27c50b06-c32d-48ed-8e4a-e565659e073f?format=image&version=normal
cpugAX30EHqLxJDkq1t5-g,https://moxfield.com/decks/cpugAX30EHqLxJDkq1t5-g,Burning Inquiry,2,Sorcery,5b5f03d2-608c-4fae-9a05-1695e277adf8,https://api.scryfall.com/cards/5b5f03d2-608c-4fae-9a05-1695e277adf8?format=image&version=normal
cpugAX30EHqLxJDkq1t5-g,https://moxfield.com/decks/cpugAX30EHqLxJDkq1t5-g,Control of the Court,3,Sorcery,cbaeb666-181b-4600-8900-6455ac442451,https://api.scryfall.com/cards/cbaeb666-181b-4600-8900-6455ac442451?format=image&version=normal
cpugAX30EHqLxJDkq1t5-g,https://moxfield.com/decks/cpugAX30EHqLxJDkq1t5-g,Detective's Phoenix,4,Enchantment Creature — Phoenix,e2a01edd-dbc0-4ed4-b827-9b608290e9a1,https://api.scryfall.com/cards/e2a01edd-dbc0-4ed4-b827-9b608290e9a1?format=image&version=normal
cpugAX30EHqLxJDkq1t5-g,https://moxfield.com/decks/cpugAX30EHqLxJDkq1t5-g,Faithless Looting,4,Sorcery,5aeda464-e71e-4e89-b355-237680bc1a7b,https://api.scryfall.com/cards/5aeda464-e71e-4e89-b355-237680bc1a7b?format=image&version=normal
cpugAX30EHqLxJDkq1t5-g,https://moxfield.com/decks/cpugAX30EHqLxJDkq1t5-g,Flameblade Adept,4,Creature — Jackal Warrior,ed02d939-cca4-4f80-b4e8-0bc92032c23e,https://api.scryfall.com/cards/ed02d939-cca4-4f80-b4e8-0bc92032c23e?format=image&version=normal
cpugAX30EHqLxJDkq1t5-g,https://moxfield.com/decks/cpugAX30EHqLxJDkq1t5-g,"Hobgoblin, Mantled Marauder",4,Legendary Creature — Goblin Human Villain,50716fe3-7a19-431e-8758-984fc48d714e,https://api.scryfall.com/cards/50716fe3-7a19-431e-8758-984fc48d714e?format=image&version=normal
cpugAX30EHqLxJDkq1t5-g,https://moxfield.com/decks/cpugAX30EHqLxJDkq1t5-g,"Inti, Seneschal of the Sun",1,Legendary Creature — Human Knight,b4d62b4b-a7d1-4721-91cf-814fc1a60243,https://api.scryfall.com/cards/b4d62b4b-a7d1-4721-91cf-814fc1a60243?format=image&version=normal
cpugAX30EHqLxJDkq1t5-g,https://moxfield.com/decks/cpugAX30EHqLxJDkq1t5-g,"Ivora, Insatiable Heir",2,Legendary Creature — Vampire Warrior,2ba70366-b6ae-423a-a8d8-29d2b8afd939,https://api.scryfall.com/cards/2ba70366-b6ae-423a-a8d8-29d2b8afd939?format=image&version=normal
cpugAX30EHqLxJDkq1t5-g,https://moxfield.com/decks/cpugAX30EHqLxJDkq1t5-g,Marauding Mako,4,Creature — Shark Pirate,9efbfd67-e0f5-43e0-9fff-1eb4a2bed0d8,https://api.scryfall.com/cards/9efbfd67-e0f5-43e0-9fff-1eb4a2bed0d8?format=image&version=normal
cpugAX30EHqLxJDkq1t5-g,https://moxfield.com/decks/cpugAX30EHqLxJDkq1t5-g,Ox of Agonas,1,Creature — Ox,75caefa7-94d5-472e-a540-daad3ee69899,https://api.scryfall.com/cards/75caefa7-94d5-472e-a540-daad3ee69899?format=image&version=normal
cpugAX30EHqLxJDkq1t5-g,https://moxfield.com/decks/cpugAX30EHqLxJDkq1t5-g,Proft's Eidetic Memory,1,Legendary Enchantment,0208e215-9dcc-49f5-a7e2-82a02782a777,https://api.scryfall.com/cards/0208e215-9dcc-49f5-a7e2-82a02782a777?format=image&version=normal
cpugAX30EHqLxJDkq1t5-g,https://moxfield.com/decks/cpugAX30EHqLxJDkq1t5-g,Scrounging Skyray,2,Creature — Fish Pirate,d60bece3-6f63-4d9e-bca0-cef2d38f1472,https://api.scryfall.com/cards/d60bece3-6f63-4d9e-bca0-cef2d38f1472?format=image&version=normal
cpugAX30EHqLxJDkq1t5-g,https://moxfield.com/decks/cpugAX30EHqLxJDkq1t5-g,"Squee, Goblin Nabob",1,Legendary Creature — Goblin,8aabc541-ff2a-416f-a973-44eda8ec4706,https://api.scryfall.com/cards/8aabc541-ff2a-416f-a973-44eda8ec4706?format=image&version=normal
cpugAX30EHqLxJDkq1t5-g,https://moxfield.com/decks/cpugAX30EHqLxJDkq1t5-g,Street Wraith,4,Creature — Wraith,5d09cc57-2275-4b6b-aaf6-a6d781cd9365,https://api.scryfall.com/cards/5d09cc57-2275-4b6b-aaf6-a6d781cd9365?format=image&version=normal
cpugAX30EHqLxJDkq1t5-g,https://moxfield.com/decks/cpugAX30EHqLxJDkq1t5-g,Treasure Cruise,1,Sorcery,a6e97db4-f447-46c3-8be7-66f22bb349b4,https://api.scryfall.com/cards/a6e97db4-f447-46c3-8be7-66f22bb349b4?format=image&version=normal
dNCgAfPF9X2K_97bM3kZhA,https://moxfield.com/decks/dNCgAfPF9X2K_97bM3kZhA,Bond of Insight,3,Sorcery,648629af-e911-49e1-b564-c98f339b84a1,https://api.scryfall.com/cards/648629af-e911-49e1-b564-c98f339b84a1?format=image&version=normal
dNCgAfPF9X2K_97bM3kZhA,https://moxfield.com/decks/dNCgAfPF9X2K_97bM3kZhA,Consider,1,Instant,4f28e706-c488-4525-ad8a-977a5fa77f80,https://api.scryfall.com/cards/4f28e706-c488-4525-ad8a-977a5fa77f80?format=image&version=normal
dNCgAfPF9X2K_97bM3kZhA,https://moxfield.com/decks/dNCgAfPF9X2K_97bM3kZhA,Cunning Wish,1,Instant,826e1acd-776a-4293-a119-8e32487acfb9,https://api.scryfall.com/cards/826e1acd-776a-4293-a119-8e32487acfb9?format=image&version=normal
dNCgAfPF9X2K_97bM3kZhA,https://moxfield.com/decks/dNCgAfPF9X2K_97bM3kZhA,Dig Through Time,1,Instant,020939d6-72f0-4aa0-9ac2-d16cc896cd7f,https://api.scryfall.com/cards/020939d6-72f0-4aa0-9ac2-d16cc896cd7f?format=image&version=normal
dNCgAfPF9X2K_97bM3kZhA,https://moxfield.com/decks/dNCgAfPF9X2K_97bM3kZhA,Divergent Equation,1,Instant,26295e25-f1bf-4665-ba00-dad35c49bbc2,https://api.scryfall.com/cards/26295e25-f1bf-4665-ba00-dad35c49bbc2?format=image&version=normal
dNCgAfPF9X2K_97bM3kZhA,https://moxfield.com/decks/dNCgAfPF9X2K_97bM3kZhA,Expansion // Explosion,1,Instant // Instant,42cacf46-6f84-4198-877b-1544cff2f837,https://api.scryfall.com/cards/42cacf46-6f84-4198-877b-1544cff2f837?format=image&version=normal
dNCgAfPF9X2K_97bM3kZhA,https://moxfield.com/decks/dNCgAfPF9X2K_97bM3kZhA,Frantic Search,4,Instant,9ad4d49f-2505-43b7-b5fb-58bf1b8fcc71,https://api.scryfall.com/cards/9ad4d49f-2505-43b7-b5fb-58bf1b8fcc71?format=image&version=normal
dNCgAfPF9X2K_97bM3kZhA,https://moxfield.com/decks/dNCgAfPF9X2K_97bM3kZhA,Hidden Strings,3,Sorcery,216e8047-6f54-49ce-bf86-27dc8fc8c8f7,https://api.scryfall.com/cards/216e8047-6f54-49ce-bf86-27dc8fc8c8f7?format=image&version=normal
dNCgAfPF9X2K_97bM3kZhA,https://moxfield.com/decks/dNCgAfPF9X2K_97bM3kZhA,High Tide,4,Instant,c2813677-91cc-4c8b-a8ea-403fa776c9f0,https://api.scryfall.com/cards/c2813677-91cc-4c8b-a8ea-403fa776c9f0?format=image&version=normal
dNCgAfPF9X2K_97bM3kZhA,https://moxfield.com/decks/dNCgAfPF9X2K_97bM3kZhA,Impulse,4,Instant,3ec50625-5e14-4fd0-9a96-86f195342695,https://api.scryfall.com/cards/3ec50625-5e14-4fd0-9a96-86f195342695?format=image&version=normal
dNCgAfPF9X2K_97bM3kZhA,https://moxfield.com/decks/dNCgAfPF9X2K_97bM3kZhA,Into the Flood Maw,1,Instant,50b9575a-53d9-4df7-b86c-cda021107d3f,https://api.scryfall.com/cards/50b9575a-53d9-4df7-b86c-cda021107d3f?format=image&version=normal
dNCgAfPF9X2K_97bM3kZhA,https://moxfield.com/decks/dNCgAfPF9X2K_97bM3kZhA,"Lier, Disciple of the Drowned",1,Legendary Creature — Human Wizard,b8b70585-e0ea-4cb4-9360-a8ab47626696,https://api.scryfall.com/cards/b8b70585-e0ea-4cb4-9360-a8ab47626696?format=image&version=normal
dNCgAfPF9X2K_97bM3kZhA,https://moxfield.com/decks/dNCgAfPF9X2K_97bM3kZhA,Lock and Load,1,Sorcery,3a24979d-a090-4153-9461-ac1aa1f69b74,https://api.scryfall.com/cards/3a24979d-a090-4153-9461-ac1aa1f69b74?format=image&version=normal
dNCgAfPF9X2K_97bM3kZhA,https://moxfield.com/decks/dNCgAfPF9X2K_97bM3kZhA,Merchant Scroll,1,Sorcery,979ad872-75c2-49ed-a4c6-7e0c7595e900,https://api.scryfall.com/cards/979ad872-75c2-49ed-a4c6-7e0c7595e900?format=image&version=normal
dNCgAfPF9X2K_97bM3kZhA,https://moxfield.com/decks/dNCgAfPF9X2K_97bM3kZhA,Mind's Desire,1,Sorcery,1290e00b-c41b-4e30-8b65-a7fd4356d462,https://api.scryfall.com/cards/1290e00b-c41b-4e30-8b65-a7fd4356d462?format=image&version=normal
dNCgAfPF9X2K_97bM3kZhA,https://moxfield.com/decks/dNCgAfPF9X2K_97bM3kZhA,Peer Through Depths,1,Instant — Arcane,ae3cc8b1-19af-426e-8b8b-d94b3280c728,https://api.scryfall.com/cards/ae3cc8b1-19af-426e-8b8b-d94b3280c728?format=image&version=normal
dNCgAfPF9X2K_97bM3kZhA,https://moxfield.com/decks/dNCgAfPF9X2K_97bM3kZhA,Ponder,1,Sorcery,8404f081-2d5f-4433-84cc-77918532eedf,https://api.scryfall.com/cards/8404f081-2d5f-4433-84cc-77918532eedf?format=image&version=normal
dNCgAfPF9X2K_97bM3kZhA,https://moxfield.com/decks/dNCgAfPF9X2K_97bM3kZhA,Preordain,4,Sorcery,78d22ece-0cb1-4faf-a871-995449c1a41f,https://api.scryfall.com/cards/78d22ece-0cb1-4faf-a871-995449c1a41f?format=image&version=normal
dNCgAfPF9X2K_97bM3kZhA,https://moxfield.com/decks/dNCgAfPF9X2K_97bM3kZhA,Remand,2,Instant,36de9999-8d0a-4174-8e38-549bacdc128b,https://api.scryfall.com/cards/36de9999-8d0a-4174-8e38-549bacdc128b?format=image&version=normal
dNCgAfPF9X2K_97bM3kZhA,https://moxfield.com/decks/dNCgAfPF9X2K_97bM3kZhA,Spell Snare,1,Instant,b7551b61-656e-4f37-b9da-73174db983b7,https://api.scryfall.com/cards/b7551b61-656e-4f37-b9da-73174db983b7?format=image&version=normal
dNCgAfPF9X2K_97bM3kZhA,https://moxfield.com/decks/dNCgAfPF9X2K_97bM3kZhA,Treasure Cruise,1,Sorcery,a6e97db4-f447-46c3-8be7-66f22bb349b4,https://api.scryfall.com/cards/a6e97db4-f447-46c3-8be7-66f22bb349b4?format=image&version=normal
dNCgAfPF9X2K_97bM3kZhA,https://moxfield.com/decks/dNCgAfPF9X2K_97bM3kZhA,Turnabout,3,Instant,22702a76-f8ed-4a73-ba9d-f928add32d85,https://api.scryfall.com/cards/22702a76-f8ed-4a73-ba9d-f928add32d85?format=image&version=normal
dZugAYD7OHiaz7r6WHwLgQ,https://moxfield.com/decks/dZugAYD7OHiaz7r6WHwLgQ,Cathar Commando,2,Creature — Human Soldier,7cd21530-ca72-4986-a0f2-142b9f23c413,https://api.scryfall.com/cards/7cd21530-ca72-4986-a0f2-142b9f23c413?format=image&version=normal
dZugAYD7OHiaz7r6WHwLgQ,https://moxfield.com/decks/dZugAYD7OHiaz7r6WHwLgQ,Figure of Fable,2,Creature — Kithkin,e0ef33dd-5f6d-48fa-8ef6-a8092868d50f,https://api.scryfall.com/cards/e0ef33dd-5f6d-48fa-8ef6-a8092868d50f?format=image&version=normal
dZugAYD7OHiaz7r6WHwLgQ,https://moxfield.com/decks/dZugAYD7OHiaz7r6WHwLgQ,March of Otherworldly Light,4,Instant,7f964a0a-54b6-42a7-bb31-18f3a2e2e0f7,https://api.scryfall.com/cards/7f964a0a-54b6-42a7-bb31-18f3a2e2e0f7?format=image&version=normal
dZugAYD7OHiaz7r6WHwLgQ,https://moxfield.com/decks/dZugAYD7OHiaz7r6WHwLgQ,Of Herbs and Stewed Rabbit,3,Enchantment — Saga,c58623cb-8b49-470c-9622-dd6e09d47599,https://api.scryfall.com/cards/c58623cb-8b49-470c-9622-dd6e09d47599?format=image&version=normal
dZugAYD7OHiaz7r6WHwLgQ,https://moxfield.com/decks/dZugAYD7OHiaz7r6WHwLgQ,Origin of Spider-Man,2,Enchantment — Saga,a10a7da7-d9cb-495a-9c9f-205d355c390d,https://api.scryfall.com/cards/a10a7da7-d9cb-495a-9c9f-205d355c390d?format=image&version=normal
dZugAYD7OHiaz7r6WHwLgQ,https://moxfield.com/decks/dZugAYD7OHiaz7r6WHwLgQ,Oust,2,Sorcery,cbe02056-74b5-4e73-8af6-5d7bf3064146,https://api.scryfall.com/cards/cbe02056-74b5-4e73-8af6-5d7bf3064146?format=image&version=normal
dZugAYD7OHiaz7r6WHwLgQ,https://moxfield.com/decks/dZugAYD7OHiaz7r6WHwLgQ,Scholar of New Horizons,4,Creature — Human Scout,99e1d96f-c326-49b2-9a24-6e3e5465047e,https://api.scryfall.com/cards/99e1d96f-c326-49b2-9a24-6e3e5465047e?format=image&version=normal
dZugAYD7OHiaz7r6WHwLgQ,https://moxfield.com/decks/dZugAYD7OHiaz7r6WHwLgQ,Smuggler's Copter,3,Artifact — Vehicle,c75513ba-5d95-4181-ad19-742072546ac6,https://api.scryfall.com/cards/c75513ba-5d95-4181-ad19-742072546ac6?format=image&version=normal
dZugAYD7OHiaz7r6WHwLgQ,https://moxfield.com/decks/dZugAYD7OHiaz7r6WHwLgQ,Sol Ring,1,Artifact,8fb860f9-3729-436e-adfb-c98c2a389d5d,https://api.scryfall.com/cards/8fb860f9-3729-436e-adfb-c98c2a389d5d?format=image&version=normal
dZugAYD7OHiaz7r6WHwLgQ,https://moxfield.com/decks/dZugAYD7OHiaz7r6WHwLgQ,Soul-Guide Lantern,3,Artifact,6d3ff537-86f0-405e-b96b-1250720af031,https://api.scryfall.com/cards/6d3ff537-86f0-405e-b96b-1250720af031?format=image&version=normal
dZugAYD7OHiaz7r6WHwLgQ,https://moxfield.com/decks/dZugAYD7OHiaz7r6WHwLgQ,Summon: Yojimbo,2,Enchantment Creature — Saga Samurai,cdbc2d28-ea35-47c6-af7e-07924e9d5794,https://api.scryfall.com/cards/cdbc2d28-ea35-47c6-af7e-07924e9d5794?format=image&version=normal
dZugAYD7OHiaz7r6WHwLgQ,https://moxfield.com/decks/dZugAYD7OHiaz7r6WHwLgQ,The Restoration of Eiganjo // Architect of Restoration,4,Enchantment — Saga // Enchantment Creature — Fox Monk,a11a33ae-e7fa-4bd4-8cd8-3a3239a29bcc,https://api.scryfall.com/cards/a11a33ae-e7fa-4bd4-8cd8-3a3239a29bcc?format=image&version=normal
dZugAYD7OHiaz7r6WHwLgQ,https://moxfield.com/decks/dZugAYD7OHiaz7r6WHwLgQ,Thraben Inspector,4,Creature — Human Soldier,9b65852b-b748-4263-a5aa-7a44e891c582,https://api.scryfall.com/cards/9b65852b-b748-4263-a5aa-7a44e891c582?format=image&version=normal
dZugAYD7OHiaz7r6WHwLgQ,https://moxfield.com/decks/dZugAYD7OHiaz7r6WHwLgQ,Timeless Dragon,3,Creature — Dragon,eac51e5f-6aa4-4021-ba1a-dc52a19c7289,https://api.scryfall.com/cards/eac51e5f-6aa4-4021-ba1a-dc52a19c7289?format=image&version=normal
dZugAa-mJHqyahxDfYAHHw,https://moxfield.com/decks/dZugAa-mJHqyahxDfYAHHw,Ancestral Anger,4,Sorcery,5dee47ab-d603-4346-97f4-a25dc3f47765,https://api.scryfall.com/cards/5dee47ab-d603-4346-97f4-a25dc3f47765?format=image&version=normal
dZugAa-mJHqyahxDfYAHHw,https://moxfield.com/decks/dZugAa-mJHqyahxDfYAHHw,Cacophony Scamp,4,Creature — Phyrexian Goblin Warrior,3553dcef-7b99-49d5-b071-06b894696952,https://api.scryfall.com/cards/3553dcef-7b99-49d5-b071-06b894696952?format=image&version=normal
dZugAa-mJHqyahxDfYAHHw,https://moxfield.com/decks/dZugAa-mJHqyahxDfYAHHw,Callous Sell-Sword // Burn Together,4,Creature — Human Soldier // Sorcery — Adventure,770ee3da-d33e-466f-9a2e-ad2d08ef5012,https://api.scryfall.com/cards/770ee3da-d33e-466f-9a2e-ad2d08ef5012?format=image&version=normal
dZugAa-mJHqyahxDfYAHHw,https://moxfield.com/decks/dZugAa-mJHqyahxDfYAHHw,Heartfire Hero,4,Creature — Mouse Soldier,48ace959-66b2-40c8-9bff-fd7ed9c99a82,https://api.scryfall.com/cards/48ace959-66b2-40c8-9bff-fd7ed9c99a82?format=image&version=normal
dZugAa-mJHqyahxDfYAHHw,https://moxfield.com/decks/dZugAa-mJHqyahxDfYAHHw,Leyline of Resonance,4,Enchantment,a61a46b3-966a-48c2-94d5-ec88eb201b86,https://api.scryfall.com/cards/a61a46b3-966a-48c2-94d5-ec88eb201b86?format=image&version=normal
dZugAa-mJHqyahxDfYAHHw,https://moxfield.com/decks/dZugAa-mJHqyahxDfYAHHw,Might of the Meek,3,Instant,509bf254-8a2b-4dfa-9ae5-386321b35e8b,https://api.scryfall.com/cards/509bf254-8a2b-4dfa-9ae5-386321b35e8b?format=image&version=normal
dZugAa-mJHqyahxDfYAHHw,https://moxfield.com/decks/dZugAa-mJHqyahxDfYAHHw,Monastery Swiftspear,4,Creature — Human Monk,b81c6c8b-a9cf-4866-89ba-7f8ad077b836,https://api.scryfall.com/cards/b81c6c8b-a9cf-4866-89ba-7f8ad077b836?format=image&version=normal
dZugAa-mJHqyahxDfYAHHw,https://moxfield.com/decks/dZugAa-mJHqyahxDfYAHHw,Monstrous Rage,3,Instant,4b2e000b-a147-443b-9138-9ff2d16c0422,https://api.scryfall.com/cards/4b2e000b-a147-443b-9138-9ff2d16c0422?format=image&version=normal
dZugAa-mJHqyahxDfYAHHw,https://moxfield.com/decks/dZugAa-mJHqyahxDfYAHHw,Mutagenic Growth,4,Instant,c75cf36a-a872-478d-9ed7-f4edc7a8c970,https://api.scryfall.com/cards/c75cf36a-a872-478d-9ed7-f4edc7a8c970?format=image&version=normal
dZugAa-mJHqyahxDfYAHHw,https://moxfield.com/decks/dZugAa-mJHqyahxDfYAHHw,Slickshot Show-Off,2,Creature — Bird Wizard,7054012b-4f9d-44a0-aaf9-7fd3bddc7b2d,https://api.scryfall.com/cards/7054012b-4f9d-44a0-aaf9-7fd3bddc7b2d?format=image&version=normal
dZugAa-mJHqyahxDfYAHHw,https://moxfield.com/decks/dZugAa-mJHqyahxDfYAHHw,Turn Inside Out,2,Instant,57e2a92c-06d3-4cb5-883d-cba428a7e98e,https://api.scryfall.com/cards/57e2a92c-06d3-4cb5-883d-cba428a7e98e?format=image&version=normal
dZugAa-mJHqyahxDfYAHHw,https://moxfield.com/decks/dZugAa-mJHqyahxDfYAHHw,Wild Ride,4,Sorcery,cc0ed18d-c91a-4907-ab9a-a64f48918451,https://api.scryfall.com/cards/cc0ed18d-c91a-4907-ab9a-a64f48918451?format=image&version=normal
dtCgAZuV6Xy6rVPn_5SRig,https://moxfield.com/decks/dtCgAZuV6Xy6rVPn_5SRig,All That Glitters,4,Enchantment — Aura,71b2bf55-6b24-4f63-bbb0-98471c167405,https://api.scryfall.com/cards/71b2bf55-6b24-4f63-bbb0-98471c167405?format=image&version=normal
dtCgAZuV6Xy6rVPn_5SRig,https://moxfield.com/decks/dtCgAZuV6Xy6rVPn_5SRig,Cranial Plating,4,Artifact — Equipment,e1375f17-bc25-4a65-98b7-4785bbdbe974,https://api.scryfall.com/cards/e1375f17-bc25-4a65-98b7-4785bbdbe974?format=image&version=normal
dtCgAZuV6Xy6rVPn_5SRig,https://moxfield.com/decks/dtCgAZuV6Xy6rVPn_5SRig,Forging the Anchor,3,Sorcery,057f6add-1f1d-4cce-9c9d-5e59fb74d78e,https://api.scryfall.com/cards/057f6add-1f1d-4cce-9c9d-5e59fb74d78e?format=image&version=normal
dtCgAZuV6Xy6rVPn_5SRig,https://moxfield.com/decks/dtCgAZuV6Xy6rVPn_5SRig,Frogmite,4,Artifact Creature — Frog,ff504dcb-2eb8-4b3c-a8b9-29697739b649,https://api.scryfall.com/cards/ff504dcb-2eb8-4b3c-a8b9-29697739b649?format=image&version=normal
dtCgAZuV6Xy6rVPn_5SRig,https://moxfield.com/decks/dtCgAZuV6Xy6rVPn_5SRig,Gingerbrute,3,Artifact Creature — Food Golem,c1195ec5-979b-4c4a-9c04-62bb53c2b011,https://api.scryfall.com/cards/c1195ec5-979b-4c4a-9c04-62bb53c2b011?format=image&version=normal
dtCgAZuV6Xy6rVPn_5SRig,https://moxfield.com/decks/dtCgAZuV6Xy6rVPn_5SRig,Kappa Cannoneer,4,Artifact Creature — Turtle Warrior,99cd996f-be74-4dbb-9460-6d650cedfca6,https://api.scryfall.com/cards/99cd996f-be74-4dbb-9460-6d650cedfca6?format=image&version=normal
dtCgAZuV6Xy6rVPn_5SRig,https://moxfield.com/decks/dtCgAZuV6Xy6rVPn_5SRig,Ornithopter,4,Artifact Creature — Thopter,051386e0-4c1c-48ed-8883-664c719cf0fe,https://api.scryfall.com/cards/051386e0-4c1c-48ed-8883-664c719cf0fe?format=image&version=normal
dtCgAZuV6Xy6rVPn_5SRig,https://moxfield.com/decks/dtCgAZuV6Xy6rVPn_5SRig,Patchwork Automaton,2,Artifact Creature — Construct,5d753bef-7043-42d0-929a-b82f0079f3b8,https://api.scryfall.com/cards/5d753bef-7043-42d0-929a-b82f0079f3b8?format=image&version=normal
dtCgAZuV6Xy6rVPn_5SRig,https://moxfield.com/decks/dtCgAZuV6Xy6rVPn_5SRig,Pinnacle Emissary,3,Artifact Creature — Robot,872eb761-333a-4ab7-874e-e6918521b16c,https://api.scryfall.com/cards/872eb761-333a-4ab7-874e-e6918521b16c?format=image&version=normal
dtCgAZuV6Xy6rVPn_5SRig,https://moxfield.com/decks/dtCgAZuV6Xy6rVPn_5SRig,Sol Ring,1,Artifact,9a34ac23-e318-4c0b-ab4c-e1eaa0e2547e,https://api.scryfall.com/cards/9a34ac23-e318-4c0b-ab4c-e1eaa0e2547e?format=image&version=normal
dtCgAZuV6Xy6rVPn_5SRig,https://moxfield.com/decks/dtCgAZuV6Xy6rVPn_5SRig,Springleaf Drum,4,Artifact,e15ab0aa-4059-4923-9816-6f7a9e5b5a18,https://api.scryfall.com/cards/e15ab0aa-4059-4923-9816-6f7a9e5b5a18?format=image&version=normal
dtCgAZuV6Xy6rVPn_5SRig,https://moxfield.com/decks/dtCgAZuV6Xy6rVPn_5SRig,Thought Monitor,3,Artifact Creature — Construct,18a6ea89-417c-4ee0-a410-8a0067b92967,https://api.scryfall.com/cards/18a6ea89-417c-4ee0-a410-8a0067b92967?format=image&version=normal
dtCgAZuV6Xy6rVPn_5SRig,https://moxfield.com/decks/dtCgAZuV6Xy6rVPn_5SRig,Vault Skirge,3,Artifact Creature — Phyrexian Imp,f254239c-c07a-4c41-98f7-8f4de539c73e,https://api.scryfall.com/cards/f254239c-c07a-4c41-98f7-8f4de539c73e?format=image&version=normal
e6qgAR2s9HeRLRGgmvbzwg,https://www.moxfield.com/decks/e6qgAR2s9HeRLRGgmvbzwg,Bomat Courier,4,Artifact Creature — Construct,425bff89-ad15-4d22-bce9-a4a07dbafd87,https://api.scryfall.com/cards/425bff89-ad15-4d22-bce9-a4a07dbafd87?format=image&version=normal
e6qgAR2s9HeRLRGgmvbzwg,https://www.moxfield.com/decks/e6qgAR2s9HeRLRGgmvbzwg,Clockwork Percussionist,4,Artifact Creature — Monkey Toy,e44340c7-d3bb-4cf9-a105-ebbf6ce3ace1,https://api.scryfall.com/cards/e44340c7-d3bb-4cf9-a105-ebbf6ce3ace1?format=image&version=normal
e6qgAR2s9HeRLRGgmvbzwg,https://www.moxfield.com/decks/e6qgAR2s9HeRLRGgmvbzwg,Fireblast,2,Instant,ff45073c-5ac1-4295-833e-58b253319c9b,https://api.scryfall.com/cards/ff45073c-5ac1-4295-833e-58b253319c9b?format=image&version=normal
e6qgAR2s9HeRLRGgmvbzwg,https://www.moxfield.com/decks/e6qgAR2s9HeRLRGgmvbzwg,Gleeful Demolition,4,Sorcery,9f30a6a5-e8b3-403a-bfe1-1f78d45e392e,https://api.scryfall.com/cards/9f30a6a5-e8b3-403a-bfe1-1f78d45e392e?format=image&version=normal
e6qgAR2s9HeRLRGgmvbzwg,https://www.moxfield.com/decks/e6qgAR2s9HeRLRGgmvbzwg,Goblin Bushwhacker,4,Creature — Goblin Warrior,0ad8738e-ea8e-4e26-be20-5e99e141222e,https://api.scryfall.com/cards/0ad8738e-ea8e-4e26-be20-5e99e141222e?format=image&version=normal
e6qgAR2s9HeRLRGgmvbzwg,https://www.moxfield.com/decks/e6qgAR2s9HeRLRGgmvbzwg,Kuldotha Rebirth,4,Sorcery,7ee07266-a95d-4cd8-9863-1664922e9490,https://api.scryfall.com/cards/7ee07266-a95d-4cd8-9863-1664922e9490?format=image&version=normal
e6qgAR2s9HeRLRGgmvbzwg,https://www.moxfield.com/decks/e6qgAR2s9HeRLRGgmvbzwg,Mishra's Bauble,3,Artifact,607e2546-1139-4c1e-9b3b-eacb27bff510,https://api.scryfall.com/cards/607e2546-1139-4c1e-9b3b-eacb27bff510?format=image&version=normal
e6qgAR2s9HeRLRGgmvbzwg,https://www.moxfield.com/decks/e6qgAR2s9HeRLRGgmvbzwg,Ravenous Robots,2,Artifact Creature — Robot,3b303ea3-9f4d-4c28-9446-285a23f841a0,https://api.scryfall.com/cards/3b303ea3-9f4d-4c28-9446-285a23f841a0?format=image&version=normal
e6qgAR2s9HeRLRGgmvbzwg,https://www.moxfield.com/decks/e6qgAR2s9HeRLRGgmvbzwg,Reckless Bushwhacker,4,Creature — Goblin Warrior Ally,5fe0cf99-df33-4f2c-bd6c-10266fc7d044,https://api.scryfall.com/cards/5fe0cf99-df33-4f2c-bd6c-10266fc7d044?format=image&version=normal
e6qgAR2s9HeRLRGgmvbzwg,https://www.moxfield.com/decks/e6qgAR2s9HeRLRGgmvbzwg,Shrapnel Blast,4,Instant,e0798cec-aaa3-4a52-99f8-d000ca7d59db,https://api.scryfall.com/cards/e0798cec-aaa3-4a52-99f8-d000ca7d59db?format=image&version=normal
e6qgAR2s9HeRLRGgmvbzwg,https://www.moxfield.com/decks/e6qgAR2s9HeRLRGgmvbzwg,Signal Pest,4,Artifact Creature — Pest,bb95d15e-0911-475c-8283-43bb742b166b,https://api.scryfall.com/cards/bb95d15e-0911-475c-8283-43bb742b166b?format=image&version=normal
e6qgAR2s9HeRLRGgmvbzwg,https://www.moxfield.com/decks/e6qgAR2s9HeRLRGgmvbzwg,Voldaren Epicure,4,Creature — Vampire,feda6bb3-ee22-489c-bcfd-52ef04841024,https://api.scryfall.com/cards/feda6bb3-ee22-489c-bcfd-52ef04841024?format=image&version=normal
e9CgAbfJIXCycRGoo-AwAA,https://moxfield.com/decks/e9CgAbfJIXCycRGoo-AwAA,Case of the Gateway Express,2,Enchantment — Case,0862bf07-8a76-4e80-bba2-20d22f8eee30,https://api.scryfall.com/cards/0862bf07-8a76-4e80-bba2-20d22f8eee30?format=image&version=normal
e9CgAbfJIXCycRGoo-AwAA,https://moxfield.com/decks/e9CgAbfJIXCycRGoo-AwAA,Dryad Militant,4,Creature — Dryad Soldier,8fb36712-26e9-4ec7-8946-626bb7094c15,https://api.scryfall.com/cards/8fb36712-26e9-4ec7-8946-626bb7094c15?format=image&version=normal
e9CgAbfJIXCycRGoo-AwAA,https://moxfield.com/decks/e9CgAbfJIXCycRGoo-AwAA,Fallaji Wayfarer,4,Creature — Human Scout,bc2378b2-96e2-44ca-8434-9f06c26b183d,https://api.scryfall.com/cards/bc2378b2-96e2-44ca-8434-9f06c26b183d?format=image&version=normal
e9CgAbfJIXCycRGoo-AwAA,https://moxfield.com/decks/e9CgAbfJIXCycRGoo-AwAA,Figure of Fable,4,Creature — Kithkin,e0ef33dd-5f6d-48fa-8ef6-a8092868d50f,https://api.scryfall.com/cards/e0ef33dd-5f6d-48fa-8ef6-a8092868d50f?format=image&version=normal
e9CgAbfJIXCycRGoo-AwAA,https://moxfield.com/decks/e9CgAbfJIXCycRGoo-AwAA,Gallant Citizen,4,Creature — Human Citizen,43790471-6ec8-4c1d-b6d3-74c6cdf8ce43,https://api.scryfall.com/cards/43790471-6ec8-4c1d-b6d3-74c6cdf8ce43?format=image&version=normal
e9CgAbfJIXCycRGoo-AwAA,https://moxfield.com/decks/e9CgAbfJIXCycRGoo-AwAA,Hero of Precinct One,4,Creature — Human Warrior,4564f7b4-4fa3-40a3-88e8-2f1cfd15461c,https://api.scryfall.com/cards/4564f7b4-4fa3-40a3-88e8-2f1cfd15461c?format=image&version=normal
e9CgAbfJIXCycRGoo-AwAA,https://moxfield.com/decks/e9CgAbfJIXCycRGoo-AwAA,Incubation // Incongruity,4,Sorcery // Instant,4957bf8f-75ff-473e-9235-5441643a7c7b,https://api.scryfall.com/cards/4957bf8f-75ff-473e-9235-5441643a7c7b?format=image&version=normal
e9CgAbfJIXCycRGoo-AwAA,https://moxfield.com/decks/e9CgAbfJIXCycRGoo-AwAA,Judge's Familiar,4,Creature — Bird,af4ff6fb-98a6-4776-92a6-c89a6697b23f,https://api.scryfall.com/cards/af4ff6fb-98a6-4776-92a6-c89a6697b23f?format=image&version=normal
e9CgAbfJIXCycRGoo-AwAA,https://moxfield.com/decks/e9CgAbfJIXCycRGoo-AwAA,Knight-Errant of Eos,3,Creature — Human Knight,ab2ad652-2406-491a-9f22-23e974f943d7,https://api.scryfall.com/cards/ab2ad652-2406-491a-9f22-23e974f943d7?format=image&version=normal
e9CgAbfJIXCycRGoo-AwAA,https://moxfield.com/decks/e9CgAbfJIXCycRGoo-AwAA,Oust,2,Sorcery,cbe02056-74b5-4e73-8af6-5d7bf3064146,https://api.scryfall.com/cards/cbe02056-74b5-4e73-8af6-5d7bf3064146?format=image&version=normal
e9CgAbfJIXCycRGoo-AwAA,https://moxfield.com/decks/e9CgAbfJIXCycRGoo-AwAA,Pond Prophet,2,Creature — Frog Advisor,fb959e74-61ea-453d-bb9f-ad0183c0e1b1,https://api.scryfall.com/cards/fb959e74-61ea-453d-bb9f-ad0183c0e1b1?format=image&version=normal
e9CgAbfJIXCycRGoo-AwAA,https://moxfield.com/decks/e9CgAbfJIXCycRGoo-AwAA,"Silk, Web Weaver",4,Legendary Creature — Spider Human Hero,588dc8d9-6ce0-4bd7-afbd-84bb251fdcb1,https://api.scryfall.com/cards/588dc8d9-6ce0-4bd7-afbd-84bb251fdcb1?format=image&version=normal
f5ugAaNCrnO_dyFs6RREFg,https://moxfield.com/decks/f5ugAaNCrnO_dyFs6RREFg,Bloodghast,3,Creature — Vampire Spirit,cee85485-598f-4dfc-aa0b-7b1de86c7788,https://api.scryfall.com/cards/cee85485-598f-4dfc-aa0b-7b1de86c7788?format=image&version=normal
f5ugAaNCrnO_dyFs6RREFg,https://moxfield.com/decks/f5ugAaNCrnO_dyFs6RREFg,Dragon Breath,4,Enchantment — Aura,d2dae846-2c31-4e1c-ba95-96793cddad98,https://api.scryfall.com/cards/d2dae846-2c31-4e1c-ba95-96793cddad98?format=image&version=normal
f5ugAaNCrnO_dyFs6RREFg,https://moxfield.com/decks/f5ugAaNCrnO_dyFs6RREFg,Gnawing Vermin,4,Creature — Rat,2fa2fa48-ddb7-45f0-b183-4186df98f7cc,https://api.scryfall.com/cards/2fa2fa48-ddb7-45f0-b183-4186df98f7cc?format=image&version=normal
f5ugAaNCrnO_dyFs6RREFg,https://moxfield.com/decks/f5ugAaNCrnO_dyFs6RREFg,Grisly Salvage,4,Instant,1f14a218-21da-464e-b73c-fb572c4705ea,https://api.scryfall.com/cards/1f14a218-21da-464e-b73c-fb572c4705ea?format=image&version=normal
f5ugAaNCrnO_dyFs6RREFg,https://moxfield.com/decks/f5ugAaNCrnO_dyFs6RREFg,"Hogaak, Arisen Necropolis",4,Legendary Creature — Avatar,3f0c93e1-1057-42b9-8503-10ab757df2e8,https://api.scryfall.com/cards/3f0c93e1-1057-42b9-8503-10ab757df2e8?format=image&version=normal
f5ugAaNCrnO_dyFs6RREFg,https://moxfield.com/decks/f5ugAaNCrnO_dyFs6RREFg,"Lluwen, Imperfect Naturalist",2,Legendary Creature — Elf Druid,127a30a6-c25a-448a-a242-dc04f273a854,https://api.scryfall.com/cards/127a30a6-c25a-448a-a242-dc04f273a854?format=image&version=normal
f5ugAaNCrnO_dyFs6RREFg,https://moxfield.com/decks/f5ugAaNCrnO_dyFs6RREFg,Rubblebelt Maverick,4,Creature — Human Detective,81c7ff67-b9e1-4d2e-b1ae-da9b946da00b,https://api.scryfall.com/cards/81c7ff67-b9e1-4d2e-b1ae-da9b946da00b?format=image&version=normal
f5ugAaNCrnO_dyFs6RREFg,https://moxfield.com/decks/f5ugAaNCrnO_dyFs6RREFg,Satyr Wayfinder,4,Creature — Satyr,ff3d4e53-3b46-4258-8403-98552d57c5ca,https://api.scryfall.com/cards/ff3d4e53-3b46-4258-8403-98552d57c5ca?format=image&version=normal
f5ugAaNCrnO_dyFs6RREFg,https://moxfield.com/decks/f5ugAaNCrnO_dyFs6RREFg,Stitcher's Supplier,4,Creature — Zombie,5f5efbc8-5d76-4391-99cf-c990536ccc71,https://api.scryfall.com/cards/5f5efbc8-5d76-4391-99cf-c990536ccc71?format=image&version=normal
f5ugAaNCrnO_dyFs6RREFg,https://moxfield.com/decks/f5ugAaNCrnO_dyFs6RREFg,Town Greeter,4,Creature — Human Citizen,49cd4efa-4df4-4257-9a42-60330f7781e2,https://api.scryfall.com/cards/49cd4efa-4df4-4257-9a42-60330f7781e2?format=image&version=normal
f5ugAaNCrnO_dyFs6RREFg,https://moxfield.com/decks/f5ugAaNCrnO_dyFs6RREFg,Undead Butler,4,Creature — Zombie,6cc192a3-e1a6-4aa9-8968-7e5721df9942,https://api.scryfall.com/cards/6cc192a3-e1a6-4aa9-8968-7e5721df9942?format=image&version=normal
fJugAQy2j32G0X0qB3bzcQ,https://moxfield.com/decks/fJugAQy2j32G0X0qB3bzcQ,Anointed Peacekeeper,4,Creature — Human Cleric,5b8127b5-3a65-411a-84bc-54e5c1be1477,https://api.scryfall.com/cards/5b8127b5-3a65-411a-84bc-54e5c1be1477?format=image&version=normal
fJugAQy2j32G0X0qB3bzcQ,https://moxfield.com/decks/fJugAQy2j32G0X0qB3bzcQ,"Arachne, Psionic Weaver",1,Legendary Creature — Spider Human Hero,7c1f871a-bd85-402e-b474-1deb64c18a52,https://api.scryfall.com/cards/7c1f871a-bd85-402e-b474-1deb64c18a52?format=image&version=normal
fJugAQy2j32G0X0qB3bzcQ,https://moxfield.com/decks/fJugAQy2j32G0X0qB3bzcQ,Avacyn's Pilgrim,4,Creature — Human Monk,e9600bdc-6a1b-4f7a-aa7d-538fb89df937,https://api.scryfall.com/cards/e9600bdc-6a1b-4f7a-aa7d-538fb89df937?format=image&version=normal
fJugAQy2j32G0X0qB3bzcQ,https://moxfield.com/decks/fJugAQy2j32G0X0qB3bzcQ,Elite Spellbinder,3,Creature — Human Cleric,250b3ddb-bfd1-4a3c-bafb-4ef79a3edf08,https://api.scryfall.com/cards/250b3ddb-bfd1-4a3c-bafb-4ef79a3edf08?format=image&version=normal
fJugAQy2j32G0X0qB3bzcQ,https://moxfield.com/decks/fJugAQy2j32G0X0qB3bzcQ,Figure of Fable,2,Creature — Kithkin,e0ef33dd-5f6d-48fa-8ef6-a8092868d50f,https://api.scryfall.com/cards/e0ef33dd-5f6d-48fa-8ef6-a8092868d50f?format=image&version=normal
fJugAQy2j32G0X0qB3bzcQ,https://moxfield.com/decks/fJugAQy2j32G0X0qB3bzcQ,Llanowar Elves,4,Creature — Elf Druid,a6971b0a-274c-444c-aea8-5e114b4aecdd,https://api.scryfall.com/cards/a6971b0a-274c-444c-aea8-5e114b4aecdd?format=image&version=normal
fJugAQy2j32G0X0qB3bzcQ,https://moxfield.com/decks/fJugAQy2j32G0X0qB3bzcQ,Once Upon a Time,4,Instant,ec275844-6ed6-4d05-9c02-b5a566a7fd5d,https://api.scryfall.com/cards/ec275844-6ed6-4d05-9c02-b5a566a7fd5d?format=image&version=normal
fJugAQy2j32G0X0qB3bzcQ,https://moxfield.com/decks/fJugAQy2j32G0X0qB3bzcQ,"Silk, Web Weaver",1,Legendary Creature — Spider Human Hero,588dc8d9-6ce0-4bd7-afbd-84bb251fdcb1,https://api.scryfall.com/cards/588dc8d9-6ce0-4bd7-afbd-84bb251fdcb1?format=image&version=normal
fJugAQy2j32G0X0qB3bzcQ,https://moxfield.com/decks/fJugAQy2j32G0X0qB3bzcQ,Skyclave Apparition,2,Creature — Kor Spirit,32d7ddec-4d14-4a4c-b1cf-092999347498,https://api.scryfall.com/cards/32d7ddec-4d14-4a4c-b1cf-092999347498?format=image&version=normal
fJugAQy2j32G0X0qB3bzcQ,https://moxfield.com/decks/fJugAQy2j32G0X0qB3bzcQ,Sol Ring,1,Artifact,8fb860f9-3729-436e-adfb-c98c2a389d5d,https://api.scryfall.com/cards/8fb860f9-3729-436e-adfb-c98c2a389d5d?format=image&version=normal
fJugAQy2j32G0X0qB3bzcQ,https://moxfield.com/decks/fJugAQy2j32G0X0qB3bzcQ,Swords to Plowshares,4,Instant,57c2632e-5181-43e4-8744-baafb8f7d213,https://api.scryfall.com/cards/57c2632e-5181-43e4-8744-baafb8f7d213?format=image&version=normal
fJugAQy2j32G0X0qB3bzcQ,https://moxfield.com/decks/fJugAQy2j32G0X0qB3bzcQ,"Thalia, Guardian of Thraben",3,Legendary Creature — Human Soldier,c9f8b8fb-1cd8-450e-a1fe-892e7a323479,https://api.scryfall.com/cards/c9f8b8fb-1cd8-450e-a1fe-892e7a323479?format=image&version=normal
fJugAQy2j32G0X0qB3bzcQ,https://moxfield.com/decks/fJugAQy2j32G0X0qB3bzcQ,Undermountain Adventurer,4,Creature — Giant Warrior,5c5f3d5a-2d94-4765-bf51-192d7f6021b1,https://api.scryfall.com/cards/5c5f3d5a-2d94-4765-bf51-192d7f6021b1?format=image&version=normal
fJugAQy2j32G0X0qB3bzcQ,https://moxfield.com/decks/fJugAQy2j32G0X0qB3bzcQ,White Plume Adventurer,2,Creature — Orc Cleric,b256ddc8-8b12-434c-a610-1a872e948f2f,https://api.scryfall.com/cards/b256ddc8-8b12-434c-a610-1a872e948f2f?format=image&version=normal
fJugAff1DXy4pum3n5tkgw,https://moxfield.com/decks/fJugAff1DXy4pum3n5tkgw,Bond of Insight,2,Sorcery,648629af-e911-49e1-b564-c98f339b84a1,https://api.scryfall.com/cards/648629af-e911-49e1-b564-c98f339b84a1?format=image&version=normal
fJugAff1DXy4pum3n5tkgw,https://moxfield.com/decks/fJugAff1DXy4pum3n5tkgw,Commit // Memory,1,Instant // Sorcery,855af9a8-31fc-4290-8204-04ee026f8853,https://api.scryfall.com/cards/855af9a8-31fc-4290-8204-04ee026f8853?format=image&version=normal
fJugAff1DXy4pum3n5tkgw,https://moxfield.com/decks/fJugAff1DXy4pum3n5tkgw,Consider,4,Instant,4f28e706-c488-4525-ad8a-977a5fa77f80,https://api.scryfall.com/cards/4f28e706-c488-4525-ad8a-977a5fa77f80?format=image&version=normal
fJugAff1DXy4pum3n5tkgw,https://moxfield.com/decks/fJugAff1DXy4pum3n5tkgw,Cunning Wish,2,Instant,826e1acd-776a-4293-a119-8e32487acfb9,https://api.scryfall.com/cards/826e1acd-776a-4293-a119-8e32487acfb9?format=image&version=normal
fJugAff1DXy4pum3n5tkgw,https://moxfield.com/decks/fJugAff1DXy4pum3n5tkgw,Dig Through Time,1,Instant,766b2e52-6ba1-4222-a9f4-01a2bf3e9443,https://api.scryfall.com/cards/766b2e52-6ba1-4222-a9f4-01a2bf3e9443?format=image&version=normal
fJugAff1DXy4pum3n5tkgw,https://moxfield.com/decks/fJugAff1DXy4pum3n5tkgw,Disrupt,1,Instant,1334bc87-f6b3-48b8-ae9c-a499df230b75,https://api.scryfall.com/cards/1334bc87-f6b3-48b8-ae9c-a499df230b75?format=image&version=normal
fJugAff1DXy4pum3n5tkgw,https://moxfield.com/decks/fJugAff1DXy4pum3n5tkgw,Expansion // Explosion,1,Instant // Instant,42cacf46-6f84-4198-877b-1544cff2f837,https://api.scryfall.com/cards/42cacf46-6f84-4198-877b-1544cff2f837?format=image&version=normal
fJugAff1DXy4pum3n5tkgw,https://moxfield.com/decks/fJugAff1DXy4pum3n5tkgw,Founding the Third Path,1,Enchantment — Saga,2d841faa-9e0b-45ff-9dfd-f8a169d9af76,https://api.scryfall.com/cards/2d841faa-9e0b-45ff-9dfd-f8a169d9af76?format=image&version=normal
fJugAff1DXy4pum3n5tkgw,https://moxfield.com/decks/fJugAff1DXy4pum3n5tkgw,Frantic Search,4,Instant,9ad4d49f-2505-43b7-b5fb-58bf1b8fcc71,https://api.scryfall.com/cards/9ad4d49f-2505-43b7-b5fb-58bf1b8fcc71?format=image&version=normal
fJugAff1DXy4pum3n5tkgw,https://moxfield.com/decks/fJugAff1DXy4pum3n5tkgw,Hidden Strings,2,Sorcery,b4672009-465c-4b85-88d4-a90a1762e026,https://api.scryfall.com/cards/b4672009-465c-4b85-88d4-a90a1762e026?format=image&version=normal
fJugAff1DXy4pum3n5tkgw,https://moxfield.com/decks/fJugAff1DXy4pum3n5tkgw,High Tide,4,Instant,c2813677-91cc-4c8b-a8ea-403fa776c9f0,https://api.scryfall.com/cards/c2813677-91cc-4c8b-a8ea-403fa776c9f0?format=image&version=normal
fJugAff1DXy4pum3n5tkgw,https://moxfield.com/decks/fJugAff1DXy4pum3n5tkgw,Impulse,1,Instant,c9d518a9-ee23-49b2-af54-3de669a1bd53,https://api.scryfall.com/cards/c9d518a9-ee23-49b2-af54-3de669a1bd53?format=image&version=normal
fJugAff1DXy4pum3n5tkgw,https://moxfield.com/decks/fJugAff1DXy4pum3n5tkgw,Mind's Desire,1,Sorcery,1290e00b-c41b-4e30-8b65-a7fd4356d462,https://api.scryfall.com/cards/1290e00b-c41b-4e30-8b65-a7fd4356d462?format=image&version=normal
fJugAff1DXy4pum3n5tkgw,https://moxfield.com/decks/fJugAff1DXy4pum3n5tkgw,"Narset, Parter of Veils",1,Legendary Planeswalker — Narset,3cc0fd27-9f54-48f5-aebe-c437a848671d,https://api.scryfall.com/cards/3cc0fd27-9f54-48f5-aebe-c437a848671d?format=image&version=normal
fJugAff1DXy4pum3n5tkgw,https://moxfield.com/decks/fJugAff1DXy4pum3n5tkgw,Pieces of the Puzzle,1,Sorcery,69204c83-2e43-4ca1-a4cd-d75399a7d6dd,https://api.scryfall.com/cards/69204c83-2e43-4ca1-a4cd-d75399a7d6dd?format=image&version=normal
fJugAff1DXy4pum3n5tkgw,https://moxfield.com/decks/fJugAff1DXy4pum3n5tkgw,Preordain,4,Sorcery,78d22ece-0cb1-4faf-a871-995449c1a41f,https://api.scryfall.com/cards/78d22ece-0cb1-4faf-a871-995449c1a41f?format=image&version=normal
fJugAff1DXy4pum3n5tkgw,https://moxfield.com/decks/fJugAff1DXy4pum3n5tkgw,Remand,2,Instant,36de9999-8d0a-4174-8e38-549bacdc128b,https://api.scryfall.com/cards/36de9999-8d0a-4174-8e38-549bacdc128b?format=image&version=normal
fJugAff1DXy4pum3n5tkgw,https://moxfield.com/decks/fJugAff1DXy4pum3n5tkgw,Repeal,1,Instant,265b80cd-2e9c-4e4b-a065-eafb29b3e07a,https://api.scryfall.com/cards/265b80cd-2e9c-4e4b-a065-eafb29b3e07a?format=image&version=normal
fJugAff1DXy4pum3n5tkgw,https://moxfield.com/decks/fJugAff1DXy4pum3n5tkgw,Sleight of Hand,2,Sorcery,80dea5c0-ada3-488a-9f2b-f895b92c762f,https://api.scryfall.com/cards/80dea5c0-ada3-488a-9f2b-f895b92c762f?format=image&version=normal
fJugAff1DXy4pum3n5tkgw,https://moxfield.com/decks/fJugAff1DXy4pum3n5tkgw,Sol Ring,1,Artifact,8fb860f9-3729-436e-adfb-c98c2a389d5d,https://api.scryfall.com/cards/8fb860f9-3729-436e-adfb-c98c2a389d5d?format=image&version=normal
fJugAff1DXy4pum3n5tkgw,https://moxfield.com/decks/fJugAff1DXy4pum3n5tkgw,Spell Pierce,2,Instant,6bf4dfc0-c58b-4535-b660-54ceaa6e0217,https://api.scryfall.com/cards/6bf4dfc0-c58b-4535-b660-54ceaa6e0217?format=image&version=normal
fJugAff1DXy4pum3n5tkgw,https://moxfield.com/decks/fJugAff1DXy4pum3n5tkgw,Spell Snare,1,Instant,b7551b61-656e-4f37-b9da-73174db983b7,https://api.scryfall.com/cards/b7551b61-656e-4f37-b9da-73174db983b7?format=image&version=normal
fJugAff1DXy4pum3n5tkgw,https://moxfield.com/decks/fJugAff1DXy4pum3n5tkgw,Treasure Cruise,1,Sorcery,a6e97db4-f447-46c3-8be7-66f22bb349b4,https://api.scryfall.com/cards/a6e97db4-f447-46c3-8be7-66f22bb349b4?format=image&version=normal
fJugAff1DXy4pum3n5tkgw,https://moxfield.com/decks/fJugAff1DXy4pum3n5tkgw,Turnabout,1,Instant,22702a76-f8ed-4a73-ba9d-f928add32d85,https://api.scryfall.com/cards/22702a76-f8ed-4a73-ba9d-f928add32d85?format=image&version=normal
fLGgARroJX2p5WZBcH-g6g,https://moxfield.com/decks/fLGgARroJX2p5WZBcH-g6g,Champions of the Perfect,3,Creature — Elf Warrior,4f359211-8be5-4818-b73c-14f24b7ddb21,https://api.scryfall.com/cards/4f359211-8be5-4818-b73c-14f24b7ddb21?format=image&version=normal
fLGgARroJX2p5WZBcH-g6g,https://moxfield.com/decks/fLGgARroJX2p5WZBcH-g6g,Elvish Archdruid,4,Creature — Elf Druid,b8090192-2cbe-4b72-8810-b8b41def526e,https://api.scryfall.com/cards/b8090192-2cbe-4b72-8810-b8b41def526e?format=image&version=normal
fLGgARroJX2p5WZBcH-g6g,https://moxfield.com/decks/fLGgARroJX2p5WZBcH-g6g,Elvish Mystic,4,Creature — Elf Druid,eb654a76-62ee-4fd8-83d4-cb912211a9a0,https://api.scryfall.com/cards/eb654a76-62ee-4fd8-83d4-cb912211a9a0?format=image&version=normal
fLGgARroJX2p5WZBcH-g6g,https://moxfield.com/decks/fLGgARroJX2p5WZBcH-g6g,Elvish Visionary,4,Creature — Elf Shaman,c03fe1ac-ae2a-4b86-b5cc-eb5e51f63c54,https://api.scryfall.com/cards/c03fe1ac-ae2a-4b86-b5cc-eb5e51f63c54?format=image&version=normal
fLGgARroJX2p5WZBcH-g6g,https://moxfield.com/decks/fLGgARroJX2p5WZBcH-g6g,Genesis Wave,4,Sorcery,d46f7ddb-f986-4f1f-b096-ae1a02d0bdc8,https://api.scryfall.com/cards/d46f7ddb-f986-4f1f-b096-ae1a02d0bdc8?format=image&version=normal
fLGgARroJX2p5WZBcH-g6g,https://moxfield.com/decks/fLGgARroJX2p5WZBcH-g6g,Glimpse of Nature,4,Sorcery,7cb6fd05-0bd9-4f2f-b159-280aba98d3a5,https://api.scryfall.com/cards/7cb6fd05-0bd9-4f2f-b159-280aba98d3a5?format=image&version=normal
fLGgARroJX2p5WZBcH-g6g,https://moxfield.com/decks/fLGgARroJX2p5WZBcH-g6g,Llanowar Elves,4,Creature — Elf Druid,199e047c-823b-4d18-a5e9-6de3e6989858,https://api.scryfall.com/cards/199e047c-823b-4d18-a5e9-6de3e6989858?format=image&version=normal
fLGgARroJX2p5WZBcH-g6g,https://moxfield.com/decks/fLGgARroJX2p5WZBcH-g6g,March of Burgeoning Life,2,Instant,e99801ba-4f71-4ca7-8705-a3fee4247446,https://api.scryfall.com/cards/e99801ba-4f71-4ca7-8705-a3fee4247446?format=image&version=normal
fLGgARroJX2p5WZBcH-g6g,https://moxfield.com/decks/fLGgARroJX2p5WZBcH-g6g,Priest of Titania,3,Creature — Elf Druid,c777b6f4-38de-4cba-b050-361b0f5bc560,https://api.scryfall.com/cards/c777b6f4-38de-4cba-b050-361b0f5bc560?format=image&version=normal
fLGgARroJX2p5WZBcH-g6g,https://moxfield.com/decks/fLGgARroJX2p5WZBcH-g6g,Quirion Ranger,2,Creature — Elf Ranger,11da032d-1cd5-48ed-ace7-fc042c4859e8,https://api.scryfall.com/cards/11da032d-1cd5-48ed-ace7-fc042c4859e8?format=image&version=normal
fLGgARroJX2p5WZBcH-g6g,https://moxfield.com/decks/fLGgARroJX2p5WZBcH-g6g,"Samut, Tyrant Smasher",3,Legendary Planeswalker — Samut,e0457e3f-56c1-401b-8e08-f04b95c55e2d,https://api.scryfall.com/cards/e0457e3f-56c1-401b-8e08-f04b95c55e2d?format=image&version=normal
fLGgARroJX2p5WZBcH-g6g,https://moxfield.com/decks/fLGgARroJX2p5WZBcH-g6g,Shaman of the Pack,2,Creature — Elf Shaman,9eedf655-771d-4a08-a24a-3dc5d1725314,https://api.scryfall.com/cards/9eedf655-771d-4a08-a24a-3dc5d1725314?format=image&version=normal
fLGgARroJX2p5WZBcH-g6g,https://moxfield.com/decks/fLGgARroJX2p5WZBcH-g6g,Wirewood Symbiote,4,Creature — Insect,d237f5cc-2b9b-4929-9697-72078bac4c77,https://api.scryfall.com/cards/d237f5cc-2b9b-4929-9697-72078bac4c77?format=image&version=normal
fY2gAeSkP3uu-fBFlG0q-g,https://moxfield.com/decks/fY2gAeSkP3uu-fBFlG0q-g,Figure of Fable,2,Creature — Kithkin,e0ef33dd-5f6d-48fa-8ef6-a8092868d50f,https://api.scryfall.com/cards/e0ef33dd-5f6d-48fa-8ef6-a8092868d50f?format=image&version=normal
fY2gAeSkP3uu-fBFlG0q-g,https://moxfield.com/decks/fY2gAeSkP3uu-fBFlG0q-g,March of Otherworldly Light,4,Instant,7f964a0a-54b6-42a7-bb31-18f3a2e2e0f7,https://api.scryfall.com/cards/7f964a0a-54b6-42a7-bb31-18f3a2e2e0f7?format=image&version=normal
fY2gAeSkP3uu-fBFlG0q-g,https://moxfield.com/decks/fY2gAeSkP3uu-fBFlG0q-g,Of Herbs and Stewed Rabbit,3,Enchantment — Saga,c58623cb-8b49-470c-9622-dd6e09d47599,https://api.scryfall.com/cards/c58623cb-8b49-470c-9622-dd6e09d47599?format=image&version=normal
fY2gAeSkP3uu-fBFlG0q-g,https://moxfield.com/decks/fY2gAeSkP3uu-fBFlG0q-g,Origin of Spider-Man,2,Enchantment — Saga,a10a7da7-d9cb-495a-9c9f-205d355c390d,https://api.scryfall.com/cards/a10a7da7-d9cb-495a-9c9f-205d355c390d?format=image&version=normal
fY2gAeSkP3uu-fBFlG0q-g,https://moxfield.com/decks/fY2gAeSkP3uu-fBFlG0q-g,Oust,2,Sorcery,cbe02056-74b5-4e73-8af6-5d7bf3064146,https://api.scryfall.com/cards/cbe02056-74b5-4e73-8af6-5d7bf3064146?format=image&version=normal
fY2gAeSkP3uu-fBFlG0q-g,https://moxfield.com/decks/fY2gAeSkP3uu-fBFlG0q-g,Scholar of New Horizons,4,Creature — Human Scout,99e1d96f-c326-49b2-9a24-6e3e5465047e,https://api.scryfall.com/cards/99e1d96f-c326-49b2-9a24-6e3e5465047e?format=image&version=normal
fY2gAeSkP3uu-fBFlG0q-g,https://moxfield.com/decks/fY2gAeSkP3uu-fBFlG0q-g,Smuggler's Copter,3,Artifact — Vehicle,c75513ba-5d95-4181-ad19-742072546ac6,https://api.scryfall.com/cards/c75513ba-5d95-4181-ad19-742072546ac6?format=image&version=normal
fY2gAeSkP3uu-fBFlG0q-g,https://moxfield.com/decks/fY2gAeSkP3uu-fBFlG0q-g,Sol Ring,1,Artifact,870ec754-a76c-40ea-9b81-81b3dca1f62c,https://api.scryfall.com/cards/870ec754-a76c-40ea-9b81-81b3dca1f62c?format=image&version=normal
fY2gAeSkP3uu-fBFlG0q-g,https://moxfield.com/decks/fY2gAeSkP3uu-fBFlG0q-g,Soul-Guide Lantern,3,Artifact,6d3ff537-86f0-405e-b96b-1250720af031,https://api.scryfall.com/cards/6d3ff537-86f0-405e-b96b-1250720af031?format=image&version=normal
fY2gAeSkP3uu-fBFlG0q-g,https://moxfield.com/decks/fY2gAeSkP3uu-fBFlG0q-g,Spirited Companion,2,Enchantment Creature — Dog,fbfbcd67-914c-44df-8476-b7f16bc2bd53,https://api.scryfall.com/cards/fbfbcd67-914c-44df-8476-b7f16bc2bd53?format=image&version=normal
fY2gAeSkP3uu-fBFlG0q-g,https://moxfield.com/decks/fY2gAeSkP3uu-fBFlG0q-g,Summon: Yojimbo,2,Enchantment Creature — Saga Samurai,cdbc2d28-ea35-47c6-af7e-07924e9d5794,https://api.scryfall.com/cards/cdbc2d28-ea35-47c6-af7e-07924e9d5794?format=image&version=normal
fY2gAeSkP3uu-fBFlG0q-g,https://moxfield.com/decks/fY2gAeSkP3uu-fBFlG0q-g,The Restoration of Eiganjo // Architect of Restoration,4,Enchantment — Saga // Enchantment Creature — Fox Monk,a11a33ae-e7fa-4bd4-8cd8-3a3239a29bcc,https://api.scryfall.com/cards/a11a33ae-e7fa-4bd4-8cd8-3a3239a29bcc?format=image&version=normal
fY2gAeSkP3uu-fBFlG0q-g,https://moxfield.com/decks/fY2gAeSkP3uu-fBFlG0q-g,Thraben Inspector,4,Creature — Human Soldier,9b65852b-b748-4263-a5aa-7a44e891c582,https://api.scryfall.com/cards/9b65852b-b748-4263-a5aa-7a44e891c582?format=image&version=normal
fY2gAeSkP3uu-fBFlG0q-g,https://moxfield.com/decks/fY2gAeSkP3uu-fBFlG0q-g,Timeless Dragon,3,Creature — Dragon,eac51e5f-6aa4-4021-ba1a-dc52a19c7289,https://api.scryfall.com/cards/eac51e5f-6aa4-4021-ba1a-dc52a19c7289?format=image&version=normal
fZugARIUl3yRHWvPYlaonw,https://moxfield.com/decks/fZugARIUl3yRHWvPYlaonw,Benevolent Bodyguard,4,Creature — Human Cleric,b724dfd3-dc9c-41ac-bb38-5578a9f8436b,https://api.scryfall.com/cards/b724dfd3-dc9c-41ac-bb38-5578a9f8436b?format=image&version=normal
fZugARIUl3yRHWvPYlaonw,https://moxfield.com/decks/fZugARIUl3yRHWvPYlaonw,Champion of the Parish,4,Creature — Human Soldier,f7314414-c2d2-48ed-af2c-764cf0207c62,https://api.scryfall.com/cards/f7314414-c2d2-48ed-af2c-764cf0207c62?format=image&version=normal
fZugARIUl3yRHWvPYlaonw,https://moxfield.com/decks/fZugARIUl3yRHWvPYlaonw,Coppercoat Vanguard,4,Creature — Human Soldier,f5a932af-f5bb-452d-803a-b75bd3552b35,https://api.scryfall.com/cards/f5a932af-f5bb-452d-803a-b75bd3552b35?format=image&version=normal
fZugARIUl3yRHWvPYlaonw,https://moxfield.com/decks/fZugARIUl3yRHWvPYlaonw,Giant Killer // Chop Down,2,Creature — Human Peasant // Instant — Adventure,a755e9d9-171f-421c-9ed9-7a296b2b0c9b,https://api.scryfall.com/cards/a755e9d9-171f-421c-9ed9-7a296b2b0c9b?format=image&version=normal
fZugARIUl3yRHWvPYlaonw,https://moxfield.com/decks/fZugARIUl3yRHWvPYlaonw,Hopeful Initiate,3,Creature — Human Warlock,d68255cf-eb7c-4865-9a7e-b99dccc24e0c,https://api.scryfall.com/cards/d68255cf-eb7c-4865-9a7e-b99dccc24e0c?format=image&version=normal
fZugARIUl3yRHWvPYlaonw,https://moxfield.com/decks/fZugARIUl3yRHWvPYlaonw,Invasion of Gobakhan // Lightshield Array,2,Battle — Siege // Enchantment,11798730-6788-4e0b-a828-b46cab1a4fa7,https://api.scryfall.com/cards/11798730-6788-4e0b-a828-b46cab1a4fa7?format=image&version=normal
fZugARIUl3yRHWvPYlaonw,https://moxfield.com/decks/fZugARIUl3yRHWvPYlaonw,Recruitment Officer,2,Creature — Human Soldier,c226656b-68d5-4df2-b313-a323a728c520,https://api.scryfall.com/cards/c226656b-68d5-4df2-b313-a323a728c520?format=image&version=normal
fZugARIUl3yRHWvPYlaonw,https://moxfield.com/decks/fZugARIUl3yRHWvPYlaonw,Sol Ring,1,Artifact,8fb860f9-3729-436e-adfb-c98c2a389d5d,https://api.scryfall.com/cards/8fb860f9-3729-436e-adfb-c98c2a389d5d?format=image&version=normal
fZugARIUl3yRHWvPYlaonw,https://moxfield.com/decks/fZugARIUl3yRHWvPYlaonw,Swords to Plowshares,4,Instant,57c2632e-5181-43e4-8744-baafb8f7d213,https://api.scryfall.com/cards/57c2632e-5181-43e4-8744-baafb8f7d213?format=image&version=normal
fZugARIUl3yRHWvPYlaonw,https://moxfield.com/decks/fZugARIUl3yRHWvPYlaonw,Tax Collector,3,Creature — Human Advisor,a300b5af-9223-4e97-9d33-a9226bd900f3,https://api.scryfall.com/cards/a300b5af-9223-4e97-9d33-a9226bd900f3?format=image&version=normal
fZugARIUl3yRHWvPYlaonw,https://moxfield.com/decks/fZugARIUl3yRHWvPYlaonw,Thalia's Lieutenant,4,Creature — Human Soldier,fe162594-2332-4816-a9e1-57eb19b12651,https://api.scryfall.com/cards/fe162594-2332-4816-a9e1-57eb19b12651?format=image&version=normal
fZugARIUl3yRHWvPYlaonw,https://moxfield.com/decks/fZugARIUl3yRHWvPYlaonw,"Thalia, Guardian of Thraben",4,Legendary Creature — Human Soldier,c9f8b8fb-1cd8-450e-a1fe-892e7a323479,https://api.scryfall.com/cards/c9f8b8fb-1cd8-450e-a1fe-892e7a323479?format=image&version=normal
fZugARIUl3yRHWvPYlaonw,https://moxfield.com/decks/fZugARIUl3yRHWvPYlaonw,"Urdnan, Dromoka Warrior",2,Legendary Creature — Human Warrior,f239682a-2b81-4f62-a474-60e8db343200,https://api.scryfall.com/cards/f239682a-2b81-4f62-a474-60e8db343200?format=image&version=normal
fZugAZbpBHSeLWg58yYj5w,https://moxfield.com/decks/fZugAZbpBHSeLWg58yYj5w,Amped Raptor,4,Creature — Dinosaur,1ac0e78b-0fdd-44f9-8b7b-c4f28a32782e,https://api.scryfall.com/cards/1ac0e78b-0fdd-44f9-8b7b-c4f28a32782e?format=image&version=normal
fZugAZbpBHSeLWg58yYj5w,https://moxfield.com/decks/fZugAZbpBHSeLWg58yYj5w,Brotherhood Scribe,4,Creature — Human Artificer,b751250e-ebf2-42b1-9a45-779b39974ba7,https://api.scryfall.com/cards/b751250e-ebf2-42b1-9a45-779b39974ba7?format=image&version=normal
fZugAZbpBHSeLWg58yYj5w,https://moxfield.com/decks/fZugAZbpBHSeLWg58yYj5w,Galvanic Discharge,4,Instant,32aa6e33-221f-414c-9b51-850d97a7e051,https://api.scryfall.com/cards/32aa6e33-221f-414c-9b51-850d97a7e051?format=image&version=normal
fZugAZbpBHSeLWg58yYj5w,https://moxfield.com/decks/fZugAZbpBHSeLWg58yYj5w,Goblin Guide,4,Creature — Goblin Scout,1aac57a6-29c0-4ccb-b825-b1e04ae0ea3e,https://api.scryfall.com/cards/1aac57a6-29c0-4ccb-b825-b1e04ae0ea3e?format=image&version=normal
fZugAZbpBHSeLWg58yYj5w,https://moxfield.com/decks/fZugAZbpBHSeLWg58yYj5w,Guide of Souls,4,Creature — Human Cleric,76c3cad2-1e25-4abe-878d-9194de6fcc27,https://api.scryfall.com/cards/76c3cad2-1e25-4abe-878d-9194de6fcc27?format=image&version=normal
fZugAZbpBHSeLWg58yYj5w,https://moxfield.com/decks/fZugAZbpBHSeLWg58yYj5w,Lorehold Charm,2,Instant,6686e584-d8ad-430f-a654-3d74a355c1d1,https://api.scryfall.com/cards/6686e584-d8ad-430f-a654-3d74a355c1d1?format=image&version=normal
fZugAZbpBHSeLWg58yYj5w,https://moxfield.com/decks/fZugAZbpBHSeLWg58yYj5w,Nurturing Pixie,1,Creature — Faerie Rogue,0fe155f6-888b-41a0-a9a0-be7bea998718,https://api.scryfall.com/cards/0fe155f6-888b-41a0-a9a0-be7bea998718?format=image&version=normal
fZugAZbpBHSeLWg58yYj5w,https://moxfield.com/decks/fZugAZbpBHSeLWg58yYj5w,Rally at the Hornburg,4,Sorcery,ee7292f7-1c7e-449c-9c52-7584d6a14c2c,https://api.scryfall.com/cards/ee7292f7-1c7e-449c-9c52-7584d6a14c2c?format=image&version=normal
fZugAZbpBHSeLWg58yYj5w,https://moxfield.com/decks/fZugAZbpBHSeLWg58yYj5w,Stadium Headliner,4,Creature — Goblin Warrior,d7bcb227-f1ef-49d7-98e6-bac65f49c18b,https://api.scryfall.com/cards/d7bcb227-f1ef-49d7-98e6-bac65f49c18b?format=image&version=normal
fZugAZbpBHSeLWg58yYj5w,https://moxfield.com/decks/fZugAZbpBHSeLWg58yYj5w,Static Prison,4,Enchantment,dd16222e-349c-4a2b-a7c8-8eb35a8ab332,https://api.scryfall.com/cards/dd16222e-349c-4a2b-a7c8-8eb35a8ab332?format=image&version=normal
fZugAZbpBHSeLWg58yYj5w,https://moxfield.com/decks/fZugAZbpBHSeLWg58yYj5w,Unstable Amulet,4,Artifact,9d9949f5-8d6c-4ea9-b203-99e8a57a6c60,https://api.scryfall.com/cards/9d9949f5-8d6c-4ea9-b203-99e8a57a6c60?format=image&version=normal
fr-gAZZW6HODNOyA2z4xAQ,https://moxfield.com/decks/fr-gAZZW6HODNOyA2z4xAQ,Archfiend of the Dross,4,Creature — Phyrexian Demon,5a4aad94-5b0e-4644-b331-39dae2a7e937,https://api.scryfall.com/cards/5a4aad94-5b0e-4644-b331-39dae2a7e937?format=image&version=normal
fr-gAZZW6HODNOyA2z4xAQ,https://moxfield.com/decks/fr-gAZZW6HODNOyA2z4xAQ,Baron Helmut Zemo,3,Legendary Creature — Human Noble Villain,c2aadc25-7755-4bc8-a8af-b01d27eec364,https://api.scryfall.com/cards/c2aadc25-7755-4bc8-a8af-b01d27eec364?format=image&version=normal
fr-gAZZW6HODNOyA2z4xAQ,https://moxfield.com/decks/fr-gAZZW6HODNOyA2z4xAQ,Blade of the Oni,3,Artifact Creature — Equipment Demon,b6bc3f71-b4ce-4c05-be3c-7a0faad476c3,https://api.scryfall.com/cards/b6bc3f71-b4ce-4c05-be3c-7a0faad476c3?format=image&version=normal
fr-gAZZW6HODNOyA2z4xAQ,https://moxfield.com/decks/fr-gAZZW6HODNOyA2z4xAQ,Fatal Push,4,Instant,2430f223-edb2-402b-a85b-5d328323992d,https://api.scryfall.com/cards/2430f223-edb2-402b-a85b-5d328323992d?format=image&version=normal
fr-gAZZW6HODNOyA2z4xAQ,https://moxfield.com/decks/fr-gAZZW6HODNOyA2z4xAQ,Go for the Throat,2,Instant,7fdafc6a-a53e-421d-8494-2a34f945d178,https://api.scryfall.com/cards/7fdafc6a-a53e-421d-8494-2a34f945d178?format=image&version=normal
fr-gAZZW6HODNOyA2z4xAQ,https://moxfield.com/decks/fr-gAZZW6HODNOyA2z4xAQ,Gray Merchant of Asphodel,3,Creature — Zombie,7c1a7dd8-8034-4f59-a351-33666b26ff5a,https://api.scryfall.com/cards/7c1a7dd8-8034-4f59-a351-33666b26ff5a?format=image&version=normal
fr-gAZZW6HODNOyA2z4xAQ,https://moxfield.com/decks/fr-gAZZW6HODNOyA2z4xAQ,Hymn to Tourach,4,Sorcery,5bc50e08-dd6f-4ea7-87f8-cce72bafb928,https://api.scryfall.com/cards/5bc50e08-dd6f-4ea7-87f8-cce72bafb928?format=image&version=normal
fr-gAZZW6HODNOyA2z4xAQ,https://moxfield.com/decks/fr-gAZZW6HODNOyA2z4xAQ,Inquisition of Kozilek,4,Sorcery,5c1d4835-c662-4deb-b8f9-cd7b04948edf,https://api.scryfall.com/cards/5c1d4835-c662-4deb-b8f9-cd7b04948edf?format=image&version=normal
fr-gAZZW6HODNOyA2z4xAQ,https://moxfield.com/decks/fr-gAZZW6HODNOyA2z4xAQ,Momentum Breaker,1,Enchantment,38513b53-384f-45e7-9905-80dd2c3c4918,https://api.scryfall.com/cards/38513b53-384f-45e7-9905-80dd2c3c4918?format=image&version=normal
fr-gAZZW6HODNOyA2z4xAQ,https://moxfield.com/decks/fr-gAZZW6HODNOyA2z4xAQ,Nightveil Specter,2,Creature — Specter,e3754b8c-16d2-41e3-b41b-4b2e70833e82,https://api.scryfall.com/cards/e3754b8c-16d2-41e3-b41b-4b2e70833e82?format=image&version=normal
fr-gAZZW6HODNOyA2z4xAQ,https://moxfield.com/decks/fr-gAZZW6HODNOyA2z4xAQ,Power Word Kill,2,Instant,8a8481f0-d110-4d0b-b8ba-8243be123d60,https://api.scryfall.com/cards/8a8481f0-d110-4d0b-b8ba-8243be123d60?format=image&version=normal
fr-gAZZW6HODNOyA2z4xAQ,https://moxfield.com/decks/fr-gAZZW6HODNOyA2z4xAQ,Preacher of the Schism,1,Creature — Vampire Cleric,8e99b588-79c7-4cfc-835b-0022b7201ddb,https://api.scryfall.com/cards/8e99b588-79c7-4cfc-835b-0022b7201ddb?format=image&version=normal
fr-gAZZW6HODNOyA2z4xAQ,https://moxfield.com/decks/fr-gAZZW6HODNOyA2z4xAQ,Unholy Annex // Ritual Chamber,4,Enchantment — Room // Enchantment — Room,0fb666ce-b2a5-4af1-8112-acad88715438,https://api.scryfall.com/cards/0fb666ce-b2a5-4af1-8112-acad88715438?format=image&version=normal
fr-gAZZW6HODNOyA2z4xAQ,https://moxfield.com/decks/fr-gAZZW6HODNOyA2z4xAQ,"Zodiark, Umbral God",1,Legendary Creature — God,9ba292d5-5139-42ea-950d-0a638445277f,https://api.scryfall.com/cards/9ba292d5-5139-42ea-950d-0a638445277f?format=image&version=normal
g7-gAefmcHCuQVJyaO0rQQ,https://moxfield.com/decks/g7-gAefmcHCuQVJyaO0rQQ,Ardent Plea,1,Enchantment,013e68be-daf9-409b-aab8-caf51f1cada3,https://api.scryfall.com/cards/013e68be-daf9-409b-aab8-caf51f1cada3?format=image&version=normal
g7-gAefmcHCuQVJyaO0rQQ,https://moxfield.com/decks/g7-gAefmcHCuQVJyaO0rQQ,Balance,1,Sorcery,39a28a50-3130-485d-975c-26a0f40681a3,https://api.scryfall.com/cards/39a28a50-3130-485d-975c-26a0f40681a3?format=image&version=normal
g7-gAefmcHCuQVJyaO0rQQ,https://moxfield.com/decks/g7-gAefmcHCuQVJyaO0rQQ,Bonecrusher Giant // Stomp,3,Creature — Giant // Instant — Adventure,3a6431fd-4b79-488e-a0c0-57731616bd08,https://api.scryfall.com/cards/3a6431fd-4b79-488e-a0c0-57731616bd08?format=image&version=normal
g7-gAefmcHCuQVJyaO0rQQ,https://moxfield.com/decks/g7-gAefmcHCuQVJyaO0rQQ,Brainsurge,3,Instant,ed48f805-b57c-4d7f-a3c2-d16ae71bce2d,https://api.scryfall.com/cards/ed48f805-b57c-4d7f-a3c2-d16ae71bce2d?format=image&version=normal
g7-gAefmcHCuQVJyaO0rQQ,https://moxfield.com/decks/g7-gAefmcHCuQVJyaO0rQQ,Brazen Borrower // Petty Theft,4,Creature — Faerie Rogue // Instant — Adventure,25d309d6-9e56-441e-bd29-5c903d5221bf,https://api.scryfall.com/cards/25d309d6-9e56-441e-bd29-5c903d5221bf?format=image&version=normal
g7-gAefmcHCuQVJyaO0rQQ,https://moxfield.com/decks/g7-gAefmcHCuQVJyaO0rQQ,Fieldmist Borderpost,4,Artifact,9650a717-b1e4-4cd2-894d-766f6b311369,https://api.scryfall.com/cards/9650a717-b1e4-4cd2-894d-766f6b311369?format=image&version=normal
g7-gAefmcHCuQVJyaO0rQQ,https://moxfield.com/decks/g7-gAefmcHCuQVJyaO0rQQ,Firewild Borderpost,4,Artifact,eb37a8bd-6b6c-47f3-b7a0-5a20fa2d507c,https://api.scryfall.com/cards/eb37a8bd-6b6c-47f3-b7a0-5a20fa2d507c?format=image&version=normal
g7-gAefmcHCuQVJyaO0rQQ,https://moxfield.com/decks/g7-gAefmcHCuQVJyaO0rQQ,Greater Gargadon,4,Creature — Beast,2b922fc5-602b-4f92-9588-00a77a9d803c,https://api.scryfall.com/cards/2b922fc5-602b-4f92-9588-00a77a9d803c?format=image&version=normal
g7-gAefmcHCuQVJyaO0rQQ,https://moxfield.com/decks/g7-gAefmcHCuQVJyaO0rQQ,"Minsc & Boo, Timeless Heroes",3,Legendary Planeswalker — Minsc,dc01ee03-3817-4fd4-a93d-cd1121e62d95,https://api.scryfall.com/cards/dc01ee03-3817-4fd4-a93d-cd1121e62d95?format=image&version=normal
g7-gAefmcHCuQVJyaO0rQQ,https://moxfield.com/decks/g7-gAefmcHCuQVJyaO0rQQ,Mistvein Borderpost,3,Artifact,7974a0de-6c14-431d-bfdb-2e76a1778ad0,https://api.scryfall.com/cards/7974a0de-6c14-431d-bfdb-2e76a1778ad0?format=image&version=normal
g7-gAefmcHCuQVJyaO0rQQ,https://moxfield.com/decks/g7-gAefmcHCuQVJyaO0rQQ,Mystical Dispute,2,Instant,1b547fd3-5d96-4654-83b1-2c36c090024b,https://api.scryfall.com/cards/1b547fd3-5d96-4654-83b1-2c36c090024b?format=image&version=normal
g7-gAefmcHCuQVJyaO0rQQ,https://moxfield.com/decks/g7-gAefmcHCuQVJyaO0rQQ,Restore Balance,4,Sorcery,0febc7fe-4172-4285-9804-a62ce4506c39,https://api.scryfall.com/cards/0febc7fe-4172-4285-9804-a62ce4506c39?format=image&version=normal
g7-gAefmcHCuQVJyaO0rQQ,https://moxfield.com/decks/g7-gAefmcHCuQVJyaO0rQQ,Ricochet Trap,1,Instant — Trap,a46cc78e-e032-40f8-9bc0-66a6e004f067,https://api.scryfall.com/cards/a46cc78e-e032-40f8-9bc0-66a6e004f067?format=image&version=normal
g7-gAefmcHCuQVJyaO0rQQ,https://moxfield.com/decks/g7-gAefmcHCuQVJyaO0rQQ,Shardless Agent,4,Artifact Creature — Human Rogue,9fddb094-533a-4f9e-ab9a-e95a6432ce85,https://api.scryfall.com/cards/9fddb094-533a-4f9e-ab9a-e95a6432ce85?format=image&version=normal
g7-gAefmcHCuQVJyaO0rQQ,https://moxfield.com/decks/g7-gAefmcHCuQVJyaO0rQQ,Twinshot Sniper,1,Artifact Creature — Goblin Archer,08a86009-4637-4b6c-9d36-367151583668,https://api.scryfall.com/cards/08a86009-4637-4b6c-9d36-367151583668?format=image&version=normal
g7-gAefmcHCuQVJyaO0rQQ,https://moxfield.com/decks/g7-gAefmcHCuQVJyaO0rQQ,Veinfire Borderpost,1,Artifact,75ad0cc1-66bd-43c3-a296-c36cf9a64e85,https://api.scryfall.com/cards/75ad0cc1-66bd-43c3-a296-c36cf9a64e85?format=image&version=normal
g7-gAefmcHCuQVJyaO0rQQ,https://moxfield.com/decks/g7-gAefmcHCuQVJyaO0rQQ,Violent Outburst,2,Instant,ca8f4e83-78d1-42d5-ae1d-89a0de955e51,https://api.scryfall.com/cards/ca8f4e83-78d1-42d5-ae1d-89a0de955e51?format=image&version=normal
g7-gAefmcHCuQVJyaO0rQQ,https://moxfield.com/decks/g7-gAefmcHCuQVJyaO0rQQ,Wildfield Borderpost,4,Artifact,90a788e7-f3c8-41cc-9f1a-2e9f58aabc0e,https://api.scryfall.com/cards/90a788e7-f3c8-41cc-9f1a-2e9f58aabc0e?format=image&version=normal
gr-gAWaZJneSqEWcVhhv6Q,https://moxfield.com/decks/gr-gAWaZJneSqEWcVhhv6Q,Bond of Insight,3,Sorcery,648629af-e911-49e1-b564-c98f339b84a1,https://api.scryfall.com/cards/648629af-e911-49e1-b564-c98f339b84a1?format=image&version=normal
gr-gAWaZJneSqEWcVhhv6Q,https://moxfield.com/decks/gr-gAWaZJneSqEWcVhhv6Q,Cunning Wish,1,Instant,826e1acd-776a-4293-a119-8e32487acfb9,https://api.scryfall.com/cards/826e1acd-776a-4293-a119-8e32487acfb9?format=image&version=normal
gr-gAWaZJneSqEWcVhhv6Q,https://moxfield.com/decks/gr-gAWaZJneSqEWcVhhv6Q,Dig Through Time,1,Instant,020939d6-72f0-4aa0-9ac2-d16cc896cd7f,https://api.scryfall.com/cards/020939d6-72f0-4aa0-9ac2-d16cc896cd7f?format=image&version=normal
gr-gAWaZJneSqEWcVhhv6Q,https://moxfield.com/decks/gr-gAWaZJneSqEWcVhhv6Q,Divergent Equation,1,Instant,26295e25-f1bf-4665-ba00-dad35c49bbc2,https://api.scryfall.com/cards/26295e25-f1bf-4665-ba00-dad35c49bbc2?format=image&version=normal
gr-gAWaZJneSqEWcVhhv6Q,https://moxfield.com/decks/gr-gAWaZJneSqEWcVhhv6Q,Expansion // Explosion,1,Instant // Instant,42cacf46-6f84-4198-877b-1544cff2f837,https://api.scryfall.com/cards/42cacf46-6f84-4198-877b-1544cff2f837?format=image&version=normal
gr-gAWaZJneSqEWcVhhv6Q,https://moxfield.com/decks/gr-gAWaZJneSqEWcVhhv6Q,Frantic Search,4,Instant,9ad4d49f-2505-43b7-b5fb-58bf1b8fcc71,https://api.scryfall.com/cards/9ad4d49f-2505-43b7-b5fb-58bf1b8fcc71?format=image&version=normal
gr-gAWaZJneSqEWcVhhv6Q,https://moxfield.com/decks/gr-gAWaZJneSqEWcVhhv6Q,Hidden Strings,3,Sorcery,216e8047-6f54-49ce-bf86-27dc8fc8c8f7,https://api.scryfall.com/cards/216e8047-6f54-49ce-bf86-27dc8fc8c8f7?format=image&version=normal
gr-gAWaZJneSqEWcVhhv6Q,https://moxfield.com/decks/gr-gAWaZJneSqEWcVhhv6Q,High Tide,4,Instant,c2813677-91cc-4c8b-a8ea-403fa776c9f0,https://api.scryfall.com/cards/c2813677-91cc-4c8b-a8ea-403fa776c9f0?format=image&version=normal
gr-gAWaZJneSqEWcVhhv6Q,https://moxfield.com/decks/gr-gAWaZJneSqEWcVhhv6Q,Impulse,4,Instant,c9d518a9-ee23-49b2-af54-3de669a1bd53,https://api.scryfall.com/cards/c9d518a9-ee23-49b2-af54-3de669a1bd53?format=image&version=normal
gr-gAWaZJneSqEWcVhhv6Q,https://moxfield.com/decks/gr-gAWaZJneSqEWcVhhv6Q,Into the Flood Maw,1,Instant,50b9575a-53d9-4df7-b86c-cda021107d3f,https://api.scryfall.com/cards/50b9575a-53d9-4df7-b86c-cda021107d3f?format=image&version=normal
gr-gAWaZJneSqEWcVhhv6Q,https://moxfield.com/decks/gr-gAWaZJneSqEWcVhhv6Q,"Lier, Disciple of the Drowned",1,Legendary Creature — Human Wizard,b8b70585-e0ea-4cb4-9360-a8ab47626696,https://api.scryfall.com/cards/b8b70585-e0ea-4cb4-9360-a8ab47626696?format=image&version=normal
gr-gAWaZJneSqEWcVhhv6Q,https://moxfield.com/decks/gr-gAWaZJneSqEWcVhhv6Q,Lock and Load,1,Sorcery,3a24979d-a090-4153-9461-ac1aa1f69b74,https://api.scryfall.com/cards/3a24979d-a090-4153-9461-ac1aa1f69b74?format=image&version=normal
gr-gAWaZJneSqEWcVhhv6Q,https://moxfield.com/decks/gr-gAWaZJneSqEWcVhhv6Q,Merchant Scroll,1,Sorcery,979ad872-75c2-49ed-a4c6-7e0c7595e900,https://api.scryfall.com/cards/979ad872-75c2-49ed-a4c6-7e0c7595e900?format=image&version=normal
gr-gAWaZJneSqEWcVhhv6Q,https://moxfield.com/decks/gr-gAWaZJneSqEWcVhhv6Q,Mind's Desire,1,Sorcery,1290e00b-c41b-4e30-8b65-a7fd4356d462,https://api.scryfall.com/cards/1290e00b-c41b-4e30-8b65-a7fd4356d462?format=image&version=normal
gr-gAWaZJneSqEWcVhhv6Q,https://moxfield.com/decks/gr-gAWaZJneSqEWcVhhv6Q,Peer Through Depths,1,Instant — Arcane,ae3cc8b1-19af-426e-8b8b-d94b3280c728,https://api.scryfall.com/cards/ae3cc8b1-19af-426e-8b8b-d94b3280c728?format=image&version=normal
gr-gAWaZJneSqEWcVhhv6Q,https://moxfield.com/decks/gr-gAWaZJneSqEWcVhhv6Q,Ponder,1,Sorcery,8404f081-2d5f-4433-84cc-77918532eedf,https://api.scryfall.com/cards/8404f081-2d5f-4433-84cc-77918532eedf?format=image&version=normal
gr-gAWaZJneSqEWcVhhv6Q,https://moxfield.com/decks/gr-gAWaZJneSqEWcVhhv6Q,Preordain,4,Sorcery,78d22ece-0cb1-4faf-a871-995449c1a41f,https://api.scryfall.com/cards/78d22ece-0cb1-4faf-a871-995449c1a41f?format=image&version=normal
gr-gAWaZJneSqEWcVhhv6Q,https://moxfield.com/decks/gr-gAWaZJneSqEWcVhhv6Q,Remand,2,Instant,36de9999-8d0a-4174-8e38-549bacdc128b,https://api.scryfall.com/cards/36de9999-8d0a-4174-8e38-549bacdc128b?format=image&version=normal
gr-gAWaZJneSqEWcVhhv6Q,https://moxfield.com/decks/gr-gAWaZJneSqEWcVhhv6Q,Sleight of Hand,1,Sorcery,c837c418-2fe9-4ce8-b76d-c37241579a93,https://api.scryfall.com/cards/c837c418-2fe9-4ce8-b76d-c37241579a93?format=image&version=normal
gr-gAWaZJneSqEWcVhhv6Q,https://moxfield.com/decks/gr-gAWaZJneSqEWcVhhv6Q,Spell Snare,1,Instant,b7551b61-656e-4f37-b9da-73174db983b7,https://api.scryfall.com/cards/b7551b61-656e-4f37-b9da-73174db983b7?format=image&version=normal
gr-gAWaZJneSqEWcVhhv6Q,https://moxfield.com/decks/gr-gAWaZJneSqEWcVhhv6Q,Treasure Cruise,1,Sorcery,a6e97db4-f447-46c3-8be7-66f22bb349b4,https://api.scryfall.com/cards/a6e97db4-f447-46c3-8be7-66f22bb349b4?format=image&version=normal
gr-gAWaZJneSqEWcVhhv6Q,https://moxfield.com/decks/gr-gAWaZJneSqEWcVhhv6Q,Turnabout,3,Instant,22702a76-f8ed-4a73-ba9d-f928add32d85,https://api.scryfall.com/cards/22702a76-f8ed-4a73-ba9d-f928add32d85?format=image&version=normal
gr-gAYI3a3iaP9gg060KAQ,https://moxfield.com/decks/gr-gAYI3a3iaP9gg060KAQ,Bloodghast,4,Creature — Vampire Spirit,cee85485-598f-4dfc-aa0b-7b1de86c7788,https://api.scryfall.com/cards/cee85485-598f-4dfc-aa0b-7b1de86c7788?format=image&version=normal
gr-gAYI3a3iaP9gg060KAQ,https://moxfield.com/decks/gr-gAYI3a3iaP9gg060KAQ,Contagion,2,Instant,f02d297c-d095-4c67-b88c-ef9401d475f6,https://api.scryfall.com/cards/f02d297c-d095-4c67-b88c-ef9401d475f6?format=image&version=normal
gr-gAYI3a3iaP9gg060KAQ,https://moxfield.com/decks/gr-gAYI3a3iaP9gg060KAQ,Dark Triumph,1,Instant,025d36de-2db2-462c-b52a-e42f42bed9cf,https://api.scryfall.com/cards/025d36de-2db2-462c-b52a-e42f42bed9cf?format=image&version=normal
gr-gAYI3a3iaP9gg060KAQ,https://moxfield.com/decks/gr-gAYI3a3iaP9gg060KAQ,Dragon Breath,4,Enchantment — Aura,d2dae846-2c31-4e1c-ba95-96793cddad98,https://api.scryfall.com/cards/d2dae846-2c31-4e1c-ba95-96793cddad98?format=image&version=normal
gr-gAYI3a3iaP9gg060KAQ,https://moxfield.com/decks/gr-gAYI3a3iaP9gg060KAQ,Gnawing Vermin,4,Creature — Rat,2fa2fa48-ddb7-45f0-b183-4186df98f7cc,https://api.scryfall.com/cards/2fa2fa48-ddb7-45f0-b183-4186df98f7cc?format=image&version=normal
gr-gAYI3a3iaP9gg060KAQ,https://moxfield.com/decks/gr-gAYI3a3iaP9gg060KAQ,"Hogaak, Arisen Necropolis",4,Legendary Creature — Avatar,3f0c93e1-1057-42b9-8503-10ab757df2e8,https://api.scryfall.com/cards/3f0c93e1-1057-42b9-8503-10ab757df2e8?format=image&version=normal
gr-gAYI3a3iaP9gg060KAQ,https://moxfield.com/decks/gr-gAYI3a3iaP9gg060KAQ,Huskburster Swarm,2,Creature — Elemental Insect,ed2f61d7-4eb0-41c5-8a34-a0793c2abc51,https://api.scryfall.com/cards/ed2f61d7-4eb0-41c5-8a34-a0793c2abc51?format=image&version=normal
gr-gAYI3a3iaP9gg060KAQ,https://moxfield.com/decks/gr-gAYI3a3iaP9gg060KAQ,Inquisition of Kozilek,2,Sorcery,5c1d4835-c662-4deb-b8f9-cd7b04948edf,https://api.scryfall.com/cards/5c1d4835-c662-4deb-b8f9-cd7b04948edf?format=image&version=normal
gr-gAYI3a3iaP9gg060KAQ,https://moxfield.com/decks/gr-gAYI3a3iaP9gg060KAQ,Plague Engineer,2,Creature — Phyrexian Carrier,1d7c0837-7b87-48ae-a410-2462a6d1ea7e,https://api.scryfall.com/cards/1d7c0837-7b87-48ae-a410-2462a6d1ea7e?format=image&version=normal
gr-gAYI3a3iaP9gg060KAQ,https://moxfield.com/decks/gr-gAYI3a3iaP9gg060KAQ,Smallpox,4,Sorcery,93c8159b-8c1d-480a-b517-dbd67bba1838,https://api.scryfall.com/cards/93c8159b-8c1d-480a-b517-dbd67bba1838?format=image&version=normal
gr-gAYI3a3iaP9gg060KAQ,https://moxfield.com/decks/gr-gAYI3a3iaP9gg060KAQ,Stitcher's Supplier,4,Creature — Zombie,5f5efbc8-5d76-4391-99cf-c990536ccc71,https://api.scryfall.com/cards/5f5efbc8-5d76-4391-99cf-c990536ccc71?format=image&version=normal
gr-gAYI3a3iaP9gg060KAQ,https://moxfield.com/decks/gr-gAYI3a3iaP9gg060KAQ,Timeline Culler,4,Creature — Drix Warlock,33410410-72f2-49c4-9e63-a72202cd075a,https://api.scryfall.com/cards/33410410-72f2-49c4-9e63-a72202cd075a?format=image&version=normal
gr-gAYI3a3iaP9gg060KAQ,https://moxfield.com/decks/gr-gAYI3a3iaP9gg060KAQ,Undead Butler,4,Creature — Zombie,6cc192a3-e1a6-4aa9-8968-7e5721df9942,https://api.scryfall.com/cards/6cc192a3-e1a6-4aa9-8968-7e5721df9942?format=image&version=normal
hM-gAclnyH6EdcogAMwnyg,https://moxfield.com/decks/hM-gAclnyH6EdcogAMwnyg,Amped Raptor,4,Creature — Dinosaur,1ac0e78b-0fdd-44f9-8b7b-c4f28a32782e,https://api.scryfall.com/cards/1ac0e78b-0fdd-44f9-8b7b-c4f28a32782e?format=image&version=normal
hM-gAclnyH6EdcogAMwnyg,https://moxfield.com/decks/hM-gAclnyH6EdcogAMwnyg,Bitter Triumph,1,Instant,c5333556-eea2-41ae-833e-007b9d540700,https://api.scryfall.com/cards/c5333556-eea2-41ae-833e-007b9d540700?format=image&version=normal
hM-gAclnyH6EdcogAMwnyg,https://moxfield.com/decks/hM-gAclnyH6EdcogAMwnyg,Bloodtithe Harvester,3,Creature — Vampire,0c95e4b1-2fa8-420d-8c55-f74badb2bafa,https://api.scryfall.com/cards/0c95e4b1-2fa8-420d-8c55-f74badb2bafa?format=image&version=normal
hM-gAclnyH6EdcogAMwnyg,https://moxfield.com/decks/hM-gAclnyH6EdcogAMwnyg,Dragon's Rage Channeler,4,Creature — Human Shaman,8afabd77-d7b3-4544-b3ea-4423a6706b2e,https://api.scryfall.com/cards/8afabd77-d7b3-4544-b3ea-4423a6706b2e?format=image&version=normal
hM-gAclnyH6EdcogAMwnyg,https://moxfield.com/decks/hM-gAclnyH6EdcogAMwnyg,Galvanic Discharge,4,Instant,32aa6e33-221f-414c-9b51-850d97a7e051,https://api.scryfall.com/cards/32aa6e33-221f-414c-9b51-850d97a7e051?format=image&version=normal
hM-gAclnyH6EdcogAMwnyg,https://moxfield.com/decks/hM-gAclnyH6EdcogAMwnyg,Gonti's Machinations,4,Enchantment,6c97f5a9-6e04-45c3-aa8d-dcf0fd81d5b9,https://api.scryfall.com/cards/6c97f5a9-6e04-45c3-aa8d-dcf0fd81d5b9?format=image&version=normal
hM-gAclnyH6EdcogAMwnyg,https://moxfield.com/decks/hM-gAclnyH6EdcogAMwnyg,Hymn to Tourach,4,Sorcery,8601f082-7e43-44ef-97d0-dead272b7eb4,https://api.scryfall.com/cards/8601f082-7e43-44ef-97d0-dead272b7eb4?format=image&version=normal
hM-gAclnyH6EdcogAMwnyg,https://moxfield.com/decks/hM-gAclnyH6EdcogAMwnyg,Inquisition of Kozilek,4,Sorcery,5c1d4835-c662-4deb-b8f9-cd7b04948edf,https://api.scryfall.com/cards/5c1d4835-c662-4deb-b8f9-cd7b04948edf?format=image&version=normal
hM-gAclnyH6EdcogAMwnyg,https://moxfield.com/decks/hM-gAclnyH6EdcogAMwnyg,Mishra's Bauble,3,Artifact,607e2546-1139-4c1e-9b3b-eacb27bff510,https://api.scryfall.com/cards/607e2546-1139-4c1e-9b3b-eacb27bff510?format=image&version=normal
hM-gAclnyH6EdcogAMwnyg,https://moxfield.com/decks/hM-gAclnyH6EdcogAMwnyg,"Stick, Fearless Mentor",4,Legendary Creature — Human Monk Hero,75147899-6eda-41dd-acec-cfe09dc38ba2,https://api.scryfall.com/cards/75147899-6eda-41dd-acec-cfe09dc38ba2?format=image&version=normal
hM-gAclnyH6EdcogAMwnyg,https://moxfield.com/decks/hM-gAclnyH6EdcogAMwnyg,"Tourach, Dread Cantor",1,Legendary Creature — Human Cleric,b68666cc-78d9-4f04-861b-b5b8485c89c3,https://api.scryfall.com/cards/b68666cc-78d9-4f04-861b-b5b8485c89c3?format=image&version=normal
hM-gAclnyH6EdcogAMwnyg,https://moxfield.com/decks/hM-gAclnyH6EdcogAMwnyg,Unstable Amulet,4,Artifact,9d9949f5-8d6c-4ea9-b203-99e8a57a6c60,https://api.scryfall.com/cards/9d9949f5-8d6c-4ea9-b203-99e8a57a6c60?format=image&version=normal
iY2gAU8Nb36B-v8N16H-dw,https://moxfield.com/decks/iY2gAU8Nb36B-v8N16H-dw,Currency Converter,4,Artifact,4eab054c-93f8-4da4-afb9-8f4c73c19213,https://api.scryfall.com/cards/4eab054c-93f8-4da4-afb9-8f4c73c19213?format=image&version=normal
iY2gAU8Nb36B-v8N16H-dw,https://moxfield.com/decks/iY2gAU8Nb36B-v8N16H-dw,Faithless Looting,4,Sorcery,5aeda464-e71e-4e89-b355-237680bc1a7b,https://api.scryfall.com/cards/5aeda464-e71e-4e89-b355-237680bc1a7b?format=image&version=normal
iY2gAU8Nb36B-v8N16H-dw,https://moxfield.com/decks/iY2gAU8Nb36B-v8N16H-dw,Fury,3,Creature — Elemental Incarnation,932d0fb9-382d-464a-9427-b91fa2398cdb,https://api.scryfall.com/cards/932d0fb9-382d-464a-9427-b91fa2398cdb?format=image&version=normal
iY2gAU8Nb36B-v8N16H-dw,https://moxfield.com/decks/iY2gAU8Nb36B-v8N16H-dw,Galvanic Discharge,2,Instant,32aa6e33-221f-414c-9b51-850d97a7e051,https://api.scryfall.com/cards/32aa6e33-221f-414c-9b51-850d97a7e051?format=image&version=normal
iY2gAU8Nb36B-v8N16H-dw,https://moxfield.com/decks/iY2gAU8Nb36B-v8N16H-dw,Hardened Academic,2,Creature — Bird Cleric,435ef3d4-ff49-4218-9735-7241b5e843d9,https://api.scryfall.com/cards/435ef3d4-ff49-4218-9735-7241b5e843d9?format=image&version=normal
iY2gAU8Nb36B-v8N16H-dw,https://moxfield.com/decks/iY2gAU8Nb36B-v8N16H-dw,Liquimetal Coating,4,Artifact,a8fc80eb-f158-479f-8626-c9665e2f8248,https://api.scryfall.com/cards/a8fc80eb-f158-479f-8626-c9665e2f8248?format=image&version=normal
iY2gAU8Nb36B-v8N16H-dw,https://moxfield.com/decks/iY2gAU8Nb36B-v8N16H-dw,Liquimetal Torque,1,Artifact,ca37bdbb-cd35-4d04-a28b-d5eb1f9c2dc3,https://api.scryfall.com/cards/ca37bdbb-cd35-4d04-a28b-d5eb1f9c2dc3?format=image&version=normal
iY2gAU8Nb36B-v8N16H-dw,https://moxfield.com/decks/iY2gAU8Nb36B-v8N16H-dw,March of Otherworldly Light,1,Instant,7f964a0a-54b6-42a7-bb31-18f3a2e2e0f7,https://api.scryfall.com/cards/7f964a0a-54b6-42a7-bb31-18f3a2e2e0f7?format=image&version=normal
iY2gAU8Nb36B-v8N16H-dw,https://moxfield.com/decks/iY2gAU8Nb36B-v8N16H-dw,Party Thrasher,4,Creature — Lizard Wizard,b7f8bb8d-c46a-4531-9525-6981a222b468,https://api.scryfall.com/cards/b7f8bb8d-c46a-4531-9525-6981a222b468?format=image&version=normal
iY2gAU8Nb36B-v8N16H-dw,https://moxfield.com/decks/iY2gAU8Nb36B-v8N16H-dw,"Phlage, Titan of Fire's Fury",1,Legendary Creature — Elder Giant,e419cd0b-2449-4cc5-9ead-b9e45e271700,https://api.scryfall.com/cards/e419cd0b-2449-4cc5-9ead-b9e45e271700?format=image&version=normal
iY2gAU8Nb36B-v8N16H-dw,https://moxfield.com/decks/iY2gAU8Nb36B-v8N16H-dw,"Quintorius, History Chaser",3,Legendary Planeswalker — Quintorius,0742f19d-179c-43c4-ab95-4160c56b4384,https://api.scryfall.com/cards/0742f19d-179c-43c4-ab95-4160c56b4384?format=image&version=normal
iY2gAU8Nb36B-v8N16H-dw,https://moxfield.com/decks/iY2gAU8Nb36B-v8N16H-dw,Shenanigans,3,Sorcery,580c6fe2-ab43-491e-a1b2-d076a5c2a74e,https://api.scryfall.com/cards/580c6fe2-ab43-491e-a1b2-d076a5c2a74e?format=image&version=normal
iY2gAU8Nb36B-v8N16H-dw,https://moxfield.com/decks/iY2gAU8Nb36B-v8N16H-dw,Sol Ring,1,Artifact,870ec754-a76c-40ea-9b81-81b3dca1f62c,https://api.scryfall.com/cards/870ec754-a76c-40ea-9b81-81b3dca1f62c?format=image&version=normal
iY2gAU8Nb36B-v8N16H-dw,https://moxfield.com/decks/iY2gAU8Nb36B-v8N16H-dw,"Squee, Goblin Nabob",4,Legendary Creature — Goblin,8aabc541-ff2a-416f-a973-44eda8ec4706,https://api.scryfall.com/cards/8aabc541-ff2a-416f-a973-44eda8ec4706?format=image&version=normal
iY2gAU8Nb36B-v8N16H-dw,https://moxfield.com/decks/iY2gAU8Nb36B-v8N16H-dw,Swords to Plowshares,1,Instant,57c2632e-5181-43e4-8744-baafb8f7d213,https://api.scryfall.com/cards/57c2632e-5181-43e4-8744-baafb8f7d213?format=image&version=normal
i_yfAUHpln2xNGxBtrV3Zg,https://moxfield.com/decks/i_yfAUHpln2xNGxBtrV3Zg,Aether Vial,4,Artifact,ff937493-c13c-48c3-a42f-7b15ee033759,https://api.scryfall.com/cards/ff937493-c13c-48c3-a42f-7b15ee033759?format=image&version=normal
i_yfAUHpln2xNGxBtrV3Zg,https://moxfield.com/decks/i_yfAUHpln2xNGxBtrV3Zg,Anointed Peacekeeper,2,Creature — Human Cleric,5b8127b5-3a65-411a-84bc-54e5c1be1477,https://api.scryfall.com/cards/5b8127b5-3a65-411a-84bc-54e5c1be1477?format=image&version=normal
i_yfAUHpln2xNGxBtrV3Zg,https://moxfield.com/decks/i_yfAUHpln2xNGxBtrV3Zg,Benevolent Bodyguard,2,Creature — Human Cleric,b724dfd3-dc9c-41ac-bb38-5578a9f8436b,https://api.scryfall.com/cards/b724dfd3-dc9c-41ac-bb38-5578a9f8436b?format=image&version=normal
i_yfAUHpln2xNGxBtrV3Zg,https://moxfield.com/decks/i_yfAUHpln2xNGxBtrV3Zg,Extraction Specialist,2,Creature — Human Rogue,b404d6c7-0b65-4c6a-b141-9dffbeb120db,https://api.scryfall.com/cards/b404d6c7-0b65-4c6a-b141-9dffbeb120db?format=image&version=normal
i_yfAUHpln2xNGxBtrV3Zg,https://moxfield.com/decks/i_yfAUHpln2xNGxBtrV3Zg,Flickerwisp,3,Creature — Elemental,42de427f-d93f-42f3-9045-ced35031e871,https://api.scryfall.com/cards/42de427f-d93f-42f3-9045-ced35031e871?format=image&version=normal
i_yfAUHpln2xNGxBtrV3Zg,https://moxfield.com/decks/i_yfAUHpln2xNGxBtrV3Zg,Intrepid Adversary,3,Creature — Human Scout,773199f9-c83b-4a77-8342-9f1552ecf595,https://api.scryfall.com/cards/773199f9-c83b-4a77-8342-9f1552ecf595?format=image&version=normal
i_yfAUHpln2xNGxBtrV3Zg,https://moxfield.com/decks/i_yfAUHpln2xNGxBtrV3Zg,Lightstall Inquisitor,4,Creature — Angel Wizard,635245e9-c27f-4a51-a6f1-bae62e696542,https://api.scryfall.com/cards/635245e9-c27f-4a51-a6f1-bae62e696542?format=image&version=normal
i_yfAUHpln2xNGxBtrV3Zg,https://moxfield.com/decks/i_yfAUHpln2xNGxBtrV3Zg,Prairie Dog,4,Creature — Squirrel,37302b5d-e528-4baa-947a-c859e4ddcff9,https://api.scryfall.com/cards/37302b5d-e528-4baa-947a-c859e4ddcff9?format=image&version=normal
i_yfAUHpln2xNGxBtrV3Zg,https://moxfield.com/decks/i_yfAUHpln2xNGxBtrV3Zg,Skyclave Apparition,4,Creature — Kor Spirit,32d7ddec-4d14-4a4c-b1cf-092999347498,https://api.scryfall.com/cards/32d7ddec-4d14-4a4c-b1cf-092999347498?format=image&version=normal
i_yfAUHpln2xNGxBtrV3Zg,https://moxfield.com/decks/i_yfAUHpln2xNGxBtrV3Zg,Swords to Plowshares,4,Instant,b16321b6-3e28-424b-ac72-038cc4ed6458,https://api.scryfall.com/cards/b16321b6-3e28-424b-ac72-038cc4ed6458?format=image&version=normal
i_yfAUHpln2xNGxBtrV3Zg,https://moxfield.com/decks/i_yfAUHpln2xNGxBtrV3Zg,"Thalia, Guardian of Thraben",2,Legendary Creature — Human Soldier,c9f8b8fb-1cd8-450e-a1fe-892e7a323479,https://api.scryfall.com/cards/c9f8b8fb-1cd8-450e-a1fe-892e7a323479?format=image&version=normal
i_yfAUHpln2xNGxBtrV3Zg,https://moxfield.com/decks/i_yfAUHpln2xNGxBtrV3Zg,White Orchid Phantom,4,Creature — Spirit Knight,e6cebc57-d7b0-4e86-bc9e-ebb1de58f932,https://api.scryfall.com/cards/e6cebc57-d7b0-4e86-bc9e-ebb1de58f932?format=image&version=normal
kq-gAcvhNHqJG-tyaGh-tQ,https://moxfield.com/decks/kq-gAcvhNHqJG-tyaGh-tQ,Breakthrough,4,Sorcery,22075f41-3aeb-406d-99b6-88ddae992d0b,https://api.scryfall.com/cards/22075f41-3aeb-406d-99b6-88ddae992d0b?format=image&version=normal
kq-gAcvhNHqJG-tyaGh-tQ,https://moxfield.com/decks/kq-gAcvhNHqJG-tyaGh-tQ,Burning Inquiry,2,Sorcery,5b5f03d2-608c-4fae-9a05-1695e277adf8,https://api.scryfall.com/cards/5b5f03d2-608c-4fae-9a05-1695e277adf8?format=image&version=normal
kq-gAcvhNHqJG-tyaGh-tQ,https://moxfield.com/decks/kq-gAcvhNHqJG-tyaGh-tQ,Control of the Court,3,Sorcery,cbaeb666-181b-4600-8900-6455ac442451,https://api.scryfall.com/cards/cbaeb666-181b-4600-8900-6455ac442451?format=image&version=normal
kq-gAcvhNHqJG-tyaGh-tQ,https://moxfield.com/decks/kq-gAcvhNHqJG-tyaGh-tQ,Detective's Phoenix,4,Enchantment Creature — Phoenix,e2a01edd-dbc0-4ed4-b827-9b608290e9a1,https://api.scryfall.com/cards/e2a01edd-dbc0-4ed4-b827-9b608290e9a1?format=image&version=normal
kq-gAcvhNHqJG-tyaGh-tQ,https://moxfield.com/decks/kq-gAcvhNHqJG-tyaGh-tQ,Faithless Looting,4,Sorcery,5aeda464-e71e-4e89-b355-237680bc1a7b,https://api.scryfall.com/cards/5aeda464-e71e-4e89-b355-237680bc1a7b?format=image&version=normal
kq-gAcvhNHqJG-tyaGh-tQ,https://moxfield.com/decks/kq-gAcvhNHqJG-tyaGh-tQ,Flameblade Adept,4,Creature — Jackal Warrior,ed02d939-cca4-4f80-b4e8-0bc92032c23e,https://api.scryfall.com/cards/ed02d939-cca4-4f80-b4e8-0bc92032c23e?format=image&version=normal
kq-gAcvhNHqJG-tyaGh-tQ,https://moxfield.com/decks/kq-gAcvhNHqJG-tyaGh-tQ,"Hobgoblin, Mantled Marauder",4,Legendary Creature — Goblin Human Villain,50716fe3-7a19-431e-8758-984fc48d714e,https://api.scryfall.com/cards/50716fe3-7a19-431e-8758-984fc48d714e?format=image&version=normal
kq-gAcvhNHqJG-tyaGh-tQ,https://moxfield.com/decks/kq-gAcvhNHqJG-tyaGh-tQ,"Inti, Seneschal of the Sun",1,Legendary Creature — Human Knight,b4d62b4b-a7d1-4721-91cf-814fc1a60243,https://api.scryfall.com/cards/b4d62b4b-a7d1-4721-91cf-814fc1a60243?format=image&version=normal
kq-gAcvhNHqJG-tyaGh-tQ,https://moxfield.com/decks/kq-gAcvhNHqJG-tyaGh-tQ,"Ivora, Insatiable Heir",2,Legendary Creature — Vampire Warrior,2ba70366-b6ae-423a-a8d8-29d2b8afd939,https://api.scryfall.com/cards/2ba70366-b6ae-423a-a8d8-29d2b8afd939?format=image&version=normal
kq-gAcvhNHqJG-tyaGh-tQ,https://moxfield.com/decks/kq-gAcvhNHqJG-tyaGh-tQ,Marauding Mako,4,Creature — Shark Pirate,9efbfd67-e0f5-43e0-9fff-1eb4a2bed0d8,https://api.scryfall.com/cards/9efbfd67-e0f5-43e0-9fff-1eb4a2bed0d8?format=image&version=normal
kq-gAcvhNHqJG-tyaGh-tQ,https://moxfield.com/decks/kq-gAcvhNHqJG-tyaGh-tQ,Ox of Agonas,1,Creature — Ox,75caefa7-94d5-472e-a540-daad3ee69899,https://api.scryfall.com/cards/75caefa7-94d5-472e-a540-daad3ee69899?format=image&version=normal
kq-gAcvhNHqJG-tyaGh-tQ,https://moxfield.com/decks/kq-gAcvhNHqJG-tyaGh-tQ,Proft's Eidetic Memory,1,Legendary Enchantment,0208e215-9dcc-49f5-a7e2-82a02782a777,https://api.scryfall.com/cards/0208e215-9dcc-49f5-a7e2-82a02782a777?format=image&version=normal
kq-gAcvhNHqJG-tyaGh-tQ,https://moxfield.com/decks/kq-gAcvhNHqJG-tyaGh-tQ,Scrounging Skyray,2,Creature — Fish Pirate,d60bece3-6f63-4d9e-bca0-cef2d38f1472,https://api.scryfall.com/cards/d60bece3-6f63-4d9e-bca0-cef2d38f1472?format=image&version=normal
kq-gAcvhNHqJG-tyaGh-tQ,https://moxfield.com/decks/kq-gAcvhNHqJG-tyaGh-tQ,"Squee, Goblin Nabob",1,Legendary Creature — Goblin,8aabc541-ff2a-416f-a973-44eda8ec4706,https://api.scryfall.com/cards/8aabc541-ff2a-416f-a973-44eda8ec4706?format=image&version=normal
kq-gAcvhNHqJG-tyaGh-tQ,https://moxfield.com/decks/kq-gAcvhNHqJG-tyaGh-tQ,Street Wraith,4,Creature — Wraith,5d09cc57-2275-4b6b-aaf6-a6d781cd9365,https://api.scryfall.com/cards/5d09cc57-2275-4b6b-aaf6-a6d781cd9365?format=image&version=normal
kq-gAcvhNHqJG-tyaGh-tQ,https://moxfield.com/decks/kq-gAcvhNHqJG-tyaGh-tQ,Treasure Cruise,1,Sorcery,a6e97db4-f447-46c3-8be7-66f22bb349b4,https://api.scryfall.com/cards/a6e97db4-f447-46c3-8be7-66f22bb349b4?format=image&version=normal
nbGgAZZiMX-PovGKEcHtoA,https://moxfield.com/decks/nbGgAZZiMX-PovGKEcHtoA,Chain Lightning,4,Sorcery,fda4c062-4227-486b-875d-b310573ee72b,https://api.scryfall.com/cards/fda4c062-4227-486b-875d-b310573ee72b?format=image&version=normal
nbGgAZZiMX-PovGKEcHtoA,https://moxfield.com/decks/nbGgAZZiMX-PovGKEcHtoA,Eidolon of the Great Revel,4,Enchantment Creature — Spirit,a6c10816-e825-452a-90b0-80eb9f20bd6d,https://api.scryfall.com/cards/a6c10816-e825-452a-90b0-80eb9f20bd6d?format=image&version=normal
nbGgAZZiMX-PovGKEcHtoA,https://moxfield.com/decks/nbGgAZZiMX-PovGKEcHtoA,Fireblast,4,Instant,ff45073c-5ac1-4295-833e-58b253319c9b,https://api.scryfall.com/cards/ff45073c-5ac1-4295-833e-58b253319c9b?format=image&version=normal
nbGgAZZiMX-PovGKEcHtoA,https://moxfield.com/decks/nbGgAZZiMX-PovGKEcHtoA,Goblin Guide,4,Creature — Goblin Scout,1aac57a6-29c0-4ccb-b825-b1e04ae0ea3e,https://api.scryfall.com/cards/1aac57a6-29c0-4ccb-b825-b1e04ae0ea3e?format=image&version=normal
nbGgAZZiMX-PovGKEcHtoA,https://moxfield.com/decks/nbGgAZZiMX-PovGKEcHtoA,Lava Spike,4,Sorcery — Arcane,e3abbec4-202d-47ee-9472-b41d41f75372,https://api.scryfall.com/cards/e3abbec4-202d-47ee-9472-b41d41f75372?format=image&version=normal
nbGgAZZiMX-PovGKEcHtoA,https://moxfield.com/decks/nbGgAZZiMX-PovGKEcHtoA,Lightning Bolt,4,Instant,c69f668b-cf28-495a-bbe1-24e9d0089fa1,https://api.scryfall.com/cards/c69f668b-cf28-495a-bbe1-24e9d0089fa1?format=image&version=normal
nbGgAZZiMX-PovGKEcHtoA,https://moxfield.com/decks/nbGgAZZiMX-PovGKEcHtoA,Monastery Swiftspear,4,Creature — Human Monk,b81c6c8b-a9cf-4866-89ba-7f8ad077b836,https://api.scryfall.com/cards/b81c6c8b-a9cf-4866-89ba-7f8ad077b836?format=image&version=normal
nbGgAZZiMX-PovGKEcHtoA,https://moxfield.com/decks/nbGgAZZiMX-PovGKEcHtoA,Rift Bolt,4,Sorcery,fefbed51-ae2a-4668-a725-71904f18acc6,https://api.scryfall.com/cards/fefbed51-ae2a-4668-a725-71904f18acc6?format=image&version=normal
nbGgAZZiMX-PovGKEcHtoA,https://moxfield.com/decks/nbGgAZZiMX-PovGKEcHtoA,Searing Blaze,4,Instant,0008098c-2985-493f-bc37-0a8fb96cad65,https://api.scryfall.com/cards/0008098c-2985-493f-bc37-0a8fb96cad65?format=image&version=normal
nbGgAZZiMX-PovGKEcHtoA,https://moxfield.com/decks/nbGgAZZiMX-PovGKEcHtoA,Skewer the Critics,4,Sorcery,43ca8f80-e9ed-483f-a8a7-ad6149811df9,https://api.scryfall.com/cards/43ca8f80-e9ed-483f-a8a7-ad6149811df9?format=image&version=normal
pbGgAWs-pn-F5_y_yYUHBQ,https://moxfield.com/decks/pbGgAWs-pn-F5_y_yYUHBQ,Consider,4,Instant,4f28e706-c488-4525-ad8a-977a5fa77f80,https://api.scryfall.com/cards/4f28e706-c488-4525-ad8a-977a5fa77f80?format=image&version=normal
pbGgAWs-pn-F5_y_yYUHBQ,https://moxfield.com/decks/pbGgAWs-pn-F5_y_yYUHBQ,Counterspell,2,Instant,ee0d3f5f-7790-4772-bead-5d7114a23e94,https://api.scryfall.com/cards/ee0d3f5f-7790-4772-bead-5d7114a23e94?format=image&version=normal
pbGgAWs-pn-F5_y_yYUHBQ,https://moxfield.com/decks/pbGgAWs-pn-F5_y_yYUHBQ,Dig Through Time,1,Instant,020939d6-72f0-4aa0-9ac2-d16cc896cd7f,https://api.scryfall.com/cards/020939d6-72f0-4aa0-9ac2-d16cc896cd7f?format=image&version=normal
pbGgAWs-pn-F5_y_yYUHBQ,https://moxfield.com/decks/pbGgAWs-pn-F5_y_yYUHBQ,Ethereal Forager,4,Creature — Elemental Whale,97543d69-547e-41f8-9a4f-908e5eb0ee4a,https://api.scryfall.com/cards/97543d69-547e-41f8-9a4f-908e5eb0ee4a?format=image&version=normal
pbGgAWs-pn-F5_y_yYUHBQ,https://moxfield.com/decks/pbGgAWs-pn-F5_y_yYUHBQ,Mana Leak,3,Instant,a7c7757d-8036-4b33-a1cb-07795d392588,https://api.scryfall.com/cards/a7c7757d-8036-4b33-a1cb-07795d392588?format=image&version=normal
pbGgAWs-pn-F5_y_yYUHBQ,https://moxfield.com/decks/pbGgAWs-pn-F5_y_yYUHBQ,No More Lies,2,Instant,1e0c695d-62f9-4805-9e2f-7032e8464136,https://api.scryfall.com/cards/1e0c695d-62f9-4805-9e2f-7032e8464136?format=image&version=normal
pbGgAWs-pn-F5_y_yYUHBQ,https://moxfield.com/decks/pbGgAWs-pn-F5_y_yYUHBQ,Sailors' Bane,4,Creature — Dragon Turtle,d175a716-5b69-401b-9902-684a30810288,https://api.scryfall.com/cards/d175a716-5b69-401b-9902-684a30810288?format=image&version=normal
pbGgAWs-pn-F5_y_yYUHBQ,https://moxfield.com/decks/pbGgAWs-pn-F5_y_yYUHBQ,Sol Ring,1,Artifact,83a0f2eb-2f6d-4aaa-b7a9-ea06d5de7eca,https://api.scryfall.com/cards/83a0f2eb-2f6d-4aaa-b7a9-ea06d5de7eca?format=image&version=normal
pbGgAWs-pn-F5_y_yYUHBQ,https://moxfield.com/decks/pbGgAWs-pn-F5_y_yYUHBQ,Sphinx's Revelation,1,Instant,ebdf5426-a8c7-462e-924a-fd8f4cca4559,https://api.scryfall.com/cards/ebdf5426-a8c7-462e-924a-fd8f4cca4559?format=image&version=normal
pbGgAWs-pn-F5_y_yYUHBQ,https://moxfield.com/decks/pbGgAWs-pn-F5_y_yYUHBQ,Static Prison,4,Enchantment,dd16222e-349c-4a2b-a7c8-8eb35a8ab332,https://api.scryfall.com/cards/dd16222e-349c-4a2b-a7c8-8eb35a8ab332?format=image&version=normal
pbGgAWs-pn-F5_y_yYUHBQ,https://moxfield.com/decks/pbGgAWs-pn-F5_y_yYUHBQ,Treasure Cruise,1,Sorcery,a6e97db4-f447-46c3-8be7-66f22bb349b4,https://api.scryfall.com/cards/a6e97db4-f447-46c3-8be7-66f22bb349b4?format=image&version=normal
pbGgAWs-pn-F5_y_yYUHBQ,https://moxfield.com/decks/pbGgAWs-pn-F5_y_yYUHBQ,Tune the Narrative,4,Instant,40b13321-98f1-4e8c-802d-65498e43ec24,https://api.scryfall.com/cards/40b13321-98f1-4e8c-802d-65498e43ec24?format=image&version=normal
pbGgAWs-pn-F5_y_yYUHBQ,https://moxfield.com/decks/pbGgAWs-pn-F5_y_yYUHBQ,Wrath of the Skies,4,Sorcery,4ef1882e-b422-4f30-8a6c-bd71c2601660,https://api.scryfall.com/cards/4ef1882e-b422-4f30-8a6c-bd71c2601660?format=image&version=normal
pqugAbjmS3mFrC1jg5nD9w,https://www.moxfield.com/decks/pqugAbjmS3mFrC1jg5nD9w,Astelli Reclaimer,4,Creature — Angel Warrior,391703d3-9ffa-48bb-bf22-d0270395aecb,https://api.scryfall.com/cards/391703d3-9ffa-48bb-bf22-d0270395aecb?format=image&version=normal
pqugAbjmS3mFrC1jg5nD9w,https://www.moxfield.com/decks/pqugAbjmS3mFrC1jg5nD9w,Blood Fountain,1,Artifact,edd57db1-9a72-4ae4-bb40-26bc57fb2972,https://api.scryfall.com/cards/edd57db1-9a72-4ae4-bb40-26bc57fb2972?format=image&version=normal
pqugAbjmS3mFrC1jg5nD9w,https://www.moxfield.com/decks/pqugAbjmS3mFrC1jg5nD9w,Candy Trail,1,Artifact — Food Clue,1a860925-d912-49e5-9ddc-41ab26916bb3,https://api.scryfall.com/cards/1a860925-d912-49e5-9ddc-41ab26916bb3?format=image&version=normal
pqugAbjmS3mFrC1jg5nD9w,https://www.moxfield.com/decks/pqugAbjmS3mFrC1jg5nD9w,Doom Foretold,4,Enchantment,7e1916a0-fdb1-49ee-b3be-859781ca1f53,https://api.scryfall.com/cards/7e1916a0-fdb1-49ee-b3be-859781ca1f53?format=image&version=normal
pqugAbjmS3mFrC1jg5nD9w,https://www.moxfield.com/decks/pqugAbjmS3mFrC1jg5nD9w,Giant's Boulder,3,Artifact,ce254758-c928-4b43-a952-13fac1845668,https://api.scryfall.com/cards/ce254758-c928-4b43-a952-13fac1845668?format=image&version=normal
pqugAbjmS3mFrC1jg5nD9w,https://www.moxfield.com/decks/pqugAbjmS3mFrC1jg5nD9w,Hopeless Nightmare,4,Enchantment,2c2ee817-9ca9-4f09-bc71-7994c19a9470,https://api.scryfall.com/cards/2c2ee817-9ca9-4f09-bc71-7994c19a9470?format=image&version=normal
pqugAbjmS3mFrC1jg5nD9w,https://www.moxfield.com/decks/pqugAbjmS3mFrC1jg5nD9w,Ichor Wellspring,4,Artifact,2d1ea522-a0f6-45a8-8985-6fcca95d60cc,https://api.scryfall.com/cards/2d1ea522-a0f6-45a8-8985-6fcca95d60cc?format=image&version=normal
pqugAbjmS3mFrC1jg5nD9w,https://www.moxfield.com/decks/pqugAbjmS3mFrC1jg5nD9w,Lurrus of the Dream-Den,1,Legendary Creature — Cat Nightmare,5ad36fb2-c44e-4085-ba0d-54277841ad3a,https://api.scryfall.com/cards/5ad36fb2-c44e-4085-ba0d-54277841ad3a?format=image&version=normal
pqugAbjmS3mFrC1jg5nD9w,https://www.moxfield.com/decks/pqugAbjmS3mFrC1jg5nD9w,Mephitic Draught,2,Artifact,adcae196-dbcc-44d5-b700-c57b0b646483,https://api.scryfall.com/cards/adcae196-dbcc-44d5-b700-c57b0b646483?format=image&version=normal
pqugAbjmS3mFrC1jg5nD9w,https://www.moxfield.com/decks/pqugAbjmS3mFrC1jg5nD9w,Nurturing Pixie,3,Creature — Faerie Rogue,0fe155f6-888b-41a0-a9a0-be7bea998718,https://api.scryfall.com/cards/0fe155f6-888b-41a0-a9a0-be7bea998718?format=image&version=normal
pqugAbjmS3mFrC1jg5nD9w,https://www.moxfield.com/decks/pqugAbjmS3mFrC1jg5nD9w,Prismatic Ending,1,Sorcery,fd5a8bd5-fbd6-4e0d-9aee-685b8c2068ae,https://api.scryfall.com/cards/fd5a8bd5-fbd6-4e0d-9aee-685b8c2068ae?format=image&version=normal
pqugAbjmS3mFrC1jg5nD9w,https://www.moxfield.com/decks/pqugAbjmS3mFrC1jg5nD9w,Rite of Oblivion,4,Sorcery,fe1f8d52-565e-4900-8357-fd29f2022dc1,https://api.scryfall.com/cards/fe1f8d52-565e-4900-8357-fd29f2022dc1?format=image&version=normal
pqugAbjmS3mFrC1jg5nD9w,https://www.moxfield.com/decks/pqugAbjmS3mFrC1jg5nD9w,Sol Ring,1,Artifact,83a0f2eb-2f6d-4aaa-b7a9-ea06d5de7eca,https://api.scryfall.com/cards/83a0f2eb-2f6d-4aaa-b7a9-ea06d5de7eca?format=image&version=normal
pqugAbjmS3mFrC1jg5nD9w,https://www.moxfield.com/decks/pqugAbjmS3mFrC1jg5nD9w,Swords to Plowshares,1,Instant,06554274-78ee-4bfc-b203-b81cb4639427,https://api.scryfall.com/cards/06554274-78ee-4bfc-b203-b81cb4639427?format=image&version=normal
pqugAbjmS3mFrC1jg5nD9w,https://www.moxfield.com/decks/pqugAbjmS3mFrC1jg5nD9w,Tithing Blade // Consuming Sepulcher,3,Artifact // Artifact,dbaa9a2d-e9fd-4746-a26c-f99ae731f024,https://api.scryfall.com/cards/dbaa9a2d-e9fd-4746-a26c-f99ae731f024?format=image&version=normal
qrGgAbGrDHCsNI2uu-qGVw,https://moxfield.com/decks/qrGgAbGrDHCsNI2uu-qGVw,Amped Raptor,4,Creature — Dinosaur,1ac0e78b-0fdd-44f9-8b7b-c4f28a32782e,https://api.scryfall.com/cards/1ac0e78b-0fdd-44f9-8b7b-c4f28a32782e?format=image&version=normal
qrGgAbGrDHCsNI2uu-qGVw,https://moxfield.com/decks/qrGgAbGrDHCsNI2uu-qGVw,Bloodtithe Harvester,4,Creature — Vampire,0c95e4b1-2fa8-420d-8c55-f74badb2bafa,https://api.scryfall.com/cards/0c95e4b1-2fa8-420d-8c55-f74badb2bafa?format=image&version=normal
qrGgAbGrDHCsNI2uu-qGVw,https://moxfield.com/decks/qrGgAbGrDHCsNI2uu-qGVw,Caustic Bronco,3,Creature — Snake Horse Mount,e9a268ba-c442-4fe4-90b4-2810c8474f4e,https://api.scryfall.com/cards/e9a268ba-c442-4fe4-90b4-2810c8474f4e?format=image&version=normal
qrGgAbGrDHCsNI2uu-qGVw,https://moxfield.com/decks/qrGgAbGrDHCsNI2uu-qGVw,Galvanic Discharge,4,Instant,32aa6e33-221f-414c-9b51-850d97a7e051,https://api.scryfall.com/cards/32aa6e33-221f-414c-9b51-850d97a7e051?format=image&version=normal
qrGgAbGrDHCsNI2uu-qGVw,https://moxfield.com/decks/qrGgAbGrDHCsNI2uu-qGVw,Hymn to Tourach,4,Sorcery,5bc50e08-dd6f-4ea7-87f8-cce72bafb928,https://api.scryfall.com/cards/5bc50e08-dd6f-4ea7-87f8-cce72bafb928?format=image&version=normal
qrGgAbGrDHCsNI2uu-qGVw,https://moxfield.com/decks/qrGgAbGrDHCsNI2uu-qGVw,Inquisition of Kozilek,4,Sorcery,5c1d4835-c662-4deb-b8f9-cd7b04948edf,https://api.scryfall.com/cards/5c1d4835-c662-4deb-b8f9-cd7b04948edf?format=image&version=normal
qrGgAbGrDHCsNI2uu-qGVw,https://moxfield.com/decks/qrGgAbGrDHCsNI2uu-qGVw,"Kroxa, Titan of Death's Hunger",2,Legendary Creature — Elder Giant,01cb2a12-4c1c-413d-91b1-574e4a00e251,https://api.scryfall.com/cards/01cb2a12-4c1c-413d-91b1-574e4a00e251?format=image&version=normal
qrGgAbGrDHCsNI2uu-qGVw,https://moxfield.com/decks/qrGgAbGrDHCsNI2uu-qGVw,Lightning Bolt,3,Instant,e89794ab-6070-4916-936f-2b42fe41d31b,https://api.scryfall.com/cards/e89794ab-6070-4916-936f-2b42fe41d31b?format=image&version=normal
qrGgAbGrDHCsNI2uu-qGVw,https://moxfield.com/decks/qrGgAbGrDHCsNI2uu-qGVw,Mishra's Bauble,1,Artifact,607e2546-1139-4c1e-9b3b-eacb27bff510,https://api.scryfall.com/cards/607e2546-1139-4c1e-9b3b-eacb27bff510?format=image&version=normal
qrGgAbGrDHCsNI2uu-qGVw,https://moxfield.com/decks/qrGgAbGrDHCsNI2uu-qGVw,Momentum Breaker,2,Enchantment,38513b53-384f-45e7-9905-80dd2c3c4918,https://api.scryfall.com/cards/38513b53-384f-45e7-9905-80dd2c3c4918?format=image&version=normal
qrGgAbGrDHCsNI2uu-qGVw,https://moxfield.com/decks/qrGgAbGrDHCsNI2uu-qGVw,"Stick, Fearless Mentor",3,Legendary Creature — Human Monk Hero,75147899-6eda-41dd-acec-cfe09dc38ba2,https://api.scryfall.com/cards/75147899-6eda-41dd-acec-cfe09dc38ba2?format=image&version=normal
qrGgAbGrDHCsNI2uu-qGVw,https://moxfield.com/decks/qrGgAbGrDHCsNI2uu-qGVw,"Tourach, Dread Cantor",1,Legendary Creature — Human Cleric,b68666cc-78d9-4f04-861b-b5b8485c89c3,https://api.scryfall.com/cards/b68666cc-78d9-4f04-861b-b5b8485c89c3?format=image&version=normal
qrGgAbGrDHCsNI2uu-qGVw,https://moxfield.com/decks/qrGgAbGrDHCsNI2uu-qGVw,Unstable Amulet,4,Artifact,9d9949f5-8d6c-4ea9-b203-99e8a57a6c60,https://api.scryfall.com/cards/9d9949f5-8d6c-4ea9-b203-99e8a57a6c60?format=image&version=normal
sLGgAV0Hm3q5ArFzwd7G7g,https://moxfield.com/decks/sLGgAV0Hm3q5ArFzwd7G7g,Blight Mamba,2,Creature — Phyrexian Snake,7d1f1ce2-c6a6-4cab-bd94-a027ccec8aeb,https://api.scryfall.com/cards/7d1f1ce2-c6a6-4cab-bd94-a027ccec8aeb?format=image&version=normal
sLGgAV0Hm3q5ArFzwd7G7g,https://moxfield.com/decks/sLGgAV0Hm3q5ArFzwd7G7g,Blighted Agent,4,Creature — Phyrexian Human Rogue,cddaebde-a060-4510-8c97-68432d931987,https://api.scryfall.com/cards/cddaebde-a060-4510-8c97-68432d931987?format=image&version=normal
sLGgAV0Hm3q5ArFzwd7G7g,https://moxfield.com/decks/sLGgAV0Hm3q5ArFzwd7G7g,Distortion Strike,2,Sorcery,57556595-8ede-4a35-b3a4-0e6f8bfc4d9d,https://api.scryfall.com/cards/57556595-8ede-4a35-b3a4-0e6f8bfc4d9d?format=image&version=normal
sLGgAV0Hm3q5ArFzwd7G7g,https://moxfield.com/decks/sLGgAV0Hm3q5ArFzwd7G7g,Embiggen,4,Instant,1b759c27-9fb6-4c23-adc1-f6d3f3a0eb52,https://api.scryfall.com/cards/1b759c27-9fb6-4c23-adc1-f6d3f3a0eb52?format=image&version=normal
sLGgAV0Hm3q5ArFzwd7G7g,https://moxfield.com/decks/sLGgAV0Hm3q5ArFzwd7G7g,Glistener Elf,4,Creature — Phyrexian Elf Warrior,8b94f4c6-b518-43b3-be52-e889d1f3ea38,https://api.scryfall.com/cards/8b94f4c6-b518-43b3-be52-e889d1f3ea38?format=image&version=normal
sLGgAV0Hm3q5ArFzwd7G7g,https://moxfield.com/decks/sLGgAV0Hm3q5ArFzwd7G7g,Ichorclaw Myr,2,Artifact Creature — Phyrexian Myr,faef8b8b-2c45-4fed-b6ba-a8ac49c66330,https://api.scryfall.com/cards/faef8b8b-2c45-4fed-b6ba-a8ac49c66330?format=image&version=normal
sLGgAV0Hm3q5ArFzwd7G7g,https://moxfield.com/decks/sLGgAV0Hm3q5ArFzwd7G7g,Invigorate,2,Instant,33b92cfe-c2a8-40f3-9ac9-5024414e2b16,https://api.scryfall.com/cards/33b92cfe-c2a8-40f3-9ac9-5024414e2b16?format=image&version=normal
sLGgAV0Hm3q5ArFzwd7G7g,https://moxfield.com/decks/sLGgAV0Hm3q5ArFzwd7G7g,Might of Old Krosa,4,Instant,24d0d713-dd68-4f3b-ad30-e1d3e1b44bd8,https://api.scryfall.com/cards/24d0d713-dd68-4f3b-ad30-e1d3e1b44bd8?format=image&version=normal
sLGgAV0Hm3q5ArFzwd7G7g,https://moxfield.com/decks/sLGgAV0Hm3q5ArFzwd7G7g,Once Upon a Time,4,Instant,ec275844-6ed6-4d05-9c02-b5a566a7fd5d,https://api.scryfall.com/cards/ec275844-6ed6-4d05-9c02-b5a566a7fd5d?format=image&version=normal
sLGgAV0Hm3q5ArFzwd7G7g,https://moxfield.com/decks/sLGgAV0Hm3q5ArFzwd7G7g,Quandrix Charm,4,Instant,97fe8ef0-6de1-4074-b5b5-99c23a31a11b,https://api.scryfall.com/cards/97fe8ef0-6de1-4074-b5b5-99c23a31a11b?format=image&version=normal
sLGgAV0Hm3q5ArFzwd7G7g,https://moxfield.com/decks/sLGgAV0Hm3q5ArFzwd7G7g,Scale Up,4,Sorcery,b9bc32cf-8e1f-41ce-a1de-163a16d063d6,https://api.scryfall.com/cards/b9bc32cf-8e1f-41ce-a1de-163a16d063d6?format=image&version=normal
sb6gAcbyZH66ZZRiFZI7dQ,https://moxfield.com/decks/sb6gAcbyZH66ZZRiFZI7dQ,Brazen Borrower // Petty Theft,2,Creature — Faerie Rogue // Instant — Adventure,25d309d6-9e56-441e-bd29-5c903d5221bf,https://api.scryfall.com/cards/25d309d6-9e56-441e-bd29-5c903d5221bf?format=image&version=normal
sb6gAcbyZH66ZZRiFZI7dQ,https://moxfield.com/decks/sb6gAcbyZH66ZZRiFZI7dQ,Cling to Dust,2,Instant,1f9df729-f0c7-4ff8-9aa6-d67bf9607763,https://api.scryfall.com/cards/1f9df729-f0c7-4ff8-9aa6-d67bf9607763?format=image&version=normal
sb6gAcbyZH66ZZRiFZI7dQ,https://moxfield.com/decks/sb6gAcbyZH66ZZRiFZI7dQ,Counterspell,3,Instant,d14d5ff3-40c0-4f22-91ad-d6c8447cb9e0,https://api.scryfall.com/cards/d14d5ff3-40c0-4f22-91ad-d6c8447cb9e0?format=image&version=normal
sb6gAcbyZH66ZZRiFZI7dQ,https://moxfield.com/decks/sb6gAcbyZH66ZZRiFZI7dQ,Dig Through Time,1,Instant,020939d6-72f0-4aa0-9ac2-d16cc896cd7f,https://api.scryfall.com/cards/020939d6-72f0-4aa0-9ac2-d16cc896cd7f?format=image&version=normal
sb6gAcbyZH66ZZRiFZI7dQ,https://moxfield.com/decks/sb6gAcbyZH66ZZRiFZI7dQ,Dihada's Ploy,2,Instant,9091e8dc-b546-4b74-9dc9-aef55f60d13a,https://api.scryfall.com/cards/9091e8dc-b546-4b74-9dc9-aef55f60d13a?format=image&version=normal
sb6gAcbyZH66ZZRiFZI7dQ,https://moxfield.com/decks/sb6gAcbyZH66ZZRiFZI7dQ,Drown in the Loch,2,Instant,8bf5df5b-164d-4ec2-a5e6-bbaea152e271,https://api.scryfall.com/cards/8bf5df5b-164d-4ec2-a5e6-bbaea152e271?format=image&version=normal
sb6gAcbyZH66ZZRiFZI7dQ,https://moxfield.com/decks/sb6gAcbyZH66ZZRiFZI7dQ,Ertai Resurrected,1,Legendary Creature — Phyrexian Human Wizard,e3555951-5bd2-425f-a8fa-60b3106097c1,https://api.scryfall.com/cards/e3555951-5bd2-425f-a8fa-60b3106097c1?format=image&version=normal
sb6gAcbyZH66ZZRiFZI7dQ,https://moxfield.com/decks/sb6gAcbyZH66ZZRiFZI7dQ,Fact or Fiction,2,Instant,d617970e-e33a-481c-bbae-5ed5197d9a1c,https://api.scryfall.com/cards/d617970e-e33a-481c-bbae-5ed5197d9a1c?format=image&version=normal
sb6gAcbyZH66ZZRiFZI7dQ,https://moxfield.com/decks/sb6gAcbyZH66ZZRiFZI7dQ,Fire Nation Occupation,3,Enchantment,3455d55e-aef5-4eb1-bcd9-1ff9d1ab3698,https://api.scryfall.com/cards/3455d55e-aef5-4eb1-bcd9-1ff9d1ab3698?format=image&version=normal
sb6gAcbyZH66ZZRiFZI7dQ,https://moxfield.com/decks/sb6gAcbyZH66ZZRiFZI7dQ,Logic Knot,1,Instant,4e946be1-4ed6-4e2c-9782-3f630f8a8e1f,https://api.scryfall.com/cards/4e946be1-4ed6-4e2c-9782-3f630f8a8e1f?format=image&version=normal
sb6gAcbyZH66ZZRiFZI7dQ,https://moxfield.com/decks/sb6gAcbyZH66ZZRiFZI7dQ,Lose Focus,1,Instant,985bdb0c-ce6c-4506-8163-76f3b2fdf5fb,https://api.scryfall.com/cards/985bdb0c-ce6c-4506-8163-76f3b2fdf5fb?format=image&version=normal
sb6gAcbyZH66ZZRiFZI7dQ,https://moxfield.com/decks/sb6gAcbyZH66ZZRiFZI7dQ,Memory Deluge,2,Instant,1ce12fd8-1977-4cae-aeb5-c56e68373228,https://api.scryfall.com/cards/1ce12fd8-1977-4cae-aeb5-c56e68373228?format=image&version=normal
sb6gAcbyZH66ZZRiFZI7dQ,https://moxfield.com/decks/sb6gAcbyZH66ZZRiFZI7dQ,Mission Briefing,4,Instant,5ed398e7-9d2b-4bd2-9a4b-2885e4749003,https://api.scryfall.com/cards/5ed398e7-9d2b-4bd2-9a4b-2885e4749003?format=image&version=normal
sb6gAcbyZH66ZZRiFZI7dQ,https://moxfield.com/decks/sb6gAcbyZH66ZZRiFZI7dQ,Spell Pierce,1,Instant,6bf4dfc0-c58b-4535-b660-54ceaa6e0217,https://api.scryfall.com/cards/6bf4dfc0-c58b-4535-b660-54ceaa6e0217?format=image&version=normal
sb6gAcbyZH66ZZRiFZI7dQ,https://moxfield.com/decks/sb6gAcbyZH66ZZRiFZI7dQ,Spell Snare,4,Instant,b7551b61-656e-4f37-b9da-73174db983b7,https://api.scryfall.com/cards/b7551b61-656e-4f37-b9da-73174db983b7?format=image&version=normal
sb6gAcbyZH66ZZRiFZI7dQ,https://moxfield.com/decks/sb6gAcbyZH66ZZRiFZI7dQ,Think Twice,2,Instant,53e44060-a9a2-4095-9f5b-f60297525315,https://api.scryfall.com/cards/53e44060-a9a2-4095-9f5b-f60297525315?format=image&version=normal
sb6gAcbyZH66ZZRiFZI7dQ,https://moxfield.com/decks/sb6gAcbyZH66ZZRiFZI7dQ,Vendetta,3,Instant,699e574f-2207-4798-a662-871634b8e36c,https://api.scryfall.com/cards/699e574f-2207-4798-a662-871634b8e36c?format=image&version=normal
st2fAWr4lH-8pfeKnmeQKA,https://www.moxfield.com/decks/st2fAWr4lH-8pfeKnmeQKA,Currency Converter,4,Artifact,4eab054c-93f8-4da4-afb9-8f4c73c19213,https://api.scryfall.com/cards/4eab054c-93f8-4da4-afb9-8f4c73c19213?format=image&version=normal
st2fAWr4lH-8pfeKnmeQKA,https://www.moxfield.com/decks/st2fAWr4lH-8pfeKnmeQKA,Flame Jab,1,Sorcery,06c2b6b2-485e-41e6-b106-4f6f402e0ec3,https://api.scryfall.com/cards/06c2b6b2-485e-41e6-b106-4f6f402e0ec3?format=image&version=normal
st2fAWr4lH-8pfeKnmeQKA,https://www.moxfield.com/decks/st2fAWr4lH-8pfeKnmeQKA,Galvanic Discharge,4,Instant,32aa6e33-221f-414c-9b51-850d97a7e051,https://api.scryfall.com/cards/32aa6e33-221f-414c-9b51-850d97a7e051?format=image&version=normal
st2fAWr4lH-8pfeKnmeQKA,https://www.moxfield.com/decks/st2fAWr4lH-8pfeKnmeQKA,Hardened Academic,4,Creature — Bird Cleric,06c9e8a7-2840-4cff-90af-c6636e598f78,https://api.scryfall.com/cards/06c9e8a7-2840-4cff-90af-c6636e598f78?format=image&version=normal
st2fAWr4lH-8pfeKnmeQKA,https://www.moxfield.com/decks/st2fAWr4lH-8pfeKnmeQKA,Lorehold Charm,1,Instant,6686e584-d8ad-430f-a654-3d74a355c1d1,https://api.scryfall.com/cards/6686e584-d8ad-430f-a654-3d74a355c1d1?format=image&version=normal
st2fAWr4lH-8pfeKnmeQKA,https://www.moxfield.com/decks/st2fAWr4lH-8pfeKnmeQKA,March of Otherworldly Light,3,Instant,7f964a0a-54b6-42a7-bb31-18f3a2e2e0f7,https://api.scryfall.com/cards/7f964a0a-54b6-42a7-bb31-18f3a2e2e0f7?format=image&version=normal
st2fAWr4lH-8pfeKnmeQKA,https://www.moxfield.com/decks/st2fAWr4lH-8pfeKnmeQKA,Party Thrasher,3,Creature — Lizard Wizard,b7f8bb8d-c46a-4531-9525-6981a222b468,https://api.scryfall.com/cards/b7f8bb8d-c46a-4531-9525-6981a222b468?format=image&version=normal
st2fAWr4lH-8pfeKnmeQKA,https://www.moxfield.com/decks/st2fAWr4lH-8pfeKnmeQKA,"Phlage, Titan of Fire's Fury",2,Legendary Creature — Elder Giant,e419cd0b-2449-4cc5-9ead-b9e45e271700,https://api.scryfall.com/cards/e419cd0b-2449-4cc5-9ead-b9e45e271700?format=image&version=normal
st2fAWr4lH-8pfeKnmeQKA,https://www.moxfield.com/decks/st2fAWr4lH-8pfeKnmeQKA,Practiced Scrollsmith,3,Creature — Dwarf Cleric,40075e3f-58b3-47fd-8fbe-4b301e9ce7a1,https://api.scryfall.com/cards/40075e3f-58b3-47fd-8fbe-4b301e9ce7a1?format=image&version=normal
st2fAWr4lH-8pfeKnmeQKA,https://www.moxfield.com/decks/st2fAWr4lH-8pfeKnmeQKA,Pursue the Past,2,Sorcery,4584d5f7-b1f1-4c8e-80c5-ad35e44a968e,https://api.scryfall.com/cards/4584d5f7-b1f1-4c8e-80c5-ad35e44a968e?format=image&version=normal
st2fAWr4lH-8pfeKnmeQKA,https://www.moxfield.com/decks/st2fAWr4lH-8pfeKnmeQKA,"Quintorius, History Chaser",4,Legendary Planeswalker — Quintorius,0742f19d-179c-43c4-ab95-4160c56b4384,https://api.scryfall.com/cards/0742f19d-179c-43c4-ab95-4160c56b4384?format=image&version=normal
st2fAWr4lH-8pfeKnmeQKA,https://www.moxfield.com/decks/st2fAWr4lH-8pfeKnmeQKA,Swords to Plowshares,2,Instant,3b701a88-6074-476f-b87c-9a6d5d22c414,https://api.scryfall.com/cards/3b701a88-6074-476f-b87c-9a6d5d22c414?format=image&version=normal
st2fAWr4lH-8pfeKnmeQKA,https://www.moxfield.com/decks/st2fAWr4lH-8pfeKnmeQKA,Veteran Survivor,4,Creature — Human Survivor,39368ea2-f665-40b1-b042-c0182f7c6df0,https://api.scryfall.com/cards/39368ea2-f665-40b1-b042-c0182f7c6df0?format=image&version=normal
z4ygAdPO7nCBbpSnGMCK-Q,https://moxfield.com/decks/z4ygAdPO7nCBbpSnGMCK-Q,Consider,4,Instant,4f28e706-c488-4525-ad8a-977a5fa77f80,https://api.scryfall.com/cards/4f28e706-c488-4525-ad8a-977a5fa77f80?format=image&version=normal
z4ygAdPO7nCBbpSnGMCK-Q,https://moxfield.com/decks/z4ygAdPO7nCBbpSnGMCK-Q,Counterspell,4,Instant,d14d5ff3-40c0-4f22-91ad-d6c8447cb9e0,https://api.scryfall.com/cards/d14d5ff3-40c0-4f22-91ad-d6c8447cb9e0?format=image&version=normal
z4ygAdPO7nCBbpSnGMCK-Q,https://moxfield.com/decks/z4ygAdPO7nCBbpSnGMCK-Q,Delver of Secrets // Insectile Aberration,4,Creature — Human Wizard // Creature — Human Insect,abff6c81-65a4-48fa-ba8f-580f87b0344a,https://api.scryfall.com/cards/abff6c81-65a4-48fa-ba8f-580f87b0344a?format=image&version=normal
z4ygAdPO7nCBbpSnGMCK-Q,https://moxfield.com/decks/z4ygAdPO7nCBbpSnGMCK-Q,Dig Through Time,1,Instant,020939d6-72f0-4aa0-9ac2-d16cc896cd7f,https://api.scryfall.com/cards/020939d6-72f0-4aa0-9ac2-d16cc896cd7f?format=image&version=normal
z4ygAdPO7nCBbpSnGMCK-Q,https://moxfield.com/decks/z4ygAdPO7nCBbpSnGMCK-Q,Fading Hope,4,Instant,c2fb1fff-12be-4bd5-8dba-c36e84d49651,https://api.scryfall.com/cards/c2fb1fff-12be-4bd5-8dba-c36e84d49651?format=image&version=normal
z4ygAdPO7nCBbpSnGMCK-Q,https://moxfield.com/decks/z4ygAdPO7nCBbpSnGMCK-Q,Mana Leak,4,Instant,a7c7757d-8036-4b33-a1cb-07795d392588,https://api.scryfall.com/cards/a7c7757d-8036-4b33-a1cb-07795d392588?format=image&version=normal
z4ygAdPO7nCBbpSnGMCK-Q,https://moxfield.com/decks/z4ygAdPO7nCBbpSnGMCK-Q,Merfolk Trickster,4,Creature — Merfolk Wizard,0927a9f6-07c5-4d8f-8606-6ce71ec02e20,https://api.scryfall.com/cards/0927a9f6-07c5-4d8f-8606-6ce71ec02e20?format=image&version=normal
z4ygAdPO7nCBbpSnGMCK-Q,https://moxfield.com/decks/z4ygAdPO7nCBbpSnGMCK-Q,Preordain,4,Sorcery,78d22ece-0cb1-4faf-a871-995449c1a41f,https://api.scryfall.com/cards/78d22ece-0cb1-4faf-a871-995449c1a41f?format=image&version=normal
z4ygAdPO7nCBbpSnGMCK-Q,https://moxfield.com/decks/z4ygAdPO7nCBbpSnGMCK-Q,Sailors' Bane,4,Creature — Dragon Turtle,d175a716-5b69-401b-9902-684a30810288,https://api.scryfall.com/cards/d175a716-5b69-401b-9902-684a30810288?format=image&version=normal
z4ygAdPO7nCBbpSnGMCK-Q,https://moxfield.com/decks/z4ygAdPO7nCBbpSnGMCK-Q,Thought Scour,4,Instant,142944d5-1b11-4ec4-b6b4-b5c03e682cd3,https://api.scryfall.com/cards/142944d5-1b11-4ec4-b6b4-b5c03e682cd3?format=image&version=normal
z4ygAdPO7nCBbpSnGMCK-Q,https://moxfield.com/decks/z4ygAdPO7nCBbpSnGMCK-Q,Treasure Cruise,1,Sorcery,a6e97db4-f447-46c3-8be7-66f22bb349b4,https://api.scryfall.com/cards/a6e97db4-f447-46c3-8be7-66f22bb349b4?format=image&version=normal
z4ygAdPO7nCBbpSnGMCK-Q,https://moxfield.com/decks/z4ygAdPO7nCBbpSnGMCK-Q,Unable to Scream,4,Enchantment — Aura,7c59e0cd-10a8-4a32-9c0a-a2c6ef1ed9a6,https://api.scryfall.com/cards/7c59e0cd-10a8-4a32-9c0a-a2c6ef1ed9a6?format=image&version=normal
