event_date,event_name,event_url,placement,player,wins,losses,draws,record_raw,submitted_archetype,deck_url,event_category,source
2026-09-23,Wednesday MTGO – 9/23,https://vvmtg.com/wednesday-mtgo-9-23/,1,Incidentall,4,0,0,4-0,High Tide,https://moxfield.com/decks/dNCgAfPF9X2K_97bM3kZhA,online,vvmtg
2026-09-23,Wednesday MTGO – 9/23,https://vvmtg.com/wednesday-mtgo-9-23/,2,Doot,3,1,0,3-1,Fluctuator,https://moxfield.com/decks/NtCgAX67JHKO_62r-QLDCA,online,vvmtg
2026-09-23,Wednesday MTGO – 9/23,https://vvmtg.com/wednesday-mtgo-9-23/,3,ServoToken,3,1,0,3-1,RW Converter,https://moxfield.com/decks/ONCgAZC8RHmtwnTWnsk8ug,online,vvmtg
2026-09-23,Wednesday MTGO – 9/23,https://vvmtg.com/wednesday-mtgo-9-23/,4,Arrakeenpeasant,3,1,0,3-1,Creative Technique,https://moxfield.com/decks/atCgAUX5qnmQSDwsuA-9RA,online,vvmtg
2026-09-23,Wednesday MTGO – 9/23,https://vvmtg.com/wednesday-mtgo-9-23/,5,Plasma,3,1,0,3-1,Gruul Initiative,https://moxfield.com/decks/bNCgAQ9KMnGQTBctBoAh4g,online,vvmtg
2026-09-23,Wednesday MTGO – 9/23,https://vvmtg.com/wednesday-mtgo-9-23/,6,Arcanium,2,2,0,2-2,Sultai Stifle,https://moxfield.com/decks/D9CgAVUubXS9mmrkA_S_rQ,online,vvmtg
2026-09-23,Wednesday MTGO – 9/23,https://vvmtg.com/wednesday-mtgo-9-23/,7,XSDreams,1,3,0,1-3,Rakdos Lurrus,https://moxfield.com/decks/bdCgAeVLJ3OkuMNOdscMvg,online,vvmtg
2026-09-23,Wednesday MTGO – 9/23,https://vvmtg.com/wednesday-mtgo-9-23/,8,Forkpapi,1,2,0,1-2,Rakdos Lurrus,https://moxfield.com/decks/hM-gAclnyH6EdcogAMwnyg,online,vvmtg
2026-09-23,Wednesday MTGO – 9/23,https://vvmtg.com/wednesday-mtgo-9-23/,9,Wtnautical,1,3,0,1-3,Selesnya Convoke,https://moxfield.com/decks/e9CgAbfJIXCycRGoo-AwAA,online,vvmtg
2026-09-23,Wednesday MTGO – 9/23,https://vvmtg.com/wednesday-mtgo-9-23/,10,Pizzamaw,1,3,0,1-3,Azorius Affinity,https://moxfield.com/decks/dtCgAZuV6Xy6rVPn_5SRig,online,vvmtg
2026-09-23,Wednesday MTGO – 9/23,https://vvmtg.com/wednesday-mtgo-9-23/,11,Olozaur,1,2,0,1-2,Dimir Control,https://moxfield.com/decks/Z9CgAbd233y28w9481zwAw,online,vvmtg
2026-09-23,Wednesday MTGO – 9/23,https://vvmtg.com/wednesday-mtgo-9-23/,12,Duncan,0,1,0,0-1,Mono Red Midrange,https://moxfield.com/decks/Q9CgAWgTx3q6tAXlHb3pZQ,online,vvmtg
2026-09-20,Battle and Board Results 9/20/26,https://vvmtg.com/battle-and-board-results-9-20-26/,1,Benji L,3,0,0,3-0,Blue Post,https://moxfield.com/decks/G7-gAZj493m7nHAc27BBlg,paper,vvmtg
2026-09-20,Battle and Board Results 9/20/26,https://vvmtg.com/battle-and-board-results-9-20-26/,2,Sam S,2,1,0,2-1,Mono Black Annex,https://moxfield.com/decks/6LugAcoM5HWiWGCkWhgmKA,paper,vvmtg
2026-09-20,Battle and Board Results 9/20/26,https://vvmtg.com/battle-and-board-results-9-20-26/,3,Red E,2,1,0,2-1,Thopter Sword,https://moxfield.com/decks/kAkP3hEmsUiCJfm7z2g3rg,paper,vvmtg
2026-09-20,Battle and Board Results 9/20/26,https://vvmtg.com/battle-and-board-results-9-20-26/,4,“Wye” Y,2,1,0,2-1,Boros Converter,https://moxfield.com/decks/vZ-gAQlsX3SdB9NjoubdBQ,paper,vvmtg
2026-09-20,Battle and Board Results 9/20/26,https://vvmtg.com/battle-and-board-results-9-20-26/,5,Colin M,1,2,0,1-2,Mono Blue Tempo,https://moxfield.com/decks/j4ZSXH1IfEGFqj2MOntroQ,paper,vvmtg
2026-09-20,Battle and Board Results 9/20/26,https://vvmtg.com/battle-and-board-results-9-20-26/,6,Cole M,1,2,0,1-2,Fluctuator,https://moxfield.com/decks/tgv5oN2iz06t9XyMW9IGA,paper,vvmtg
2026-09-20,Battle and Board Results 9/20/26,https://vvmtg.com/battle-and-board-results-9-20-26/,7,Anthony G,1,2,0,1-2,Angel Vial,https://moxfield.com/decks/W6GgAVa0DnqEhaVy49JYOw,paper,vvmtg
2026-09-20,Battle and Board Results 9/20/26,https://vvmtg.com/battle-and-board-results-9-20-26/,8,Austin A,0,3,0,0-3,Merfolk,https://moxfield.com/decks/1MSgAV-VX325kJBE69quPw,paper,vvmtg
2026-09-20,MTGO Sunday Weekly 9-20-2026,https://vvmtg.com/mtgo-sunday-weekly-9-20-2026/,1,Haidle,4,0,0,4-0,Restore Balance,https://moxfield.com/decks/g7-gAefmcHCuQVJyaO0rQQ,online,vvmtg
2026-09-20,MTGO Sunday Weekly 9-20-2026,https://vvmtg.com/mtgo-sunday-weekly-9-20-2026/,2,Incidentall,3,1,0,3-1,High Tide,https://moxfield.com/decks/gr-gAWaZJneSqEWcVhhv6Q,online,vvmtg
2026-09-20,MTGO Sunday Weekly 9-20-2026,https://vvmtg.com/mtgo-sunday-weekly-9-20-2026/,3,Forkpapi,3,1,0,3-1,Broodscale Combo,https://moxfield.com/decks/G72gAS0MKXiYXckGCSsb_w,online,vvmtg
2026-09-20,MTGO Sunday Weekly 9-20-2026,https://vvmtg.com/mtgo-sunday-weekly-9-20-2026/,4,VacatedDrake,3,1,0,3-1,Azorius Nulldrifter,https://moxfield.com/decks/brygAaUl536hGZk0PnNLoA,online,vvmtg
2026-09-20,MTGO Sunday Weekly 9-20-2026,https://vvmtg.com/mtgo-sunday-weekly-9-20-2026/,5,Sean – GreenGang,2,2,0,2-2,Bant Breakfast,https://moxfield.com/decks/Zr-gAdLTXnam57Lc6ZoRmw,online,vvmtg
2026-09-20,MTGO Sunday Weekly 9-20-2026,https://vvmtg.com/mtgo-sunday-weekly-9-20-2026/,6,Korbyn,2,2,0,2-2,Mono Black Demons,https://moxfield.com/decks/fr-gAZZW6HODNOyA2z4xAQ,online,vvmtg
2026-09-20,MTGO Sunday Weekly 9-20-2026,https://vvmtg.com/mtgo-sunday-weekly-9-20-2026/,7,Jacob M.,2,2,0,2-2,Affinity,https://moxfield.com/decks/Yr-gAeBRg3GN0iLYu7-P4g,online,vvmtg
2026-09-20,MTGO Sunday Weekly 9-20-2026,https://vvmtg.com/mtgo-sunday-weekly-9-20-2026/,8,ServoToken,1,3,0,1-3,Amalia Combo,https://moxfield.com/decks/Ab-gAU5m1XKT_b5vtfk9fw,online,vvmtg
2026-09-20,MTGO Sunday Weekly 9-20-2026,https://vvmtg.com/mtgo-sunday-weekly-9-20-2026/,9,Olozaur,1,3,0,1-3,Dimir Occupation,https://moxfield.com/decks/sb6gAcbyZH66ZZRiFZI7dQ,online,vvmtg
2026-09-20,MTGO Sunday Weekly 9-20-2026,https://vvmtg.com/mtgo-sunday-weekly-9-20-2026/,10,Devfizzle,1,3,0,1-3,Temur Rhinos,https://moxfield.com/decks/Wb-gAXSvOHOGGm5R8wxmEg,online,vvmtg
2026-09-20,MTGO Sunday Weekly 9-20-2026,https://vvmtg.com/mtgo-sunday-weekly-9-20-2026/,11,ToadBrews,0,2,0,0-2,Necroflux,https://moxfield.com/decks/Z7-gAbfh3ne06nj8YaXokw,online,vvmtg
2026-09-20,MTGO Sunday Weekly 9-20-2026,https://vvmtg.com/mtgo-sunday-weekly-9-20-2026/,12,Blackviper,0,2,0,0-2,Mono Black Hogaak Pox,https://moxfield.com/decks/gr-gAYI3a3iaP9gg060KAQ,online,vvmtg
2026-09-19,Mavericks Mason 9/19/26,https://vvmtg.com/mavericks-mason-9-19-26/,1,Roby,2,0,1,2-0-1,UW Nulldrifter,https://moxfield.com/decks/BGWgActSOn-a5Pgk3NzDOQ,paper,vvmtg
2026-09-19,Mavericks Mason 9/19/26,https://vvmtg.com/mavericks-mason-9-19-26/,2,Russell W.,2,0,1,2-0-1,Martyr,https://moxfield.com/decks/vLqgASC5mHSnR_3qI5_vkA,paper,vvmtg
2026-09-19,Mavericks Mason 9/19/26,https://vvmtg.com/mavericks-mason-9-19-26/,3,Jacob M.,2,1,0,2-1,Merfolk,https://moxfield.com/decks/VXKgAZFTA3y7wz6tOtfpIQ,paper,vvmtg
2026-09-19,Mavericks Mason 9/19/26,https://vvmtg.com/mavericks-mason-9-19-26/,4,Joe N.,2,1,0,2-1,UB Lurrus Post,https://moxfield.com/decks/i6vOSPniMEWEJqyaGN1Sag,paper,vvmtg
2026-09-19,Mavericks Mason 9/19/26,https://vvmtg.com/mavericks-mason-9-19-26/,5,Everett N.,1,2,0,1-2,GW Initiative,https://moxfield.com/decks/_WegAbb7bnmXp_qvQTU_vQ,paper,vvmtg
2026-09-19,Mavericks Mason 9/19/26,https://vvmtg.com/mavericks-mason-9-19-26/,6,Andrew G.,1,2,0,1-2,Jund,https://moxfield.com/decks/i-wojm8WBUumOoEllPo5YQ,paper,vvmtg
2026-09-19,Mavericks Mason 9/19/26,https://vvmtg.com/mavericks-mason-9-19-26/,7,Doug L.,1,2,0,1-2,5c Midrange,https://moxfield.com/decks/DNCfASceonCgzTH74PuEew,paper,vvmtg
2026-09-19,Tara Angel’s Magic results 9/19/26,https://vvmtg.com/tara-angels-magic-results-9-19-26/,1,Michael S.,4,0,0,4/0,Infect,https://moxfield.com/decks/ZhLpQ0cIJkGy8a6GKXVAUA,paper,vvmtg
2026-09-19,Tara Angel’s Magic results 9/19/26,https://vvmtg.com/tara-angels-magic-results-9-19-26/,2,Samuel L.,3,1,0,3/1,Pyre Humans,https://moxfield.com/decks/yxafAf3IznynkPjncgU78A,paper,vvmtg
2026-09-19,Tara Angel’s Magic results 9/19/26,https://vvmtg.com/tara-angels-magic-results-9-19-26/,3,Christian W.,3,1,0,3/1,Manabond,https://moxfield.com/decks/DfjgHzJuNEyallRAsWO1LA,paper,vvmtg
2026-09-19,Tara Angel’s Magic results 9/19/26,https://vvmtg.com/tara-angels-magic-results-9-19-26/,4,Daniel H.,2,0,2,2/0/2,Blue Post,https://moxfield.com/decks/CFK0kAdUe0etadEbZZ5qgg,paper,vvmtg
2026-09-19,Tara Angel’s Magic results 9/19/26,https://vvmtg.com/tara-angels-magic-results-9-19-26/,5,Alexis K.,2,1,1,2/1/1,Medium Boros,https://moxfield.com/decks/plPXDJoiokW4Z_jydopsoA,paper,vvmtg
2026-09-19,Tara Angel’s Magic results 9/19/26,https://vvmtg.com/tara-angels-magic-results-9-19-26/,6,Jacob W.,2,1,1,2/1/1,Gruul Mid,https://moxfield.com/decks/EwGfAbXthn6vsLo451pgZw,paper,vvmtg
2026-09-19,Tara Angel’s Magic results 9/19/26,https://vvmtg.com/tara-angels-magic-results-9-19-26/,7,Brett B.,2,2,0,2/2,UR Liquimetal Control,https://moxfield.com/decks/LKygAQQ7QHiWSHujs6kkrA,paper,vvmtg
2026-09-19,Tara Angel’s Magic results 9/19/26,https://vvmtg.com/tara-angels-magic-results-9-19-26/,8,Logan G.,2,2,0,2/2,Hollow One,https://moxfield.com/decks/dFaw8PvPz0O1_v4dZyP2Kw,paper,vvmtg
2026-09-19,Tara Angel’s Magic results 9/19/26,https://vvmtg.com/tara-angels-magic-results-9-19-26/,9,Josh T.,2,2,0,2/2,Yojimbo Prison,https://moxfield.com/decks/d6-gAbtLyHWK_eRVAj4Bvg,paper,vvmtg
2026-09-19,Tara Angel’s Magic results 9/19/26,https://vvmtg.com/tara-angels-magic-results-9-19-26/,10,Jae M.,2,2,0,2/2,Burn,https://moxfield.com/decks/o5KgAZLMTHeYl-QsYuu-Rg,paper,vvmtg
2026-09-19,Tara Angel’s Magic results 9/19/26,https://vvmtg.com/tara-angels-magic-results-9-19-26/,11,Ashley S.,2,2,0,2/2,Green Post,https://moxfield.com/decks/QP_MihDZMEexNMtYsgW_MA,paper,vvmtg
2026-09-19,Tara Angel’s Magic results 9/19/26,https://vvmtg.com/tara-angels-magic-results-9-19-26/,12,Martin G.,1,3,0,1/3,Gruul Ramp,https://moxfield.com/decks/PxPLZtqwQ0K4jkB9G8ioYg,paper,vvmtg
2026-09-19,Tara Angel’s Magic results 9/19/26,https://vvmtg.com/tara-angels-magic-results-9-19-26/,13,Mark V.,1,3,0,1/3,Rosie Broodscale,https://moxfield.com/decks/8KegAa6n23yODCXfB4fzaA,paper,vvmtg
2026-09-19,Tara Angel’s Magic results 9/19/26,https://vvmtg.com/tara-angels-magic-results-9-19-26/,14,David E.,0,3,1,0/3/1,Thopter Sword,https://moxfield.com/decks/QgigAfriYX-lWMTdXZIGxg,paper,vvmtg
2026-09-19,Tara Angel’s Magic results 9/19/26,https://vvmtg.com/tara-angels-magic-results-9-19-26/,15,Marcus C.,0,2,1,0/2/1,Burn,https://moxfield.com/decks/30p19VVMmUmpvzYNfL-TZw,paper,vvmtg
2026-09-17,Webcam Thursday Biweekly 9-17-26,https://vvmtg.com/webcam-thursday-biweekly-9-17-26/,1,Forkpapi,2,1,0,2-1,Izzet Looting,https://moxfield.com/decks/kq-gAcvhNHqJG-tyaGh-tQ,online,vvmtg
2026-09-17,Webcam Thursday Biweekly 9-17-26,https://vvmtg.com/webcam-thursday-biweekly-9-17-26/,2,Yenshin,2,1,0,2-1,Simic Infect,https://moxfield.com/decks/sLGgAV0Hm3q5ArFzwd7G7g,online,vvmtg
2026-09-17,Webcam Thursday Biweekly 9-17-26,https://vvmtg.com/webcam-thursday-biweekly-9-17-26/,3,Arcanium,2,1,0,2-1,Mono Red Burn,https://moxfield.com/decks/nbGgAZZiMX-PovGKEcHtoA,online,vvmtg
2026-09-17,Webcam Thursday Biweekly 9-17-26,https://vvmtg.com/webcam-thursday-biweekly-9-17-26/,4,Wtnautical,1,1,1,1-1-1,Rakdos Lurrus,https://moxfield.com/decks/qrGgAbGrDHCsNI2uu-qGVw,online,vvmtg
2026-09-17,Webcam Thursday Biweekly 9-17-26,https://vvmtg.com/webcam-thursday-biweekly-9-17-26/,5,Rubycandy,1,2,0,1-2,Azorius Bane,https://moxfield.com/decks/pbGgAWs-pn-F5_y_yYUHBQ,online,vvmtg
2026-09-17,Webcam Thursday Biweekly 9-17-26,https://vvmtg.com/webcam-thursday-biweekly-9-17-26/,6,Autocorrevt,0,2,1,0-2-1,Glimpse Elves,https://moxfield.com/decks/fLGgARroJX2p5WZBcH-g6g,online,vvmtg
2026-09-16,Final Boss Games WNM 9/16/2026,https://vvmtg.com/final-boss-games-wnm-9-16-2026/,1,Alexander Z.,3,0,0,3-0,Prowess,https://moxfield.com/decks/4oSfAeCUYXKxyfa1GSsZIg,paper,vvmtg
2026-09-16,Final Boss Games WNM 9/16/2026,https://vvmtg.com/final-boss-games-wnm-9-16-2026/,2,Kyle S.,2,1,0,2-1,Nightmare Combo,https://moxfield.com/decks/V6hNi-x66UeFUJbzrHNcCg,paper,vvmtg
2026-09-16,Final Boss Games WNM 9/16/2026,https://vvmtg.com/final-boss-games-wnm-9-16-2026/,3,Tarun E.,2,1,0,2-1,Infect,https://moxfield.com/decks/N3igAbEn8HSGQ64qFzrjDA,paper,vvmtg
2026-09-16,Final Boss Games WNM 9/16/2026,https://vvmtg.com/final-boss-games-wnm-9-16-2026/,4,Sam J.,2,1,0,2-1,Goblins,https://moxfield.com/decks/p0LT81qHKEmER8FoTTd0Mw,paper,vvmtg
2026-09-16,Final Boss Games WNM 9/16/2026,https://vvmtg.com/final-boss-games-wnm-9-16-2026/,5,Zane C.,2,1,0,2-1,Prowess,https://moxfield.com/decks/N2SgAV9RtXCvjK9_Z3gJ9Q,paper,vvmtg
2026-09-16,Final Boss Games WNM 9/16/2026,https://vvmtg.com/final-boss-games-wnm-9-16-2026/,6,Neal C.,1,2,0,1-2,Amalia Combo,https://moxfield.com/decks/TI1G_HncxUWRKopBUuh-Ow,paper,vvmtg
2026-09-16,Final Boss Games WNM 9/16/2026,https://vvmtg.com/final-boss-games-wnm-9-16-2026/,7,Isaac H.,1,2,0,1-2,Jeskai Energy,https://moxfield.com/decks/OP5PKwOqIkypDjt4qMS58Q,paper,vvmtg
2026-09-16,Final Boss Games WNM 9/16/2026,https://vvmtg.com/final-boss-games-wnm-9-16-2026/,8,Bennett,0,2,0,0-2,Affinity,https://moxfield.com/decks/5fFNmC7pRkuv2ZYRMNGfiQ,paper,vvmtg
2026-09-16,MTGO Wednesday Weekly 9/16/26,https://vvmtg.com/mtgo-wednesday-weekly-9-16-26/,1,incidentall,4,0,0,4-0,High Tide,https://moxfield.com/decks/ZaygAXyiinWYhhHgmvyv7Q,online,vvmtg
2026-09-16,MTGO Wednesday Weekly 9/16/26,https://vvmtg.com/mtgo-wednesday-weekly-9-16-26/,2,JasonJason,4,0,0,4-0,RW Converter,https://moxfield.com/decks/96ugAWpY0nGX9OnPzGv8rQ,online,vvmtg
2026-09-16,MTGO Wednesday Weekly 9/16/26,https://vvmtg.com/mtgo-wednesday-weekly-9-16-26/,3,Plasma,3,1,0,3-1,RG Initiative,https://www.moxfield.com/decks/TaygAd_p6H-Bfl5V_rFD-A,online,vvmtg
2026-09-16,MTGO Wednesday Weekly 9/16/26,https://vvmtg.com/mtgo-wednesday-weekly-9-16-26/,4,Foster,3,1,0,3-1,Meria PO,https://www.moxfield.com/decks/aqygAWuBy3q-DA8IHmHwJg,online,vvmtg
2026-09-16,MTGO Wednesday Weekly 9/16/26,https://vvmtg.com/mtgo-wednesday-weekly-9-16-26/,5,pizzamaw,3,1,0,3-1,Affinity,https://www.moxfield.com/decks/caygAcUWPXy4tE4hPe86MA,online,vvmtg
2026-09-16,MTGO Wednesday Weekly 9/16/26,https://vvmtg.com/mtgo-wednesday-weekly-9-16-26/,6,ForkPapi,2,2,0,2-2,Grixis Annex,https://www.moxfield.com/decks/aaygAXBR83KTpz-aSYrjSA,online,vvmtg
2026-09-16,MTGO Wednesday Weekly 9/16/26,https://vvmtg.com/mtgo-wednesday-weekly-9-16-26/,7,Rob D.,2,2,0,2-2,RB Lurrus,https://www.moxfield.com/decks/3qqgARMwEHSYKwn7U2Rfzg,online,vvmtg
2026-09-16,MTGO Wednesday Weekly 9/16/26,https://vvmtg.com/mtgo-wednesday-weekly-9-16-26/,8,Ariya,2,2,0,2-2,Lessons,https://www.moxfield.com/decks/YaygAeg1C3GNUN7x7CUYMQ,online,vvmtg
2026-09-16,MTGO Wednesday Weekly 9/16/26,https://vvmtg.com/mtgo-wednesday-weekly-9-16-26/,9,Vacated Drake,2,2,0,2-2,UW Control,https://www.moxfield.com/decks/bKygAe6BznKFmfDft_XIdg,online,vvmtg
2026-09-16,MTGO Wednesday Weekly 9/16/26,https://vvmtg.com/mtgo-wednesday-weekly-9-16-26/,10,Bobbunny,2,1,0,2-1,Burn,https://www.moxfield.com/decks/F6ygAQWGX3S3CgxGuQzGoA,online,vvmtg
2026-09-16,MTGO Wednesday Weekly 9/16/26,https://vvmtg.com/mtgo-wednesday-weekly-9-16-26/,11,ravensfanaustin,2,2,0,2-2,Creativity,https://www.moxfield.com/decks/UaygAaunsnGm2QOi5gr3iw,online,vvmtg
2026-09-16,MTGO Wednesday Weekly 9/16/26,https://vvmtg.com/mtgo-wednesday-weekly-9-16-26/,12,themuller,1,2,0,1-2,RDW,https://www.moxfield.com/decks/e6qgAR2s9HeRLRGgmvbzwg,online,vvmtg
2026-09-16,MTGO Wednesday Weekly 9/16/26,https://vvmtg.com/mtgo-wednesday-weekly-9-16-26/,13,Doot,1,3,0,1-3,UG Tempo,https://www.moxfield.com/decks/WKygAY_N3nCGgYqEdNdXVA,online,vvmtg
2026-09-16,MTGO Wednesday Weekly 9/16/26,https://vvmtg.com/mtgo-wednesday-weekly-9-16-26/,14,Devfizzle,1,3,0,1-3,BW Midrange,https://www.moxfield.com/decks/bqugAZMcpXm0p7wb4MDpPg,online,vvmtg
2026-09-16,MTGO Wednesday Weekly 9/16/26,https://vvmtg.com/mtgo-wednesday-weekly-9-16-26/,15,Wtnautical,1,3,0,1-3,Mono White Midrange,https://www.moxfield.com/decks/PqygAVFds36j-Sz1wXrIIQ,online,vvmtg
2026-09-16,MTGO Wednesday Weekly 9/16/26,https://vvmtg.com/mtgo-wednesday-weekly-9-16-26/,16,Brutongaster,1,3,0,1-3,Show and Tell,https://www.moxfield.com/decks/caygAZlt2XeCk83vzq_ZaQ,online,vvmtg
2026-09-16,MTGO Wednesday Weekly 9/16/26,https://vvmtg.com/mtgo-wednesday-weekly-9-16-26/,17,Arcanium,1,3,0,1-3,Scam,https://www.moxfield.com/decks/W6ugAYQyKnuodk0DG-8zHw,online,vvmtg
2026-09-16,MTGO Wednesday Weekly 9/16/26,https://vvmtg.com/mtgo-wednesday-weekly-9-16-26/,18,ToadBrews,1,3,0,1-3,Temur Control,https://www.moxfield.com/decks/ZKygAbsbjnqrKvrr5Ob_YA,online,vvmtg
2026-09-16,MTGO Wednesday Weekly 9/16/26,https://vvmtg.com/mtgo-wednesday-weekly-9-16-26/,19,OrzhovPixie,0,1,0,0-1,Doom Fortold,https://www.moxfield.com/decks/pqugAbjmS3mFrC1jg5nD9w,online,vvmtg
2026-09-13,MTGO Sunday Weekly 9/13/26,https://vvmtg.com/mtgo-sunday-weekly-9-13-26/,1,Secular Sam,4,0,0,4-0,Mono Black Annex,https://moxfield.com/decks/cZugAbO_Z3276RbCz496WA,online,vvmtg
2026-09-13,MTGO Sunday Weekly 9/13/26,https://vvmtg.com/mtgo-sunday-weekly-9-13-26/,2,Ryan G.,3,1,0,3-1,Mono White Lurrus Humans,https://moxfield.com/decks/fZugARIUl3yRHWvPYlaonw,online,vvmtg
2026-09-13,MTGO Sunday Weekly 9/13/26,https://vvmtg.com/mtgo-sunday-weekly-9-13-26/,3,bugsbugz,3,1,0,3-1,Heartfire Hero,https://moxfield.com/decks/dZugAa-mJHqyahxDfYAHHw,online,vvmtg
2026-09-13,MTGO Sunday Weekly 9/13/26,https://vvmtg.com/mtgo-sunday-weekly-9-13-26/,4,Duncan,3,1,0,3-1,Boros Energy,https://moxfield.com/decks/fZugAZbpBHSeLWg58yYj5w,online,vvmtg
2026-09-13,MTGO Sunday Weekly 9/13/26,https://vvmtg.com/mtgo-sunday-weekly-9-13-26/,5,Blackviper,3,1,0,3-1,Green Black Hogaak,https://moxfield.com/decks/f5ugAaNCrnO_dyFs6RREFg,online,vvmtg
2026-09-13,MTGO Sunday Weekly 9/13/26,https://vvmtg.com/mtgo-sunday-weekly-9-13-26/,6,ServoToken,2,2,0,2-2,Blue Post,https://moxfield.com/decks/U5ugAcXu4HuhdsjdaNhyEQ,online,vvmtg
2026-09-13,MTGO Sunday Weekly 9/13/26,https://vvmtg.com/mtgo-sunday-weekly-9-13-26/,7,TheWatchWander,2,2,0,2-2,High Tide,https://moxfield.com/decks/fJugAff1DXy4pum3n5tkgw,online,vvmtg
2026-09-13,MTGO Sunday Weekly 9/13/26,https://vvmtg.com/mtgo-sunday-weekly-9-13-26/,8,Korbyn,2,2,0,2-2,Mono Black Annex,https://moxfield.com/decks/SJugAd0qDH2NtfILsbhgjw,online,vvmtg
2026-09-13,MTGO Sunday Weekly 9/13/26,https://vvmtg.com/mtgo-sunday-weekly-9-13-26/,9,Jacob M.,2,2,0,2-2,Izzet Looting,https://moxfield.com/decks/cpugAX30EHqLxJDkq1t5-g,online,vvmtg
2026-09-13,MTGO Sunday Weekly 9/13/26,https://vvmtg.com/mtgo-sunday-weekly-9-13-26/,10,Forkpapi,1,3,0,1-3,Red Post,https://moxfield.com/decks/X5ugAXU_4nWUJS94LG4Xhg,online,vvmtg
2026-09-13,MTGO Sunday Weekly 9/13/26,https://vvmtg.com/mtgo-sunday-weekly-9-13-26/,11,Devfizzle,1,3,0,1-3,Mono White Taxes,https://moxfield.com/decks/4pqgASZZw3KItxX1pqEieA,online,vvmtg
2026-09-13,MTGO Sunday Weekly 9/13/26,https://vvmtg.com/mtgo-sunday-weekly-9-13-26/,12,Jacob L.,1,2,0,1-2,GW Initiative,https://moxfield.com/decks/fJugAQy2j32G0X0qB3bzcQ,online,vvmtg
2026-09-13,MTGO Sunday Weekly 9/13/26,https://vvmtg.com/mtgo-sunday-weekly-9-13-26/,13,zmyers,1,3,0,1-3,5 Color Zuberas,https://moxfield.com/decks/UpugAZcmzn2WxPBvvNcV7A,online,vvmtg
2026-09-13,MTGO Sunday Weekly 9/13/26,https://vvmtg.com/mtgo-sunday-weekly-9-13-26/,14,Wtnautical,0,4,0,0-4,Mono White Midrange,https://moxfield.com/decks/dZugAYD7OHiaz7r6WHwLgQ,online,vvmtg
2026-09-13,SCGCon Baltimore 2026 Sunday 1k,https://vvmtg.com/scgcon-baltimore-2026-sunday-1k/,1,Caleb M.,8,1,0,8-1,Eldrazi Post,https://moxfield.com/decks/Sqsk8Cpkl0ai7HgXerUiLg,premier,vvmtg
2026-09-13,SCGCon Baltimore 2026 Sunday 1k,https://vvmtg.com/scgcon-baltimore-2026-sunday-1k/,2,Kristienne H.,6,2,1,6-2-1,RW Converter,https://moxfield.com/decks/rJvpTGsZ_k-XPMumfSAcJA,premier,vvmtg
2026-09-13,SCGCon Baltimore 2026 Sunday 1k,https://vvmtg.com/scgcon-baltimore-2026-sunday-1k/,3,Sean S.,6,1,1,6-1-1,Bant Breakfast,https://moxfield.com/decks/EFWcotj_jEixTpFoD3I1EA,premier,vvmtg
2026-09-13,SCGCon Baltimore 2026 Sunday 1k,https://vvmtg.com/scgcon-baltimore-2026-sunday-1k/,4,Julian N.,5,2,1,5-2-1,Mono Black Annex,https://moxfield.com/decks/x_0rWvVEVk-YikErZ5nO-g,premier,vvmtg
2026-09-13,SCGCon Baltimore 2026 Sunday 1k,https://vvmtg.com/scgcon-baltimore-2026-sunday-1k/,5,Roby,5,2,0,5-2,UW Nulldrifter,https://moxfield.com/decks/q0-FyZovD0eD3kIrp40cyg,premier,vvmtg
2026-09-13,SCGCon Baltimore 2026 Sunday 1k,https://vvmtg.com/scgcon-baltimore-2026-sunday-1k/,6,Chris G.,4,2,1,4-2-1,Temur Energy,https://moxfield.com/decks/5z8v8ex1KEiYa77xFlk2MQ,premier,vvmtg
2026-09-13,SCGCon Baltimore 2026 Sunday 1k,https://vvmtg.com/scgcon-baltimore-2026-sunday-1k/,7,Mitchell B.,4,2,1,4-2-1,RG Initiative,https://moxfield.com/decks/2is8mBpLtkCnyUJdL-aA9Q,premier,vvmtg
2026-09-13,SCGCon Baltimore 2026 Sunday 1k,https://vvmtg.com/scgcon-baltimore-2026-sunday-1k/,8,Jason W.,4,2,1,4-2-1,Goblin Storm,https://moxfield.com/decks/vz1Z57gRgEKgLLzUlozdyw,premier,vvmtg
2026-09-13,SCGCon Baltimore 2026 Sunday 1k,https://vvmtg.com/scgcon-baltimore-2026-sunday-1k/,9,rileygent,4,2,0,4-2,UW Nulldrifter,https://moxfield.com/decks/eBm_VjhHRkaUTeqyBgiNtg,premier,vvmtg
2026-09-13,SCGCon Baltimore 2026 Sunday 1k,https://vvmtg.com/scgcon-baltimore-2026-sunday-1k/,10,Alexander J.,4,2,0,4-2,UW Affinity,https://moxfield.com/decks/1aTOhzL2Ek6YNqnYxVrvWg,premier,vvmtg
2026-09-13,SCGCon Baltimore 2026 Sunday 1k,https://vvmtg.com/scgcon-baltimore-2026-sunday-1k/,11,Zachary C.,4,2,0,4-2,Discover Combo,https://moxfield.com/decks/Evm2tIdw7Ea5TBuazb-W6w,premier,vvmtg
2026-09-13,SCGCon Baltimore 2026 Sunday 1k,https://vvmtg.com/scgcon-baltimore-2026-sunday-1k/,12,Fabian D.,4,2,0,4-2,Martyr Proc,http://moxfield.com/decks/yjh0fcw4AUuMKrsFxdz7RQ,premier,vvmtg
2026-09-13,SCGCon Baltimore 2026 Sunday 1k,https://vvmtg.com/scgcon-baltimore-2026-sunday-1k/,13,DeMatsu,4,1,0,4-1,Hogaak Pox,https://moxfield.com/decks/o49TxZE-QUSkLm90P1sD_Q,premier,vvmtg
2026-09-13,SCGCon Baltimore 2026 Sunday 1k,https://vvmtg.com/scgcon-baltimore-2026-sunday-1k/,14,Espen_Lunden,4,2,0,4-2,GW Initiative,https://moxfield.com/decks/bTkBh0BBb0yQWrV2bWD1hg,premier,vvmtg
2026-09-13,SCGCon Baltimore 2026 Sunday 1k,https://vvmtg.com/scgcon-baltimore-2026-sunday-1k/,15,Robert B.,4,2,0,4-2,Devoted Druid,https://moxfield.com/decks/5ZPcUmey3kiGa7V-UfMkaA,premier,vvmtg
2026-09-13,SCGCon Baltimore 2026 Sunday 1k,https://vvmtg.com/scgcon-baltimore-2026-sunday-1k/,16,rgreise,4,2,0,4-2,Blue Post,https://moxfield.com/decks/33Rihfbr2UqXuzdM1s63KQ,premier,vvmtg
2026-09-13,SCGCon Baltimore 2026 Sunday 1k,https://vvmtg.com/scgcon-baltimore-2026-sunday-1k/,17,Anna M.,3,3,0,3-3,RW Converter,https://moxfield.com/decks/QymgiAz6B0mLPfQBhbz76g,premier,vvmtg
2026-09-13,SCGCon Baltimore 2026 Sunday 1k,https://vvmtg.com/scgcon-baltimore-2026-sunday-1k/,18,Emelia L.,3,3,0,3-3,RB Scam,https://moxfield.com/decks/BebUmEcalkOiOIn9A2Jkvw,premier,vvmtg
2026-09-13,SCGCon Baltimore 2026 Sunday 1k,https://vvmtg.com/scgcon-baltimore-2026-sunday-1k/,19,Dale H.,3,3,0,3-3,RW Energy,https://moxfield.com/decks/5RKHL4OBP06VZUryVbMZIQ,premier,vvmtg
2026-09-13,SCGCon Baltimore 2026 Sunday 1k,https://vvmtg.com/scgcon-baltimore-2026-sunday-1k/,20,Cole M.,3,3,0,3-3,Yojimbo Prison,https://moxfield.com/decks/FPRfUSvdO0Op76Soeq9Rng,premier,vvmtg
2026-09-13,SCGCon Baltimore 2026 Sunday 1k,https://vvmtg.com/scgcon-baltimore-2026-sunday-1k/,21,Admonition,3,3,0,3-3,Burn,https://moxfield.com/decks/ELzUeRS-lUS2Tm9H2mKqPA,premier,vvmtg
2026-09-13,SCGCon Baltimore 2026 Sunday 1k,https://vvmtg.com/scgcon-baltimore-2026-sunday-1k/,22,Marshee123,3,3,0,3-3,GB Initiative,https://moxfield.com/decks/Q-6oOZkY7UOUx7oUBRiQqg,premier,vvmtg
2026-09-13,SCGCon Baltimore 2026 Sunday 1k,https://vvmtg.com/scgcon-baltimore-2026-sunday-1k/,23,Craig F.,3,3,0,3-3,RW Energy,https://moxfield.com/decks/4Ablq_AhC0qCDhrN_TEsKg,premier,vvmtg
2026-09-13,SCGCon Baltimore 2026 Sunday 1k,https://vvmtg.com/scgcon-baltimore-2026-sunday-1k/,24,nigeltastic,3,3,0,3-3,Fluctuator,https://moxfield.com/decks/ApS0yVnXjkWWbnZZ9HipVQ,premier,vvmtg
2026-09-13,SCGCon Baltimore 2026 Sunday 1k,https://vvmtg.com/scgcon-baltimore-2026-sunday-1k/,25,9999dmg,3,3,0,3-3,Burn,https://moxfield.com/decks/X9Yf82t6iEGAQOlprPeSBw,premier,vvmtg
2026-09-13,SCGCon Baltimore 2026 Sunday 1k,https://vvmtg.com/scgcon-baltimore-2026-sunday-1k/,26,Nick C.,3,3,0,3-3,Fluctuator,https://moxfield.com/decks/vKyBYwg-dEu6-FJj6XeQlA,premier,vvmtg
2026-09-13,SCGCon Baltimore 2026 Sunday 1k,https://vvmtg.com/scgcon-baltimore-2026-sunday-1k/,27,Everett N.,3,3,0,3-3,High Tide,https://moxfield.com/decks/m-845R6xP0em2moNndSf4A,premier,vvmtg
2026-09-13,SCGCon Baltimore 2026 Sunday 1k,https://vvmtg.com/scgcon-baltimore-2026-sunday-1k/,28,Sadie P.,3,3,0,3-3,Mono Black Annex,https://moxfield.com/decks/tMMH--N9HEybqJHC2uMY7g,premier,vvmtg
2026-09-13,SCGCon Baltimore 2026 Sunday 1k,https://vvmtg.com/scgcon-baltimore-2026-sunday-1k/,29,DGeckoX,2,4,0,2-4,Burn,https://moxfield.com/decks/bT2PIfphVUecQxkN00SCZw,premier,vvmtg
2026-09-13,SCGCon Baltimore 2026 Sunday 1k,https://vvmtg.com/scgcon-baltimore-2026-sunday-1k/,30,Joe N.,2,3,0,2-3,Infect,https://moxfield.com/decks/5jBxppqy1EW3jrcq-MehfA,premier,vvmtg
2026-09-13,SCGCon Baltimore 2026 Sunday 1k,https://vvmtg.com/scgcon-baltimore-2026-sunday-1k/,31,frogKeebs,2,4,0,2-4,Mono Black Annex,https://moxfield.com/decks/Cj1I1EPsKUOncE6ReWrq2w,premier,vvmtg
2026-09-13,SCGCon Baltimore 2026 Sunday 1k,https://vvmtg.com/scgcon-baltimore-2026-sunday-1k/,32,Drew B.,2,3,0,2-3,Asmo Affinity,https://moxfield.com/decks/cl-DHoAaDUS70aPb__HQrg,premier,vvmtg
2026-09-13,SCGCon Baltimore 2026 Sunday 1k,https://vvmtg.com/scgcon-baltimore-2026-sunday-1k/,33,Delgere,2,4,0,2-4,UW Nulldrifter,https://moxfield.com/decks/Jg6DWfwY7UGZPQgKALIfnQ,premier,vvmtg
2026-09-13,SCGCon Baltimore 2026 Sunday 1k,https://vvmtg.com/scgcon-baltimore-2026-sunday-1k/,34,Morgan B.,2,4,0,2-4,High Tide,https://moxfield.com/decks/1j8ZrpW9AU6Oqbxj3Hucdw,premier,vvmtg
2026-09-13,SCGCon Baltimore 2026 Sunday 1k,https://vvmtg.com/scgcon-baltimore-2026-sunday-1k/,35,Jaiklay,2,4,0,2-4,Mono White Humans,https://moxfield.com/decks/LvklLG2aMkGegB5rF8cF9A,premier,vvmtg
2026-09-13,SCGCon Baltimore 2026 Sunday 1k,https://vvmtg.com/scgcon-baltimore-2026-sunday-1k/,36,Rose2295,2,3,0,2-3,RW Energy,https://moxfield.com/decks/EgWaM3osE0-7NGgwD1u4Gw,premier,vvmtg
2026-09-13,SCGCon Baltimore 2026 Sunday 1k,https://vvmtg.com/scgcon-baltimore-2026-sunday-1k/,37,dc2111,1,3,0,1-3,High Tide,https://moxfield.com/decks/0lTrzueQhEe9RBMIxXx-zQ,premier,vvmtg
2026-09-13,SCGCon Baltimore 2026 Sunday 1k,https://vvmtg.com/scgcon-baltimore-2026-sunday-1k/,38,Shoopman,1,4,0,1-4,Mono Blue Spellementals,https://moxfield.com/decks/7Z4ZnRd_L0211gNQt59QQA,premier,vvmtg
2026-09-13,SCGCon Baltimore 2026 Sunday 1k,https://vvmtg.com/scgcon-baltimore-2026-sunday-1k/,39,Taloness,1,5,0,1-5,Blue Post,https://moxfield.com/decks/he8zZap1mkyb5NZ83n9cfg,premier,vvmtg
2026-09-13,SCGCon Baltimore 2026 Sunday 1k,https://vvmtg.com/scgcon-baltimore-2026-sunday-1k/,40,Micahg0502,1,3,0,1-3,RW Energy,https://moxfield.com/decks/03tLHAkJ4ECNqhckAcNgVA,premier,vvmtg
2026-09-13,SCGCon Baltimore 2026 Sunday 1k,https://vvmtg.com/scgcon-baltimore-2026-sunday-1k/,41,flowead,1,5,0,1-5,Wizards,https://moxfield.com/decks/TQEvfwDUjEqWMY4K5aLMuA,premier,vvmtg
2026-09-13,SCGCon Baltimore 2026 Sunday 1k,https://vvmtg.com/scgcon-baltimore-2026-sunday-1k/,42,AndrewKieser,1,2,0,1-2,Hogaak Pox,https://moxfield.com/decks/Yyu_HxinLUWt1z4_FzlJxg,premier,vvmtg
2026-09-13,SCGCon Baltimore 2026 Sunday 1k,https://vvmtg.com/scgcon-baltimore-2026-sunday-1k/,43,Liam S,0,3,0,0-3,RB Scam,https://moxfield.com/decks/Lr73ipoMZE-rYIvh-m9NQQ,premier,vvmtg
2026-09-13,SCGCon Baltimore 2026 Sunday 1k,https://vvmtg.com/scgcon-baltimore-2026-sunday-1k/,44,Will K,0,4,0,0-4,Eldrazi Post,https://moxfield.com/decks/haMON8kg0EaF2r2p1jW7fg,premier,vvmtg
2026-09-13,SCGCon Baltimore 2026 Sunday 1k,https://vvmtg.com/scgcon-baltimore-2026-sunday-1k/,45,Ben P,0,2,0,0-2,High Tide,https://moxfield.com/decks/19UeWG32lE2KMz6tHMhCAw,premier,vvmtg
2026-09-13,SCGCon Baltimore 2026 Sunday 1k,https://vvmtg.com/scgcon-baltimore-2026-sunday-1k/,46,Legendteek,0,4,0,0-4,Zoo,https://moxfield.com/decks/2dlVYXBeWEqBQXuMKZF04w,premier,vvmtg
2026-09-12,SCG Baltimore Saturday 2026,https://vvmtg.com/scg-baltimore-saturday-2026/,1,Robert G.,3,0,0,3-0,UR BreachHulk,https://moxfield.com/decks/mHiDuGrmQ0CJ9UdeOy6Xdg,paper,vvmtg
2026-09-12,SCG Baltimore Saturday 2026,https://vvmtg.com/scg-baltimore-saturday-2026/,2,Skye C.,3,0,0,3-0,High Tide,https://moxfield.com/decks/VUYv3l6bek2VREPlNYy8sw,paper,vvmtg
2026-09-12,SCG Baltimore Saturday 2026,https://vvmtg.com/scg-baltimore-saturday-2026/,3,Jeff W.,2,1,0,2-1,Bogles,https://moxfield.com/decks/uLWzQ3VdGESxpzUyVLbUKQ,paper,vvmtg
2026-09-12,SCG Baltimore Saturday 2026,https://vvmtg.com/scg-baltimore-saturday-2026/,4,Morgan B.,2,0,0,2-0,High Tide,https://moxfield.com/decks/Ks2fAa2G4HyWlszXfjW8bQ,paper,vvmtg
2026-09-12,SCG Baltimore Saturday 2026,https://vvmtg.com/scg-baltimore-saturday-2026/,5,Everett N.,2,1,0,2-1,GW Initiative,https://moxfield.com/decks/_WegAbb7bnmXp_qvQTU_vQ,paper,vvmtg
2026-09-12,SCG Baltimore Saturday 2026,https://vvmtg.com/scg-baltimore-saturday-2026/,7,Jaison H.,2,1,0,2-1,Burn,https://moxfield.com/decks/JNjJ0ml5gEq7Spz4Jfs3-Q,paper,vvmtg
2026-09-12,SCG Baltimore Saturday 2026,https://vvmtg.com/scg-baltimore-saturday-2026/,8,Bendalf,2,1,0,2-1,Metalwork Colossus,https://moxfield.com/decks/x0619sU-U0y0gjaM6j1ncA,paper,vvmtg
2026-09-12,SCG Baltimore Saturday 2026,https://vvmtg.com/scg-baltimore-saturday-2026/,9,Liam S.,2,1,0,2-1,RB Scam,https://moxfield.com/decks/mhzmXcrMLUCZNAkvv6zWUw,paper,vvmtg
2026-09-12,SCG Baltimore Saturday 2026,https://vvmtg.com/scg-baltimore-saturday-2026/,10,Alex S.,2,1,0,2-1,Creative Technique,https://moxfield.com/decks/5v-fAWjY6niFO5WrtACdTw,paper,vvmtg
2026-09-12,SCG Baltimore Saturday 2026,https://vvmtg.com/scg-baltimore-saturday-2026/,11,Dylan C.,2,1,0,2-1,GB Hogaak Pox,https://moxfield.com/decks/Mlkwxf8zUUe8UFJ5fNMAag,paper,vvmtg
2026-09-12,SCG Baltimore Saturday 2026,https://vvmtg.com/scg-baltimore-saturday-2026/,12,Kristienne H.,2,0,0,2-0,RW Converter,https://moxfield.com/decks/nFCgASjakHS6EnLqrAtcPg,paper,vvmtg
2026-09-12,SCG Baltimore Saturday 2026,https://vvmtg.com/scg-baltimore-saturday-2026/,13,Roby,1,2,0,1-2,Mono Black Annex,https://moxfield.com/decks/XFugASO33H2g9frQ614Tpg,paper,vvmtg
2026-09-12,SCG Baltimore Saturday 2026,https://vvmtg.com/scg-baltimore-saturday-2026/,14,Thomas M.,1,2,0,1-2,Mono Red Discard,https://moxfield.com/decks/EpegAQJEy326ozV1kAOmDw,paper,vvmtg
2026-09-12,SCG Baltimore Saturday 2026,https://vvmtg.com/scg-baltimore-saturday-2026/,15,Derek R.,1,2,0,1-2,Fluctuator,https://moxfield.com/decks/uKX_BxSXw0a7xAWB_g40yA,paper,vvmtg
2026-09-12,SCG Baltimore Saturday 2026,https://vvmtg.com/scg-baltimore-saturday-2026/,17,Riley G.,1,2,0,1-2,Bant Nulldrifter Control,https://moxfield.com/decks/INufAU2Ow3Snps-ZUxl68w,paper,vvmtg
2026-09-12,SCG Baltimore Saturday 2026,https://vvmtg.com/scg-baltimore-saturday-2026/,19,Cole M.,1,2,0,1-2,RW Energy,https://moxfield.com/decks/dHOfAfJ_qHW9VTDOCgeIwg,paper,vvmtg
2026-09-12,Stoup Brewing Seattle 9/12/26,https://vvmtg.com/stoup-brewing-seattle-9-12-26/,1,Ryan G.,3,0,0,3-0,Hogaak Pox,https://moxfield.com/decks/Lo-gAUtb23uR7r5tGM4MFA,paper,vvmtg
2026-09-12,Stoup Brewing Seattle 9/12/26,https://vvmtg.com/stoup-brewing-seattle-9-12-26/,2,Ed P.,2,1,0,2-1,Blue Post,https://moxfield.com/decks/aZmgAeQ8L3mEcCeNc6xx0w,paper,vvmtg
2026-09-12,Stoup Brewing Seattle 9/12/26,https://vvmtg.com/stoup-brewing-seattle-9-12-26/,3,Max H.,2,1,0,2-1,Blue Post,https://moxfield.com/decks/UpGgATM813yHWIU4Wvs_2A,paper,vvmtg
2026-09-12,Stoup Brewing Seattle 9/12/26,https://vvmtg.com/stoup-brewing-seattle-9-12-26/,4,Gwen G.,2,1,0,2-1,Boros Energy,https://moxfield.com/decks/a5mgAR1zsn-vZtA6-18G_Q,paper,vvmtg
2026-09-12,Stoup Brewing Seattle 9/12/26,https://vvmtg.com/stoup-brewing-seattle-9-12-26/,5,Kevin C.,2,1,0,2-1,Boros Converter,https://moxfield.com/decks/a5mgARoQzX-bcw9q1UgVvQ,paper,vvmtg
2026-09-12,Stoup Brewing Seattle 9/12/26,https://vvmtg.com/stoup-brewing-seattle-9-12-26/,6,Will F.,2,1,0,2-1,Mono White Control,https://moxfield.com/decks/uZegAaZCEHasolrsIGe-OQ,paper,vvmtg
2026-09-12,Stoup Brewing Seattle 9/12/26,https://vvmtg.com/stoup-brewing-seattle-9-12-26/,7,Jarrod R.,2,1,0,2-1,Affinity,https://moxfield.com/decks/AJKgAQ9rK3uOxx9UQu57mg,paper,vvmtg
2026-09-12,Stoup Brewing Seattle 9/12/26,https://vvmtg.com/stoup-brewing-seattle-9-12-26/,8,Joe M.,1,2,0,1-2,Mono White Death & Taxes,https://moxfield.com/decks/uJegASqVWXGTDsnbN0bUxA,paper,vvmtg
2026-09-12,Stoup Brewing Seattle 9/12/26,https://vvmtg.com/stoup-brewing-seattle-9-12-26/,9,Max C.,1,2,0,1-2,Hogaak,https://moxfield.com/decks/Y32gAfuxmnC3PME0CyvaAw,paper,vvmtg
2026-09-12,Stoup Brewing Seattle 9/12/26,https://vvmtg.com/stoup-brewing-seattle-9-12-26/,10,Steve G.,1,2,0,1-2,Mono Blue Spirits,https://moxfield.com/decks/Y32gAbufk3q5fRITtuiFMA,paper,vvmtg
2026-09-12,Stoup Brewing Seattle 9/12/26,https://vvmtg.com/stoup-brewing-seattle-9-12-26/,11,Pete L.,0,3,0,0-3,Izzet Delver,https://moxfield.com/decks/MI-gAb98tXSQcuaxAOjUdQ,paper,vvmtg
2026-09-12,Tara Angel’s Magic 9/12/26,https://vvmtg.com/tara-angels-magic-9-12-26/,1,Brett B.,3,0,1,3/0/1,Hollow One,https://moxfield.com/decks/FiTjp2daD0K3rLg7ELVyRA,paper,vvmtg
2026-09-12,Tara Angel’s Magic 9/12/26,https://vvmtg.com/tara-angels-magic-9-12-26/,2,Josh T.,3,0,1,3/0/1,Yojimbo Prison,https://moxfield.com/decks/j-aeAfqwOH6U_HkXLCTIkw,paper,vvmtg
2026-09-12,Tara Angel’s Magic 9/12/26,https://vvmtg.com/tara-angels-magic-9-12-26/,3,Samuel L.,3,1,0,3/1,Pyre Humans,https://moxfield.com/decks/yxafAf3IznynkPjncgU78A,paper,vvmtg
2026-09-12,Tara Angel’s Magic 9/12/26,https://vvmtg.com/tara-angels-magic-9-12-26/,4,Jacob W.,3,1,0,3/1,Gruul Midrange,https://moxfield.com/decks/EwGfAbXthn6vsLo451pgZw,paper,vvmtg
2026-09-12,Tara Angel’s Magic 9/12/26,https://vvmtg.com/tara-angels-magic-9-12-26/,5,Christian W.,3,1,0,3/1,Izzet Phoenix,https://moxfield.com/decks/bumcOPm1tkeVy51g5jc8wQ,paper,vvmtg
2026-09-12,Tara Angel’s Magic 9/12/26,https://vvmtg.com/tara-angels-magic-9-12-26/,6,David E.,2,2,0,2/2,Thopter Sword,https://moxfield.com/decks/QgigAfriYX-lWMTdXZIGxg,paper,vvmtg
2026-09-12,Tara Angel’s Magic 9/12/26,https://vvmtg.com/tara-angels-magic-9-12-26/,7,Christine M.,2,2,0,2/2,Rakdos Energy,https://moxfield.com/decks/DvifAYYoxXOc7qaQjHA67g,paper,vvmtg
2026-09-12,Tara Angel’s Magic 9/12/26,https://vvmtg.com/tara-angels-magic-9-12-26/,8,Zach S.,2,2,0,2/2,Manaless Dredge,https://moxfield.com/decks/bdQJ5PnZo0a2SY6_z8NQAQ,paper,vvmtg
2026-09-12,Tara Angel’s Magic 9/12/26,https://vvmtg.com/tara-angels-magic-9-12-26/,9,Martin G.,2,2,0,2/2,The Rack,https://moxfield.com/decks/0S-nRsYyo0uB9BYGFx13Fg,paper,vvmtg
2026-09-12,Tara Angel’s Magic 9/12/26,https://vvmtg.com/tara-angels-magic-9-12-26/,10,Alexis K.,2,2,0,2/2,Medium Boros,https://moxfield.com/decks/plPXDJoiokW4Z_jydopsoA,paper,vvmtg
2026-09-12,Tara Angel’s Magic 9/12/26,https://vvmtg.com/tara-angels-magic-9-12-26/,11,Jae M.,1,1,0,1/1,Burn,https://moxfield.com/decks/o5KgAZLMTHeYl-QsYuu-Rg,paper,vvmtg
2026-09-12,Tara Angel’s Magic 9/12/26,https://vvmtg.com/tara-angels-magic-9-12-26/,12,Matthew L.,1,3,0,1/3,Hogaak Pox,https://moxfield.com/decks/rkG4dzV-00CTdNaUddfUfA,paper,vvmtg
2026-09-12,Tara Angel’s Magic 9/12/26,https://vvmtg.com/tara-angels-magic-9-12-26/,13,Jeffery Van B.,1,3,0,1/3,The Rack,https://moxfield.com/decks/LVFN6R7WmUezu4iNzZ1W3A,paper,vvmtg
2026-09-12,Tara Angel’s Magic 9/12/26,https://vvmtg.com/tara-angels-magic-9-12-26/,14,Laura K.,1,3,0,1/3,WU Spirits,https://moxfield.com/decks/HQprGp-J_EWTIM9SBdGLcg,paper,vvmtg
2026-09-12,Tara Angel’s Magic 9/12/26,https://vvmtg.com/tara-angels-magic-9-12-26/,15,Mark V.,0,4,0,0/4,Darksteel Reactor,https://moxfield.com/decks/d-b806i03EiTnCOofdRytA,paper,vvmtg
2026-09-11,SCGCon Baltimore Friday 2026,https://vvmtg.com/scgcon-baltimore-friday-2026/,2,Cole M.,3,0,0,3-0,Yojimbo Prison,https://moxfield.com/decks/OOB9bv-_7Ue6jDU69WdwgQ,paper,vvmtg
2026-09-11,SCGCon Baltimore Friday 2026,https://vvmtg.com/scgcon-baltimore-friday-2026/,3,Taylor P.,2,1,0,2-1,RW Energy,https://moxfield.com/decks/lz_VZJ-f4kGKsVmJTl2C5w,paper,vvmtg
2026-09-11,SCGCon Baltimore Friday 2026,https://vvmtg.com/scgcon-baltimore-friday-2026/,4,Joe N.,2,1,0,2-1,Infect,https://moxfield.com/decks/4vFNWhm0SUK_8z970qobng,paper,vvmtg
2026-09-11,SCGCon Baltimore Friday 2026,https://vvmtg.com/scgcon-baltimore-friday-2026/,5,Robert B.,2,1,0,2-1,Devoted Druid,https://moxfield.com/decks/5D_OYvA70kyWl_cc-lk75g,paper,vvmtg
2026-09-11,SCGCon Baltimore Friday 2026,https://vvmtg.com/scgcon-baltimore-friday-2026/,6,Roby,2,1,0,2-1,UW Nulldrifter,https://moxfield.com/decks/BGWgActSOn-a5Pgk3NzDOQ,paper,vvmtg
2026-09-11,SCGCon Baltimore Friday 2026,https://vvmtg.com/scgcon-baltimore-friday-2026/,7,Christopher G.,2,1,0,2-1,Temur Energy,https://moxfield.com/decks/QfFa1LHS-kSt6ZTdSsTOUg,paper,vvmtg
2026-09-11,SCGCon Baltimore Friday 2026,https://vvmtg.com/scgcon-baltimore-friday-2026/,8,Thomas M.,2,1,0,2-1,Mono Red Discard,https://moxfield.com/decks/jLvCVKHnvEK8pVvTF7pP-A,paper,vvmtg
2026-09-11,SCGCon Baltimore Friday 2026,https://vvmtg.com/scgcon-baltimore-friday-2026/,9,Morgan B.,1,2,0,1-2,High Tide,https://moxfield.com/decks/Ks2fAa2G4HyWlszXfjW8bQ,paper,vvmtg
2026-09-11,SCGCon Baltimore Friday 2026,https://vvmtg.com/scgcon-baltimore-friday-2026/,10,Shaung W.,1,2,0,1-2,Domain,https://moxfield.com/decks/d4ygARqbwnSfcD34bE17tg,paper,vvmtg
2026-09-11,SCGCon Baltimore Friday 2026,https://vvmtg.com/scgcon-baltimore-friday-2026/,11,Derek R.,1,2,0,1-2,Burn,https://moxfield.com/decks/e_9DsP8wakecLKQOLCyuXA,paper,vvmtg
2026-09-11,SCGCon Baltimore Friday 2026,https://vvmtg.com/scgcon-baltimore-friday-2026/,12,Jeff W.,1,2,0,1-2,RW Converter,https://moxfield.com/decks/0pOGrZpyvEKHWE2jkM3S5g,paper,vvmtg
2026-09-11,SCGCon Baltimore Friday 2026,https://vvmtg.com/scgcon-baltimore-friday-2026/,13,Everett N.,1,2,0,1-2,Pyre Humans,https://moxfield.com/decks/9yoyL62-gUGGo7NQi7pvbA,paper,vvmtg
2026-09-11,SCGCon Baltimore Friday 2026,https://vvmtg.com/scgcon-baltimore-friday-2026/,14,Zachary C.,1,2,0,1-2,Discover Combo,https://moxfield.com/decks/ImiHCpl440eW-GPP4jKTWw,paper,vvmtg
2026-09-11,SCGCon Baltimore Friday 2026,https://vvmtg.com/scgcon-baltimore-friday-2026/,15,Alex S.,0,3,0,0-3,Mardu Converter,https://moxfield.com/decks/6AbqWTHOREWF5yC0PyfSKw,paper,vvmtg
2026-09-10,Thursday MTGO BiWeekly 9/10/26,https://vvmtg.com/thursday-mtgo-biweekly-9-10-26/,1,Jason.jason,3,0,0,3-0,RW Converter,https://moxfield.com/decks/iY2gAU8Nb36B-v8N16H-dw,online,vvmtg
2026-09-10,Thursday MTGO BiWeekly 9/10/26,https://vvmtg.com/thursday-mtgo-biweekly-9-10-26/,2,Wtnautical,2,1,0,2-1,Mono White Midrnage,https://moxfield.com/decks/fY2gAeSkP3uu-fBFlG0q-g,online,vvmtg
2026-09-10,Thursday MTGO BiWeekly 9/10/26,https://vvmtg.com/thursday-mtgo-biweekly-9-10-26/,3,Vacated Drake,2,1,0,2-1,Bant Nulldrifter,https://moxfield.com/decks/HIygAbPow3qWLy2DVmmZrw,online,vvmtg
2026-09-10,Thursday MTGO BiWeekly 9/10/26,https://vvmtg.com/thursday-mtgo-biweekly-9-10-26/,4,Themuller,1,2,0,1-2,Bant Thopter Sword,https://moxfield.com/decks/cI2gATDb3nOf35rR2QPZhA,online,vvmtg
2026-09-10,Thursday MTGO BiWeekly 9/10/26,https://vvmtg.com/thursday-mtgo-biweekly-9-10-26/,5,Ariya,1,2,0,1-2,Mono Black Aggro,https://moxfield.com/decks/Qo2gAZe1THm7AtHuRLEYMw,online,vvmtg
2026-09-10,Thursday MTGO BiWeekly 9/10/26,https://vvmtg.com/thursday-mtgo-biweekly-9-10-26/,6,TicTacTacos,0,3,0,0-3,Delver,https://moxfield.com/decks/z4ygAdPO7nCBbpSnGMCK-Q,online,vvmtg
2026-09-09,MTGO Wednesday Weekly 9/9/26,https://vvmtg.com/mtgo-wednesday-weekly-9-9-26/,1,Doot,4,0,0,4-0,Fluctuator,https://moxfield.com/decks/QIigAbZG6XqDkBPfXsGFnA,paper,vvmtg
2026-09-09,MTGO Wednesday Weekly 9/9/26,https://vvmtg.com/mtgo-wednesday-weekly-9-9-26/,2,Forkpapi,3,1,0,3-1,Black Post,https://moxfield.com/decks/GIigARUW8nKVTOgk7JiM6Q,paper,vvmtg
2026-09-09,MTGO Wednesday Weekly 9/9/26,https://vvmtg.com/mtgo-wednesday-weekly-9-9-26/,3,Secular Sam,3,1,0,3-1,Green Post,https://moxfield.com/decks/XIigAWCK-nmZAGOQ0KNS3Q,paper,vvmtg
2026-09-09,MTGO Wednesday Weekly 9/9/26,https://vvmtg.com/mtgo-wednesday-weekly-9-9-26/,4,Pizzamaw,3,1,0,3-1,Blue Affinity,https://moxfield.com/decks/ZIigASfjHn-mz_4emetONw,paper,vvmtg
2026-09-09,MTGO Wednesday Weekly 9/9/26,https://vvmtg.com/mtgo-wednesday-weekly-9-9-26/,5,Wtnautical,3,1,0,3-1,Mono White Midrange,https://moxfield.com/decks/uYagAaXYWXqw86q_sAO3ag,paper,vvmtg
2026-09-09,MTGO Wednesday Weekly 9/9/26,https://vvmtg.com/mtgo-wednesday-weekly-9-9-26/,6,Arcanium,3,1,0,3-1,Mono Black Initiative,https://moxfield.com/decks/MoigAecmbX69pl9Gz2Gt3g,paper,vvmtg
2026-09-09,MTGO Wednesday Weekly 9/9/26,https://vvmtg.com/mtgo-wednesday-weekly-9-9-26/,7,Jacob M.,2,2,0,2-2,Mono Red Looting,https://moxfield.com/decks/KYigAZxNNXGUNHXuI4KpPA,paper,vvmtg
2026-09-09,MTGO Wednesday Weekly 9/9/26,https://vvmtg.com/mtgo-wednesday-weekly-9-9-26/,8,Plasma,2,2,0,2-2,Sultai Stifle,https://moxfield.com/decks/MYigAY7k23WJM31_md3QpQ,paper,vvmtg
2026-09-09,MTGO Wednesday Weekly 9/9/26,https://vvmtg.com/mtgo-wednesday-weekly-9-9-26/,9,BIGCHEFCOOKEM,2,2,0,2-2,Black White Pixie,https://moxfield.com/decks/Y4igATcfL3W462sgcFzxsA,paper,vvmtg
2026-09-09,MTGO Wednesday Weekly 9/9/26,https://vvmtg.com/mtgo-wednesday-weekly-9-9-26/,10,Sean – GreenGang,2,2,0,2-2,Midrange Breakfast,https://moxfield.com/decks/UoigAd9e7X-axUbRJ-Rwqw,paper,vvmtg
2026-09-09,MTGO Wednesday Weekly 9/9/26,https://vvmtg.com/mtgo-wednesday-weekly-9-9-26/,11,Delgere,2,2,0,2-2,Dimir Enchantments,https://moxfield.com/decks/VIigAaP3532MhSWtijLZ-w,paper,vvmtg
2026-09-09,MTGO Wednesday Weekly 9/9/26,https://vvmtg.com/mtgo-wednesday-weekly-9-9-26/,12,ToadBrews,2,2,0,2-2,Ponza,https://moxfield.com/decks/F4igAdd-lHaMiMr2OTs5Xw,paper,vvmtg
2026-09-09,MTGO Wednesday Weekly 9/9/26,https://vvmtg.com/mtgo-wednesday-weekly-9-9-26/,13,XSDreams,2,2,0,2-2,Rakdos Lurrus,https://moxfield.com/decks/U4igAVpNb3G-k2Hyjl2GmQ,paper,vvmtg
2026-09-09,MTGO Wednesday Weekly 9/9/26,https://vvmtg.com/mtgo-wednesday-weekly-9-9-26/,14,Devfizzle,2,2,0,2-2,Temur Rhinos,https://moxfield.com/decks/B4agAWq84H-HQOqhCcP2Eg,paper,vvmtg
2026-09-09,MTGO Wednesday Weekly 9/9/26,https://vvmtg.com/mtgo-wednesday-weekly-9-9-26/,15,Ariya,1,2,0,1-2,Mono Black Aggro,https://moxfield.com/decks/F4igAS5LCHCmNM8rHBv_WA,paper,vvmtg
2026-09-09,MTGO Wednesday Weekly 9/9/26,https://vvmtg.com/mtgo-wednesday-weekly-9-9-26/,16,Olozaur,1,2,0,1-2,Dimir Control,https://www.moxfield.com/decks/mYegAW75s36VKt1-G87uVA,paper,vvmtg
2026-09-09,MTGO Wednesday Weekly 9/9/26,https://vvmtg.com/mtgo-wednesday-weekly-9-9-26/,17,JasonJason,1,3,0,1-3,Mono Black Annex,https://moxfield.com/decks/MoigAaPiE3K6VtKppkbiWQ,paper,vvmtg
2026-09-09,MTGO Wednesday Weekly 9/9/26,https://vvmtg.com/mtgo-wednesday-weekly-9-9-26/,18,AstroZombie,1,3,0,1-3,Blue Post,https://moxfield.com/decks/QIigAccdKXC-bkEFJ1eENA,paper,vvmtg
2026-09-09,MTGO Wednesday Weekly 9/9/26,https://vvmtg.com/mtgo-wednesday-weekly-9-9-26/,19,Bud1304,0,2,0,0-2,Rakdos Control,https://moxfield.com/decks/X4igAfon4HKkCQVm3-Twmw,paper,vvmtg
2026-09-09,MTGO Wednesday Weekly 9/9/26,https://vvmtg.com/mtgo-wednesday-weekly-9-9-26/,20,Rubycandy,0,4,0,0-4,Rakdos Midrange,https://moxfield.com/decks/HIigAUiBJnmZ2SC1R3tU-A,paper,vvmtg
2026-09-07,August EU Async League 2026,https://vvmtg.com/august-eu-async-league-2026/,1,Sciluap,3,0,0,3-0,RW Converter,https://www.moxfield.com/decks/st2fAWr4lH-8pfeKnmeQKA,online,vvmtg
2026-09-07,August EU Async League 2026,https://vvmtg.com/august-eu-async-league-2026/,2,Olozaur,2,1,0,2-1,Mono Black Asmo Reanimator,https://moxfield.com/decks/IdufAZdy5X6mxktYn1Fjiw,online,vvmtg
2026-09-07,August EU Async League 2026,https://vvmtg.com/august-eu-async-league-2026/,3,cloudy,2,1,0,2-1,Lotus Field Combo,https://moxfield.com/decks/ZvufAVz9E3SI1DNQvFl2Xg,online,vvmtg
2026-09-07,August EU Async League 2026,https://vvmtg.com/august-eu-async-league-2026/,4,TyrantNeptune,2,1,0,2-1,Azorius Nulldrifter Control,https://www.moxfield.com/decks/J9OfAYf_wHmRFJHNi58yXA,online,vvmtg
2026-09-07,August EU Async League 2026,https://vvmtg.com/august-eu-async-league-2026/,5,Felix,1,2,0,1-2,Breakfast Affinity,https://www.moxfield.com/decks/BfifASjFs3upUppvuy6A0g,online,vvmtg
2026-09-07,August EU Async League 2026,https://vvmtg.com/august-eu-async-league-2026/,6,Paul,1,2,0,1-2,Energy Boom,https://www.moxfield.com/decks/LfifAYIbrn6yAqrpHhFHIg,online,vvmtg
2026-09-07,August EU Async League 2026,https://vvmtg.com/august-eu-async-league-2026/,7,CapybaraHelpdeck,1,2,0,1-2,Mono White Vial,https://moxfield.com/decks/i_yfAUHpln2xNGxBtrV3Zg,online,vvmtg
2026-09-07,August EU Async League 2026,https://vvmtg.com/august-eu-async-league-2026/,8,Sarah,0,3,0,0-3,Orzhov Lantern Control,https://moxfield.com/decks/29OfAY0ZMn6tHZHYNrxOXQ,online,vvmtg
2026-09-06,NYC Invitational Value Vintage Open 9/6/26,https://vvmtg.com/nyc-invitational-value-vintage-open-9-6-26/,1,Connor D,7,0,1,7-0-1,Izzet Phoenix,https://moxfield.com/decks/9Mh5RM7Rn06bco_hzxCONg,paper,vvmtg
2026-09-06,NYC Invitational Value Vintage Open 9/6/26,https://vvmtg.com/nyc-invitational-value-vintage-open-9-6-26/,2,Stephen B,6,2,0,6-2,Mono Red Looting,https://moxfield.com/decks/w1K18zqxVUO6mrd2dlfDRw,paper,vvmtg
2026-09-06,NYC Invitational Value Vintage Open 9/6/26,https://vvmtg.com/nyc-invitational-value-vintage-open-9-6-26/,3,Forceofphil,5,1,1,5-1-1,Azorius Lurrus Miracles,https://moxfield.com/decks/iVOp0kl4C0G5rib-u5LWEw,paper,vvmtg
2026-09-06,NYC Invitational Value Vintage Open 9/6/26,https://vvmtg.com/nyc-invitational-value-vintage-open-9-6-26/,4,heanbean,4,3,0,4-3,Mono Red Prowess,https://moxfield.com/decks/R0A1AN3LXUS1JAAmfiVyQA,paper,vvmtg
2026-09-06,NYC Invitational Value Vintage Open 9/6/26,https://vvmtg.com/nyc-invitational-value-vintage-open-9-6-26/,5,glyptodont,3,3,0,3-3,Boros Energy,https://moxfield.com/decks/usSk4KjOg02SV5PO9psRLQ,paper,vvmtg
2026-09-06,NYC Invitational Value Vintage Open 9/6/26,https://vvmtg.com/nyc-invitational-value-vintage-open-9-6-26/,6,Leo D,3,3,0,3-3,The Rack,https://moxfield.com/decks/KdEZ4gDDNECXN5s9TN_-cw,paper,vvmtg
2026-09-06,NYC Invitational Value Vintage Open 9/6/26,https://vvmtg.com/nyc-invitational-value-vintage-open-9-6-26/,7,Sam_lsd,3,3,0,3-3,Boros Energy,https://moxfield.com/decks/NQ1Zk7kRx0-En0c7h8-0kA,paper,vvmtg
2026-09-06,NYC Invitational Value Vintage Open 9/6/26,https://vvmtg.com/nyc-invitational-value-vintage-open-9-6-26/,8,katethered,2,4,0,2-4,Eldrazi Post,https://moxfield.com/decks/0f2-7aelbkGxcG93RHseSQ,paper,vvmtg
2026-09-06,NYC Invitational Value Vintage Open 9/6/26,https://vvmtg.com/nyc-invitational-value-vintage-open-9-6-26/,9,Bryan G,2,2,0,2-2,Temur Rhinos,https://moxfield.com/decks/ml2hbtSVP0a6OcSBDorMHw,paper,vvmtg
2026-09-06,NYC Invitational Value Vintage Open 9/6/26,https://vvmtg.com/nyc-invitational-value-vintage-open-9-6-26/,10,Radmure,1,4,0,1-4,Izzet Phoenix,https://moxfield.com/decks/gdtCyHDeukObqG0ZGwJ_vQ,paper,vvmtg
2026-09-06,NYC Invitational Value Vintage Open 9/6/26,https://vvmtg.com/nyc-invitational-value-vintage-open-9-6-26/,11,zfert,1,4,0,1-4,Mono Blue Mill,https://moxfield.com/decks/1uzhoi2BDUaKaThDVfyX6Q,paper,vvmtg
2026-09-06,NYC Invitational Value Vintage Open 9/6/26,https://vvmtg.com/nyc-invitational-value-vintage-open-9-6-26/,12,addiew,1,2,0,1-2,Eldrazi Post,https://moxfield.com/decks/KkyjLblrqUKgeeOCz78eMQ,paper,vvmtg
2026-09-06,NYC Invitational Value Vintage Open 9/6/26,https://vvmtg.com/nyc-invitational-value-vintage-open-9-6-26/,13,dragonslovetacos,0,4,0,0-4,Jeskai Dragon Control,https://moxfield.com/decks/9AiUJ9ANME-8rzk2td2j_g,paper,vvmtg
2026-09-06,NYC Invitational Value Vintage Open 9/6/26,https://vvmtg.com/nyc-invitational-value-vintage-open-9-6-26/,14,Ben K,0,3,0,0-3,Temur Meria PO Storm,https://moxfield.com/decks/bWlPP1Cbw0SUFE1NrcBjCA,paper,vvmtg
2026-09-06,SCGCon Dallas Sunday 1k 9/6/26,https://vvmtg.com/scgcon-dallas-sunday-1k-9-6-26/,1,Sam g.,6,1,1,6-1-1,Burn,https://moxfield.com/decks/_ykFxSkwqkuw9t6B9Gzrtg,premier,vvmtg
2026-09-06,SCGCon Dallas Sunday 1k 9/6/26,https://vvmtg.com/scgcon-dallas-sunday-1k-9-6-26/,2,zanderz,5,2,1,5-2-1,Infect,https://moxfield.com/decks/3qBQ-mzcUk-U0Dce21HViA,premier,vvmtg
2026-09-06,SCGCon Dallas Sunday 1k 9/6/26,https://vvmtg.com/scgcon-dallas-sunday-1k-9-6-26/,3,Ryan G.,5,1,1,5-1-1,Hogaak Pox,https://moxfield.com/decks/tErhm334HUasQVOSPj6tMQ,premier,vvmtg
2026-09-06,SCGCon Dallas Sunday 1k 9/6/26,https://vvmtg.com/scgcon-dallas-sunday-1k-9-6-26/,4,TJSavage17,5,2,0,5-2,Mono Black Lurrus,https://moxfield.com/decks/krX0eGeq4k-jT9k5-s_3kw,premier,vvmtg
2026-09-06,SCGCon Dallas Sunday 1k 9/6/26,https://vvmtg.com/scgcon-dallas-sunday-1k-9-6-26/,5,mralaskka,3,2,1,3-2-1,RG Tron,https://moxfield.com/decks/U3f3xNEJNkybOQWPDRxVtw,premier,vvmtg
2026-09-06,SCGCon Dallas Sunday 1k 9/6/26,https://vvmtg.com/scgcon-dallas-sunday-1k-9-6-26/,6,yswang84,3,3,0,3-3,Burn,https://moxfield.com/decks/dkqn-MTF4U-iC7-d7FhOKg,premier,vvmtg
2026-09-06,SCGCon Dallas Sunday 1k 9/6/26,https://vvmtg.com/scgcon-dallas-sunday-1k-9-6-26/,7,EriH34,3,3,0,3-3,Doomsday,https://moxfield.com/decks/YhD7Eu8onEm727i20RIFgA,premier,vvmtg
2026-09-06,SCGCon Dallas Sunday 1k 9/6/26,https://vvmtg.com/scgcon-dallas-sunday-1k-9-6-26/,8,Persiden,2,4,0,2-4,Hogaak Pox,https://moxfield.com/decks/PlLWzPho1UKi059iOlUOFg,premier,vvmtg
2026-09-06,SCGCon Dallas Sunday 1k 9/6/26,https://vvmtg.com/scgcon-dallas-sunday-1k-9-6-26/,9,Robert S.,2,3,0,2-3,Mono Black Devotion,https://moxfield.com/decks/olpE71MUkUqwfPmeUilMuw,premier,vvmtg
2026-09-06,SCGCon Dallas Sunday 1k 9/6/26,https://vvmtg.com/scgcon-dallas-sunday-1k-9-6-26/,10,Dahun,2,2,0,2-2,High Tide,https://moxfield.com/decks/6Q5bQEm1CUSVLpp9xVv3AA,premier,vvmtg
2026-09-06,SCGCon Dallas Sunday 1k 9/6/26,https://vvmtg.com/scgcon-dallas-sunday-1k-9-6-26/,11,Garry B.,2,3,0,2-3,Merfolk,https://moxfield.com/decks/k1J4pHydHEubk-A18q8BiQ,premier,vvmtg
2026-09-06,SCGCon Dallas Sunday 1k 9/6/26,https://vvmtg.com/scgcon-dallas-sunday-1k-9-6-26/,12,Speck030,2,3,0,2-3,Esper Pixie,https://moxfield.com/decks/l_7uXrOvWEe181JZ5DKtvA,premier,vvmtg
2026-09-06,SCGCon Dallas Sunday 1k 9/6/26,https://vvmtg.com/scgcon-dallas-sunday-1k-9-6-26/,13,Corey H.,1,2,0,1-2,UR Spellementals,https://moxfield.com/decks/XJt1dN7oXkmZn2PlXNEpQg,premier,vvmtg
2026-09-06,SCGCon Dallas Sunday 1k 9/6/26,https://vvmtg.com/scgcon-dallas-sunday-1k-9-6-26/,14,John K .,1,4,0,1-4,BW D&T,https://moxfield.com/decks/50-ca7Hybk-lWYyqTPfuAQ,premier,vvmtg
2026-09-06,SCGCon Dallas Sunday 1k 9/6/26,https://vvmtg.com/scgcon-dallas-sunday-1k-9-6-26/,15,Casey H.,1,2,0,1-2,Jeskai Converter,https://moxfield.com/decks/rt2f6sK0b0-ICzbjcxYFNg,premier,vvmtg
2026-09-06,SCGCon Dallas Sunday 1k 9/6/26,https://vvmtg.com/scgcon-dallas-sunday-1k-9-6-26/,16,zeklyn,0,3,0,0-3,UW Humans,https://moxfield.com/decks/5nA4IlQCukCrMY9txTIP0A,premier,vvmtg
2026-09-05,Mavericks Mason Bimonthly 9/5/26,https://vvmtg.com/mavericks-mason-bimonthly-9-5-26/,1,Jacob M.,3,0,0,3-0,Affinity,https://moxfield.com/decks/IACgAZYoCneY4JLZTG9xiA,paper,vvmtg
2026-09-05,Mavericks Mason Bimonthly 9/5/26,https://vvmtg.com/mavericks-mason-bimonthly-9-5-26/,2,Everett N.,2,1,0,2-1,High Tide,https://moxfield.com/decks/jnagAdafNX-LETSGuw9c7Q,paper,vvmtg
2026-09-05,Mavericks Mason Bimonthly 9/5/26,https://vvmtg.com/mavericks-mason-bimonthly-9-5-26/,3,Drew R.,2,1,0,2-1,Hollow One,https://moxfield.com/decks/EXEXrVqr9EK4btZrQxn_JA,paper,vvmtg
2026-09-05,Mavericks Mason Bimonthly 9/5/26,https://vvmtg.com/mavericks-mason-bimonthly-9-5-26/,4,Foster D.,1,2,0,1-2,Merfolk,https://moxfield.com/decks/VXKgAZFTA3y7wz6tOtfpIQ,paper,vvmtg
2026-09-05,Mavericks Mason Bimonthly 9/5/26,https://vvmtg.com/mavericks-mason-bimonthly-9-5-26/,5,Roby,1,2,0,1-2,Blue Post,https://moxfield.com/decks/13GgAdrK7Hu02qnXGQaccA,paper,vvmtg
2026-09-02,MTGO Wednesday Weekly 9/2/26,https://vvmtg.com/mtgo-wednesday-weekly-9-2-26/,1,Plasma,4,0,0,4-0,Gruul Initiative,https://moxfield.com/decks/TGSgAdffdXa3qHhykDFyzg,online,vvmtg
2026-09-02,MTGO Wednesday Weekly 9/2/26,https://vvmtg.com/mtgo-wednesday-weekly-9-2-26/,2,Forkpapi,3,1,0,3-1,Green White Initiative,https://moxfield.com/decks/MWSgAR-hNn-kC8RF5XVkJQ,online,vvmtg
2026-09-02,MTGO Wednesday Weekly 9/2/26,https://vvmtg.com/mtgo-wednesday-weekly-9-2-26/,3,Prince Roo,3,1,0,3-1,Blue Post,https://moxfield.com/decks/TmSgAb-0_X6VdQbj2nPZFg,online,vvmtg
2026-09-02,MTGO Wednesday Weekly 9/2/26,https://vvmtg.com/mtgo-wednesday-weekly-9-2-26/,4,Sean – GreenGang,3,1,0,3-1,Midrange Breakfast,https://moxfield.com/decks/T2SgAcOre32nB-Wx2Ux-rA,online,vvmtg
2026-09-02,MTGO Wednesday Weekly 9/2/26,https://vvmtg.com/mtgo-wednesday-weekly-9-2-26/,5,VacatedDrake,3,1,0,3-1,Azorius Control,https://moxfield.com/decks/N2SgAa9KbXmX6oBps_96dg,online,vvmtg
2026-09-02,MTGO Wednesday Weekly 9/2/26,https://vvmtg.com/mtgo-wednesday-weekly-9-2-26/,6,Haidle,2,2,0,2-2,Mono Blue Dredge,https://moxfield.com/decks/R2SgAbU9JH-kJoYlUj314g,online,vvmtg
2026-09-02,MTGO Wednesday Weekly 9/2/26,https://vvmtg.com/mtgo-wednesday-weekly-9-2-26/,7,Arcanium,2,2,0,2-2,Sultai Food,https://moxfield.com/decks/e2OgAchjOnS2kwsclRaUjQ,online,vvmtg
2026-09-02,MTGO Wednesday Weekly 9/2/26,https://vvmtg.com/mtgo-wednesday-weekly-9-2-26/,8,ServoToken,2,2,0,2-2,Blue Post,https://moxfield.com/decks/Q2SgAb0qLXKS1tlLPLqVlA,online,vvmtg
2026-09-02,MTGO Wednesday Weekly 9/2/26,https://vvmtg.com/mtgo-wednesday-weekly-9-2-26/,9,Secular Sam,2,2,0,2-2,Green Post,https://moxfield.com/decks/Q2SgAQaIMnqS1vhz-T-rzA,online,vvmtg
2026-09-02,MTGO Wednesday Weekly 9/2/26,https://vvmtg.com/mtgo-wednesday-weekly-9-2-26/,10,Nicros,2,2,0,2-2,Blue Affinity Breakfast,https://moxfield.com/decks/8WOgAVyb3nKO2qjqEGMuAw,online,vvmtg
2026-09-02,MTGO Wednesday Weekly 9/2/26,https://vvmtg.com/mtgo-wednesday-weekly-9-2-26/,11,ToadBrews,2,2,0,2-2,Gitrog Combo,https://moxfield.com/decks/6mOgATuBFnW43HJzMjLy5g,online,vvmtg
2026-09-02,MTGO Wednesday Weekly 9/2/26,https://vvmtg.com/mtgo-wednesday-weekly-9-2-26/,12,Doot,2,2,0,2-2,Simic Oath,https://moxfield.com/decks/RGSgAQ4E5n-Iv9j15sR-3g,online,vvmtg
2026-09-02,MTGO Wednesday Weekly 9/2/26,https://vvmtg.com/mtgo-wednesday-weekly-9-2-26/,13,XSDreams,1,3,0,1-3,Rakdos Lurrus,https://moxfield.com/decks/gGKgAeXVB3GytSUHjdm-UQ,online,vvmtg
2026-09-02,MTGO Wednesday Weekly 9/2/26,https://vvmtg.com/mtgo-wednesday-weekly-9-2-26/,14,Incidentall,0,2,0,0-2,High Tide,https://moxfield.com/decks/wGOgAfEolnCdfEmdr2fz2Q,online,vvmtg
2026-09-02,MTGO Wednesday Weekly 9/2/26,https://vvmtg.com/mtgo-wednesday-weekly-9-2-26/,15,TheOneTman,0,4,0,0-4,Dimir Nightmare,https://moxfield.com/decks/U2SgAfE4dHuphQ8eUe1a9g,online,vvmtg
2026-09-02,MTGO Wednesday Weekly 9/2/26,https://vvmtg.com/mtgo-wednesday-weekly-9-2-26/,16,Bud1304,0,2,0,0-2,Boros Control,https://moxfield.com/decks/LGSgAU-lGHireQJwCFQAhg,online,vvmtg
2026-09-02,MTGO Wednesday Weekly 9/2/26,https://vvmtg.com/mtgo-wednesday-weekly-9-2-26/,17,Zonink,0,1,0,0-1,Blue White Spirits,https://moxfield.com/decks/NWSgAfj0SX2PWfYLMcVTVQ,online,vvmtg
2026-09-01,Watchtower Games Monthly,https://vvmtg.com/watchtower-games-monthly/,1,Burn,2,0,0,2-0,Burn,https://moxfield.com/decks/tj6gAfcS9Hej_MkL0rbQtQ,paper,vvmtg
2026-09-01,Watchtower Games Monthly,https://vvmtg.com/watchtower-games-monthly/,2,Energy Boom,2,0,0,2-0,Energy Boom,https://moxfield.com/decks/tz6gAe56aHGtes4DXmXLsw,paper,vvmtg
2026-09-01,Watchtower Games Monthly,https://vvmtg.com/watchtower-games-monthly/,3,Show and Tell,1,1,0,1-1,Show and Tell,https://moxfield.com/decks/tj6gAdnAY3yQ5jlGzF1Uog,paper,vvmtg
2026-09-01,Watchtower Games Monthly,https://vvmtg.com/watchtower-games-monthly/,4,Deaths Shadow,1,1,0,1-1,Deaths Shadow,https://moxfield.com/decks/tj6gAd1dQXa9OEL2Zmn8-Q,paper,vvmtg
2026-09-01,Watchtower Games Monthly,https://vvmtg.com/watchtower-games-monthly/,5,Cycle Storm,1,1,0,1-1,Cycle Storm,https://moxfield.com/decks/tz6gAYcJ4HyqYuDacZIc2A,paper,vvmtg
2026-09-01,Watchtower Games Monthly,https://vvmtg.com/watchtower-games-monthly/,6,Eldrazi Aggro,1,1,0,1-1,Eldrazi Aggro,https://moxfield.com/decks/uD6gARBggXWuGDGdqaluRQ,paper,vvmtg
2026-09-01,Watchtower Games Monthly,https://vvmtg.com/watchtower-games-monthly/,7,Blue Post,0,2,0,0-2,Blue Post,https://moxfield.com/decks/tT6gASTFO3GeeVuS2WTNaw,paper,vvmtg
2026-08-29,8/29/26 Tara Angel’s Magic,https://vvmtg.com/8-29-26-tara-angels-magic/,1,Brett B.,3,1,0,3/1,Lurrus Humans,https://moxfield.com/decks/W9GeAayNonWpN8Y9SyFC3w,paper,vvmtg
2026-08-29,8/29/26 Tara Angel’s Magic,https://vvmtg.com/8-29-26-tara-angels-magic/,2,Christian W.,3,1,0,3/1,Manabond,https://moxfield.com/decks/DfjgHzJuNEyallRAsWO1LA,paper,vvmtg
2026-08-29,8/29/26 Tara Angel’s Magic,https://vvmtg.com/8-29-26-tara-angels-magic/,3,Alexis K.,3,1,0,3/1,Medium Boros,https://moxfield.com/decks/plPXDJoiokW4Z_jydopsoA,paper,vvmtg
2026-08-29,8/29/26 Tara Angel’s Magic,https://vvmtg.com/8-29-26-tara-angels-magic/,4,Josh T.,3,1,0,3/1,Yojimbo Prison,https://moxfield.com/decks/j-aeAfqwOH6U_HkXLCTIkw,paper,vvmtg
2026-08-29,8/29/26 Tara Angel’s Magic,https://vvmtg.com/8-29-26-tara-angels-magic/,5,Logan G.,2,2,0,2/2,Doomsday,https://moxfield.com/decks/FqjdLdAkf0OkgyHya1_fXQ,paper,vvmtg
2026-08-29,8/29/26 Tara Angel’s Magic,https://vvmtg.com/8-29-26-tara-angels-magic/,6,Christine M.,2,2,0,2/2,Rakdos Energy,https://moxfield.com/decks/DvifAYYoxXOc7qaQjHA67g,paper,vvmtg
2026-08-29,8/29/26 Tara Angel’s Magic,https://vvmtg.com/8-29-26-tara-angels-magic/,7,Zach S.,2,2,0,2/2,Manaless Dredge,https://moxfield.com/decks/bdQJ5PnZo0a2SY6_z8NQAQ,paper,vvmtg
2026-08-29,8/29/26 Tara Angel’s Magic,https://vvmtg.com/8-29-26-tara-angels-magic/,8,Samuel L.,1,2,1,1/2/1,Primal Prayers,https://moxfield.com/decks/kcEEtqjn2E6xa2_rvCEBCQ,paper,vvmtg
2026-08-29,8/29/26 Tara Angel’s Magic,https://vvmtg.com/8-29-26-tara-angels-magic/,9,Joseph S.,1,2,0,1/2,Martyr,https://moxfield.com/decks/viRFn57WMkG0DA1135BU7g,paper,vvmtg
2026-08-29,8/29/26 Tara Angel’s Magic,https://vvmtg.com/8-29-26-tara-angels-magic/,10,Martin G.,1,3,0,1/3,Gruul Ramp,https://moxfield.com/decks/3cA5DHWVsky5iVsXzfy2lg,paper,vvmtg
2026-08-29,8/29/26 Tara Angel’s Magic,https://vvmtg.com/8-29-26-tara-angels-magic/,11,Mark V.,0,3,1,0/3/1,Eldrazi Post,https://moxfield.com/decks/kWKfASLuUHelHORnhSe6IA,paper,vvmtg
2026-08-27,Thursday MTGO Biweekly 8/27/26,https://vvmtg.com/thursday-mtgo-biweekly-8-27-26/,1,Ariya,4,0,0,4-0,Mono Black Devotion,https://moxfield.com/decks/aEWgAWD3zHCZp_UGARqkhA,online,vvmtg
2026-08-27,Thursday MTGO Biweekly 8/27/26,https://vvmtg.com/thursday-mtgo-biweekly-8-27-26/,2,ForkPapi,3,1,0,3-1,RW Legends,https://moxfield.com/decks/XkWgAf5tk3CZGc4rU9Skbw,online,vvmtg
2026-08-27,Thursday MTGO Biweekly 8/27/26,https://vvmtg.com/thursday-mtgo-biweekly-8-27-26/,3,JasonJason,3,1,0,3-1,RG Cascade,https://moxfield.com/decks/WkWgAWezuX-nDpOQL-7B-A,online,vvmtg
2026-08-27,Thursday MTGO Biweekly 8/27/26,https://vvmtg.com/thursday-mtgo-biweekly-8-27-26/,4,Plasma,3,1,0,3-1,Cephalid Breakfast,https://moxfield.com/decks/UUWgAU0JpHyVkB9OO1OrOg,online,vvmtg
2026-08-27,Thursday MTGO Biweekly 8/27/26,https://vvmtg.com/thursday-mtgo-biweekly-8-27-26/,5,Pox Fanatic,2,2,0,2-2,UW Flash,https://moxfield.com/decks/LEWgAf36Z3ma91TC4-1B8Q,online,vvmtg
2026-08-27,Thursday MTGO Biweekly 8/27/26,https://vvmtg.com/thursday-mtgo-biweekly-8-27-26/,6,ToadBrews,2,2,0,2-2,GB Annex,https://moxfield.com/decks/IkWgAaV_E3a_oDckjED14g,online,vvmtg
2026-08-27,Thursday MTGO Biweekly 8/27/26,https://vvmtg.com/thursday-mtgo-biweekly-8-27-26/,7,whiskey_fool,2,2,0,2-2,Goblins,https://moxfield.com/decks/XkWgARqu5XWLAyx90unLlQ,online,vvmtg
2026-08-27,Thursday MTGO Biweekly 8/27/26,https://vvmtg.com/thursday-mtgo-biweekly-8-27-26/,8,Olozaur,2,2,0,2-2,Mono Green Landfall,https://moxfield.com/decks/X0WgAdpuE3eZ6tMWMoOj4w,online,vvmtg
2026-08-27,Thursday MTGO Biweekly 8/27/26,https://vvmtg.com/thursday-mtgo-biweekly-8-27-26/,9,Jacob M.,1,3,0,1-3,Mono Black Aggro,https://moxfield.com/decks/R0WgAQp7Gn-pZg8FzbJ3GA,online,vvmtg
2026-08-27,Thursday MTGO Biweekly 8/27/26,https://vvmtg.com/thursday-mtgo-biweekly-8-27-26/,10,themuller,0,2,0,0-2,Sultai Thopter Sword,https://moxfield.com/decks/CUWgAU-IxXiGyJ8uiFuAgA,online,vvmtg
2026-08-27,Thursday MTGO Biweekly 8/27/26,https://vvmtg.com/thursday-mtgo-biweekly-8-27-26/,11,Roby,0,4,0,0-4,Goblins,https://moxfield.com/decks/W0WgAUK1HH6QgKJ1SnY7SQ,online,vvmtg
2026-08-26,Wednesday MTGO Weekly 8/26/26,https://vvmtg.com/wednesday-mtgo-weekly-8-26-26/,1,OrzhovPixie,4,0,0,4-0,Doom Foretold,https://moxfield.com/decks/R0CgAdp7-nqYIj683dA9Ug,online,vvmtg
2026-08-26,Wednesday MTGO Weekly 8/26/26,https://vvmtg.com/wednesday-mtgo-weekly-8-26-26/,2,Secular Sam,3,1,0,3-1,Eldrazi Post,https://moxfield.com/decks/Q0CgAUiU2Hq-XNXNini5-A,online,vvmtg
2026-08-26,Wednesday MTGO Weekly 8/26/26,https://vvmtg.com/wednesday-mtgo-weekly-8-26-26/,3,BigChefCookEm,3,1,0,3-1,5c Niv to Light,https://moxfield.com/decks/OECgAYq1u32QmU_URXdYTA,online,vvmtg
2026-08-26,Wednesday MTGO Weekly 8/26/26,https://vvmtg.com/wednesday-mtgo-weekly-8-26-26/,4,Pox Fanatic,3,1,0,3-1,UB Enchantments,https://moxfield.com/decks/TUCgAdmd9HmUT_RiXgq5XQ,online,vvmtg
2026-08-26,Wednesday MTGO Weekly 8/26/26,https://vvmtg.com/wednesday-mtgo-weekly-8-26-26/,5,Forkpapi,3,1,0,3-1,UR Looting,https://moxfield.com/decks/EUCgASlJ2XKXn3-kgLBoLQ,online,vvmtg
2026-08-26,Wednesday MTGO Weekly 8/26/26,https://vvmtg.com/wednesday-mtgo-weekly-8-26-26/,6,Wtnautical,3,1,0,3-1,Mono White Midrange,https://moxfield.com/decks/zz6gAbEZXHiC-F3ZLMhr6w,online,vvmtg
2026-08-26,Wednesday MTGO Weekly 8/26/26,https://vvmtg.com/wednesday-mtgo-weekly-8-26-26/,7,Incidentall,2,1,0,2-1,High Tide,https://moxfield.com/decks/P0CgAWmqL36btamZKuJS9A,online,vvmtg
2026-08-26,Wednesday MTGO Weekly 8/26/26,https://vvmtg.com/wednesday-mtgo-weekly-8-26-26/,8,whiskey_fool,2,2,0,2-2,Goblins,https://moxfield.com/decks/MUCgAY1rnXGm3TfQtd6g3g,online,vvmtg
2026-08-26,Wednesday MTGO Weekly 8/26/26,https://vvmtg.com/wednesday-mtgo-weekly-8-26-26/,9,Arcanium,2,2,0,2-2,Jeskai Legends,https://moxfield.com/decks/CECgAYR-VXqGza2YIbjK1A,online,vvmtg
2026-08-26,Wednesday MTGO Weekly 8/26/26,https://vvmtg.com/wednesday-mtgo-weekly-8-26-26/,10,Rob D.,2,2,0,2-2,Rack,https://moxfield.com/decks/BUCgAVPr-36Q6wC5pBifpg,online,vvmtg
2026-08-26,Wednesday MTGO Weekly 8/26/26,https://vvmtg.com/wednesday-mtgo-weekly-8-26-26/,11,EMoore117,2,2,0,2-2,RDW,https://moxfield.com/decks/N0CgAePfHHOJHCpBuLXihw,online,vvmtg
2026-08-26,Wednesday MTGO Weekly 8/26/26,https://vvmtg.com/wednesday-mtgo-weekly-8-26-26/,12,Gaiametris,1,3,0,1-3,Blue Post,https://moxfield.com/decks/JECgAfTLFXGEWIJ8SEMUYA,online,vvmtg
2026-08-26,Wednesday MTGO Weekly 8/26/26,https://vvmtg.com/wednesday-mtgo-weekly-8-26-26/,13,Blackviper,1,3,0,1-3,Reanimator,https://moxfield.com/decks/R0CgAZs4zXueOL5wDXmd0w,online,vvmtg
2026-08-26,Wednesday MTGO Weekly 8/26/26,https://vvmtg.com/wednesday-mtgo-weekly-8-26-26/,14,Sequenced,1,1,0,1-1,Pox,https://moxfield.com/decks/LECgAU-J4XOVMvJ9TNwAFw,online,vvmtg
2026-08-26,Wednesday MTGO Weekly 8/26/26,https://vvmtg.com/wednesday-mtgo-weekly-8-26-26/,15,Zonink,1,3,0,1-3,Oath of Druids,https://moxfield.com/decks/RkCgAY5db3SV-N6_FHOoow,online,vvmtg
2026-08-26,Wednesday MTGO Weekly 8/26/26,https://vvmtg.com/wednesday-mtgo-weekly-8-26-26/,16,Devfizzle,1,3,0,1-3,High Alert,https://moxfield.com/decks/sj6gAY1UfX64n1nO63OZUg,online,vvmtg
2026-08-26,Wednesday MTGO Weekly 8/26/26,https://vvmtg.com/wednesday-mtgo-weekly-8-26-26/,17,ravensfanaustin,1,2,0,1-2,Fleshraker Post,https://moxfield.com/decks/_j-gAX3SWnSS2jPLBzIK0w,online,vvmtg
2026-08-26,Wednesday MTGO Weekly 8/26/26,https://vvmtg.com/wednesday-mtgo-weekly-8-26-26/,18,Ariya,0,1,0,0-1,Mono Blue Terror,https://moxfield.com/decks/TECgAZa2cXuK2CUKObkTxA,online,vvmtg
2026-08-26,Wednesday MTGO Weekly 8/26/26,https://vvmtg.com/wednesday-mtgo-weekly-8-26-26/,19,ToadBrews,0,3,0,0-3,Grixis Mishra Tinker,https://moxfield.com/decks/5D-gAYvx8nWXVCR4CmZQVg,online,vvmtg
2026-08-23,Sunday Weekly MTGO 8/23/26,https://vvmtg.com/sunday-weekly-mtgo-8-23-26/,1,Jacob L.,4,0,0,4-0,GW Midrange,https://moxfield.com/decks/Qy-gAbbwxnuu2HHzyzOCzw,online,vvmtg
2026-08-23,Sunday Weekly MTGO 8/23/26,https://vvmtg.com/sunday-weekly-mtgo-8-23-26/,2,Sean,3,1,0,3-1,Cephalid Breakfast,https://moxfield.com/decks/Ui-gASiC9XqkMEzXse0T4w,online,vvmtg
2026-08-23,Sunday Weekly MTGO 8/23/26,https://vvmtg.com/sunday-weekly-mtgo-8-23-26/,3,ServoToken,3,1,0,3-1,Pyre Humans,https://moxfield.com/decks/Ky-gAafgeHO2i8dIU1mBSw,online,vvmtg
2026-08-23,Sunday Weekly MTGO 8/23/26,https://vvmtg.com/sunday-weekly-mtgo-8-23-26/,4,Secular Sam,3,1,0,3-1,Creative Technique,https://moxfield.com/decks/VC-gATSuwHu52-9dZ0hkDw,online,vvmtg
2026-08-23,Sunday Weekly MTGO 8/23/26,https://vvmtg.com/sunday-weekly-mtgo-8-23-26/,5,cloudy,2,2,0,2-2,High Tide,https://moxfield.com/decks/Ky-gAcbCMHGhG6_5mnrp1g,online,vvmtg
2026-08-23,Sunday Weekly MTGO 8/23/26,https://vvmtg.com/sunday-weekly-mtgo-8-23-26/,6,korbyn,2,2,0,2-2,Burn,https://moxfield.com/decks/Qi-gAWS1v3OIawfBfmqOIw,online,vvmtg
2026-08-23,Sunday Weekly MTGO 8/23/26,https://vvmtg.com/sunday-weekly-mtgo-8-23-26/,7,blackviper,2,2,0,2-2,Eldrazi Post,https://moxfield.com/decks/Pi-gAXFkhHaod5bdWLxXaw,online,vvmtg
2026-08-23,Sunday Weekly MTGO 8/23/26,https://vvmtg.com/sunday-weekly-mtgo-8-23-26/,8,Doot,2,2,0,2-2,Fluctuator,https://moxfield.com/decks/Ry-gAZa3N3mCkPlxGwMSXQ,online,vvmtg
2026-08-23,Sunday Weekly MTGO 8/23/26,https://vvmtg.com/sunday-weekly-mtgo-8-23-26/,9,Sequenced,2,2,0,2-2,Rack,https://moxfield.com/decks/KS-gAYL1aHmSTEHxcBoyfQ,online,vvmtg
2026-08-23,Sunday Weekly MTGO 8/23/26,https://vvmtg.com/sunday-weekly-mtgo-8-23-26/,10,Jacob M.,2,2,0,2-2,Momo D&T,https://moxfield.com/decks/Ki-gAV8xc3OeHahZTVZw-Q,online,vvmtg
2026-08-23,Sunday Weekly MTGO 8/23/26,https://vvmtg.com/sunday-weekly-mtgo-8-23-26/,11,Vacated Drake,1,2,0,1-2,Bant Nulldrifter Control,https://moxfield.com/decks/9S6gAfDYKXWEPTR7Uvw9qQ,online,vvmtg
2026-08-23,Sunday Weekly MTGO 8/23/26,https://vvmtg.com/sunday-weekly-mtgo-8-23-26/,12,Haidle,1,3,0,1-3,Enchantress,https://moxfield.com/decks/XC-gATmTSXq343p6VYRtjA,online,vvmtg
2026-08-23,Sunday Weekly MTGO 8/23/26,https://vvmtg.com/sunday-weekly-mtgo-8-23-26/,13,MoonTimeDweller,1,3,0,1-3,Belcher,https://moxfield.com/decks/GS-gAV9Mb3OveqMVEecd4A,online,vvmtg
2026-08-23,Sunday Weekly MTGO 8/23/26,https://vvmtg.com/sunday-weekly-mtgo-8-23-26/,14,EMoore117,0,4,0,0-4,RB Skelemental,https://moxfield.com/decks/Mi-gAdxuyXuspoWzkfclVg,online,vvmtg
2026-08-19,Webcam Thursday BiWeekly 8/19/26,https://vvmtg.com/webcam-thursday-biweekly-8-19-26/,1,Duncan,2,0,0,2-0,Hollow One,https://moxfield.com/decks/USGgAZDz9nGgE3Vwg60gMQ,online,vvmtg
2026-08-19,Webcam Thursday BiWeekly 8/19/26,https://vvmtg.com/webcam-thursday-biweekly-8-19-26/,2,ravensfanaustin,2,1,0,2-1,Goblin Storm,https://moxfield.com/decks/VSCgAQKe63WQOZujZHplYA,online,vvmtg
2026-08-19,Webcam Thursday BiWeekly 8/19/26,https://vvmtg.com/webcam-thursday-biweekly-8-19-26/,3,Haidle,2,1,0,2-1,Lich’s Mirror,https://moxfield.com/decks/ZyGgAVJnkXGy8OXqgiCq1Q,online,vvmtg
2026-08-19,Webcam Thursday BiWeekly 8/19/26,https://vvmtg.com/webcam-thursday-biweekly-8-19-26/,4,Foster,2,1,0,2-1,Meria Storm,https://moxfield.com/decks/4h-gAZMPuHaDT5iD9E-d_w,online,vvmtg
2026-08-19,Webcam Thursday BiWeekly 8/19/26,https://vvmtg.com/webcam-thursday-biweekly-8-19-26/,5,Yenshin,1,2,0,1-2,RDW,https://moxfield.com/decks/YiGgAXOpuHGM2Zgn77jLEQ,online,vvmtg
2026-08-19,Webcam Thursday BiWeekly 8/19/26,https://vvmtg.com/webcam-thursday-biweekly-8-19-26/,6,forkpapi,0,3,0,0-3,Allies,https://moxfield.com/decks/iR-gAbdL4XaYdRpQ6dRyAQ,online,vvmtg
2026-08-16,MTGO Wednesday Weekly 8-12-26,https://vvmtg.com/mtgo-wednesday-weekly-8-12-26/,1,Incidental,4,0,0,4-0,High Tide,https://moxfield.com/decks/f_efAfUA4nWG9RcS_P706Q,online,vvmtg
2026-08-16,MTGO Wednesday Weekly 8-12-26,https://vvmtg.com/mtgo-wednesday-weekly-8-12-26/,2,Austin,3,1,0,3-1,Goblins,https://moxfield.com/decks/6PefAVj7aX-St2RaM_uTyw,online,vvmtg
2026-08-16,MTGO Wednesday Weekly 8-12-26,https://vvmtg.com/mtgo-wednesday-weekly-8-12-26/,3,Brad,3,1,0,3-1,Rakdos Scam,https://moxfield.com/decks/IPifATLe4HK3EazvcvO_Pw,online,vvmtg
2026-08-16,MTGO Wednesday Weekly 8-12-26,https://vvmtg.com/mtgo-wednesday-weekly-8-12-26/,4,SecularSam,3,1,0,3-1,Eldrazi Post,https://moxfield.com/decks/KvifAfqbZHWd-pkbAYhDNw,online,vvmtg
2026-08-16,MTGO Wednesday Weekly 8-12-26,https://vvmtg.com/mtgo-wednesday-weekly-8-12-26/,5,Ryan,3,1,0,3-1,Blue Phoenix,https://moxfield.com/decks/MPifAbRJW3qeMz5CGCtuyA,online,vvmtg
2026-08-16,MTGO Wednesday Weekly 8-12-26,https://vvmtg.com/mtgo-wednesday-weekly-8-12-26/,6,JasonJason,3,1,0,3-1,Yard Sale,https://moxfield.com/decks/qvafAbHdDnaSq_gqKOqkbw,online,vvmtg
2026-08-16,MTGO Wednesday Weekly 8-12-26,https://vvmtg.com/mtgo-wednesday-weekly-8-12-26/,7,Forkpapi,3,1,0,3-1,Jeskai Legends,https://moxfield.com/decks/M_ifAZaSBX-U2LKswrh9Xw,online,vvmtg
2026-08-16,MTGO Wednesday Weekly 8-12-26,https://vvmtg.com/mtgo-wednesday-weekly-8-12-26/,8,Haidle,2,2,0,2-2,Pyre Humans,https://moxfield.com/decks/GfifAQ0obHO-mP0LOq7T-g,online,vvmtg
2026-08-16,MTGO Wednesday Weekly 8-12-26,https://vvmtg.com/mtgo-wednesday-weekly-8-12-26/,9,Wtnautical,2,2,0,2-2,Mono White Restoration of Eiganjo,https://moxfield.com/decks/B_ifAdh_lXyBpDkfmB2pCQ,online,vvmtg
2026-08-16,MTGO Wednesday Weekly 8-12-26,https://vvmtg.com/mtgo-wednesday-weekly-8-12-26/,10,Emoore,2,2,0,2-2,Temur Ensoul,https://moxfield.com/decks/J_ifAQZcrnipA2BVh9fRIw,online,vvmtg
2026-08-16,MTGO Wednesday Weekly 8-12-26,https://vvmtg.com/mtgo-wednesday-weekly-8-12-26/,11,Devfizzle,2,2,0,2-2,Mono Black Shadow,https://moxfield.com/decks/RvefAWaljXSIxfJPIkGZKg,online,vvmtg
2026-08-16,MTGO Wednesday Weekly 8-12-26,https://vvmtg.com/mtgo-wednesday-weekly-8-12-26/,12,Servotoken,2,2,0,2-2,Izzet Lessons,https://moxfield.com/decks/MvifAdpCknK-DqftnibEXw,online,vvmtg
2026-08-16,MTGO Wednesday Weekly 8-12-26,https://vvmtg.com/mtgo-wednesday-weekly-8-12-26/,13,Plasma,2,2,0,2-2,Gideon Prison,https://moxfield.com/decks/G_ifAVqf0Hu5UJ2jsbfIMw,online,vvmtg
2026-08-16,MTGO Wednesday Weekly 8-12-26,https://vvmtg.com/mtgo-wednesday-weekly-8-12-26/,14,Blackviper,1,3,0,1-3,Golgari Cosmogoyf,https://moxfield.com/decks/J_ifAeX6vnKXyqFL2OCV8w,online,vvmtg
2026-08-16,MTGO Wednesday Weekly 8-12-26,https://vvmtg.com/mtgo-wednesday-weekly-8-12-26/,15,Everett,1,3,0,1-3,High Tide,https://moxfield.com/decks/7vefAduG4Xq0StKiklLWMw,online,vvmtg
2026-08-16,MTGO Wednesday Weekly 8-12-26,https://vvmtg.com/mtgo-wednesday-weekly-8-12-26/,16,Olozaur,1,3,0,1-3,Rakdos Maestro Combo,https://moxfield.com/decks/8fefAQSwiH-E5lWJ69oyTA,online,vvmtg
2026-08-16,MTGO Wednesday Weekly 8-12-26,https://vvmtg.com/mtgo-wednesday-weekly-8-12-26/,17,Toadbrews,1,3,0,1-3,Mono Blue Spider Nest,https://moxfield.com/decks/3vefASp2BnKj8P295fuRZg,online,vvmtg
2026-08-16,MTGO Wednesday Weekly 8-12-26,https://vvmtg.com/mtgo-wednesday-weekly-8-12-26/,18,Korbyn,1,3,0,1-3,Rakdos Ares Initiative,https://moxfield.com/decks/6PefAV1gB3Sx_ANNMIBOOw,online,vvmtg
2026-08-16,MTGO Wednesday Weekly 8-12-26,https://vvmtg.com/mtgo-wednesday-weekly-8-12-26/,19,Arcanium,0,4,0,0-4,Abzan Blink,https://moxfield.com/decks/DPifAVTn_3i7srXpiwAJNw,online,vvmtg
2026-08-16,MTGO Wednesday Weekly 8-12-26,https://vvmtg.com/mtgo-wednesday-weekly-8-12-26/,20,,0,4,0,0-4,Pizzamaw UW Slivers Control,https://moxfield.com/decks/M_ifARvmDHOB7EODUieCUQ,online,vvmtg
2026-08-16,Sunday Weekly MTGO 8/16/26,https://vvmtg.com/sunday-weekly-mtgo-8-16-26/,1,JasonJason,4,0,0,4-0,Boros Converter,https://moxfield.com/decks/PAugAZaUNHOos09p7ZwYjw,online,vvmtg
2026-08-16,Sunday Weekly MTGO 8/16/26,https://vvmtg.com/sunday-weekly-mtgo-8-16-26/,2,forkpapi,3,1,0,3-1,Gruul Equipment,https://moxfield.com/decks/TgugAdZBo3yfgxhlLggyiA,online,vvmtg
2026-08-16,Sunday Weekly MTGO 8/16/26,https://vvmtg.com/sunday-weekly-mtgo-8-16-26/,3,West,3,1,0,3-1,Mono Green Midrange,https://moxfield.com/decks/SAugAXSW4HqiofzmguiR-A,online,vvmtg
2026-08-16,Sunday Weekly MTGO 8/16/26,https://vvmtg.com/sunday-weekly-mtgo-8-16-26/,4,Secular Sam,3,1,0,3-1,Eldrazi Post,https://moxfield.com/decks/eAqgAWXJ_3ObuIcpJ0zvjg,online,vvmtg
2026-08-16,Sunday Weekly MTGO 8/16/26,https://vvmtg.com/sunday-weekly-mtgo-8-16-26/,5,Ryan G,3,1,0,3-1,Hogaak Pox,https://moxfield.com/decks/SgugAR-7E3eUOsJIsohOUQ,online,vvmtg
2026-08-16,Sunday Weekly MTGO 8/16/26,https://vvmtg.com/sunday-weekly-mtgo-8-16-26/,6,Haidle,3,1,0,3-1,Rack,https://moxfield.com/decks/SwugAXPyZnyyynrZGa266w,online,vvmtg
2026-08-16,Sunday Weekly MTGO 8/16/26,https://vvmtg.com/sunday-weekly-mtgo-8-16-26/,7,Sam,2,2,0,2-2,Golgari Initiative,https://moxfield.com/decks/UwugAYuY032KXbvJCUDGoA,online,vvmtg
2026-08-16,Sunday Weekly MTGO 8/16/26,https://vvmtg.com/sunday-weekly-mtgo-8-16-26/,8,Doot,2,2,0,2-2,Goblins Storm,https://moxfield.com/decks/UAugAdSs_nipXFCAPr0p1Q,online,vvmtg
2026-08-16,Sunday Weekly MTGO 8/16/26,https://vvmtg.com/sunday-weekly-mtgo-8-16-26/,9,olozuar,2,2,0,2-2,UW Vial,https://moxfield.com/decks/PAugAZzUT3efPls50AdMzQ,online,vvmtg
2026-08-16,Sunday Weekly MTGO 8/16/26,https://vvmtg.com/sunday-weekly-mtgo-8-16-26/,10,Sean,2,2,0,2-2,Undermountain Breakfast,https://moxfield.com/decks/TwugAYHweXSpdxs_G86wqg,online,vvmtg
2026-08-16,Sunday Weekly MTGO 8/16/26,https://vvmtg.com/sunday-weekly-mtgo-8-16-26/,11,BadZelda32,2,2,0,2-2,Manabond,https://moxfield.com/decks/1QqgAS1wHn2lHrT5pC5AoA,online,vvmtg
2026-08-16,Sunday Weekly MTGO 8/16/26,https://vvmtg.com/sunday-weekly-mtgo-8-16-26/,12,korbyn,2,2,0,2-2,Burn,https://moxfield.com/decks/KgugAe3XnHqa4RncDaiwrQ,online,vvmtg
2026-08-16,Sunday Weekly MTGO 8/16/26,https://vvmtg.com/sunday-weekly-mtgo-8-16-26/,13,Sequenced,1,3,0,1-3,Rack,https://moxfield.com/decks/PgugAePBFnKu_7mDVfQIyA,online,vvmtg
2026-08-16,Sunday Weekly MTGO 8/16/26,https://vvmtg.com/sunday-weekly-mtgo-8-16-26/,14,ServoToken,1,3,0,1-3,Burn,https://moxfield.com/decks/3QqgAeWj_Xm00ii1dHPdvw,online,vvmtg
2026-08-16,Sunday Weekly MTGO 8/16/26,https://vvmtg.com/sunday-weekly-mtgo-8-16-26/,15,EMoore117,1,3,0,1-3,Azorius Momo,https://moxfield.com/decks/ugqgAd_p33G5MgOwvn2Dbg,online,vvmtg
2026-08-16,Sunday Weekly MTGO 8/16/26,https://vvmtg.com/sunday-weekly-mtgo-8-16-26/,16,cloduy,1,3,0,1-3,High Tide,https://moxfield.com/decks/NgugAefDnX6RKVwpuzmrfA,online,vvmtg
2026-08-16,Sunday Weekly MTGO 8/16/26,https://vvmtg.com/sunday-weekly-mtgo-8-16-26/,17,Destraschul,1,3,0,1-3,Oath of Druids,https://moxfield.com/decks/nAqgAWnmEHefF5GyDfRB4Q,online,vvmtg
2026-08-16,Sunday Weekly MTGO 8/16/26,https://vvmtg.com/sunday-weekly-mtgo-8-16-26/,18,ToadBrews,0,2,0,0-2,Orzhov Annex,https://moxfield.com/decks/FQugAdIeqHWt6JXTS1BuCA,online,vvmtg
2026-08-16,Tara Angel’s Magic Results 8/16/26,https://vvmtg.com/tara-angels-magic-results-8-16-26/,1,Christian W.,4,0,0,4/0,Azorius Spirits,https://moxfield.com/decks/HQprGp-J_EWTIM9SBdGLcg,paper,vvmtg
2026-08-16,Tara Angel’s Magic Results 8/16/26,https://vvmtg.com/tara-angels-magic-results-8-16-26/,2,Joshua D.,3,1,0,3/1,Bard Class,https://moxfield.com/decks/J8XoIqQ1XkiAyrFHBCNnfw,paper,vvmtg
2026-08-16,Tara Angel’s Magic Results 8/16/26,https://vvmtg.com/tara-angels-magic-results-8-16-26/,3,Jae M.,3,1,0,3/1,Lich’s Mirror,https://moxfield.com/decks/A9SeASK__HOy_yGMxK8teA,paper,vvmtg
2026-08-16,Tara Angel’s Magic Results 8/16/26,https://vvmtg.com/tara-angels-magic-results-8-16-26/,4,Zach S.,2,2,0,2/2,Battle of Wits,https://moxfield.com/decks/eWluOQF1l0mUe0f9852d3w,paper,vvmtg
2026-08-16,Tara Angel’s Magic Results 8/16/26,https://vvmtg.com/tara-angels-magic-results-8-16-26/,5,Tait T.,2,2,0,2/2,Mono Black Midrange,https://moxfield.com/decks/9HHF-n7IaUy06M2q0Efcsg,paper,vvmtg
2026-08-16,Tara Angel’s Magic Results 8/16/26,https://vvmtg.com/tara-angels-magic-results-8-16-26/,6,David E.,2,2,0,2/2,Thopter Sword,https://moxfield.com/decks/pD0cclbiC0ibHVXvzklJTg,paper,vvmtg
2026-08-16,Tara Angel’s Magic Results 8/16/26,https://vvmtg.com/tara-angels-magic-results-8-16-26/,7,Alexis K.,2,2,0,2/2,Boros Energy,https://moxfield.com/decks/plPXDJoiokW4Z_jydopsoA,paper,vvmtg
2026-08-16,Tara Angel’s Magic Results 8/16/26,https://vvmtg.com/tara-angels-magic-results-8-16-26/,8,Zee D.,2,2,0,2/2,Bant Flash Control,https://moxfield.com/decks/jayykL0bZUucj_p-lGULXw,paper,vvmtg
2026-08-16,Tara Angel’s Magic Results 8/16/26,https://vvmtg.com/tara-angels-magic-results-8-16-26/,9,Daniel H.,2,2,0,2/2,Sliver Control,https://moxfield.com/decks/BujXRxHL00CqlF0yMzmDHQ,paper,vvmtg
2026-08-16,Tara Angel’s Magic Results 8/16/26,https://vvmtg.com/tara-angels-magic-results-8-16-26/,10,Martin G.,2,2,0,2/2,The Rack,https://moxfield.com/decks/jg5DXpLHM0yZLnt_kSOhkg,paper,vvmtg
2026-08-16,Tara Angel’s Magic Results 8/16/26,https://vvmtg.com/tara-angels-magic-results-8-16-26/,11,Mark V.,1,3,0,1/3,Rosie Broodscale,https://moxfield.com/decks/pBwWQrlOvkuP0cUSAyF3fw,paper,vvmtg
2026-08-16,Tara Angel’s Magic Results 8/16/26,https://vvmtg.com/tara-angels-magic-results-8-16-26/,12,Corey K.,0,4,0,0/4,Wolves,https://moxfield.com/decks/XtL0T16LPUyxweXOpNFiww,paper,vvmtg
2026-08-16,Tara Angel’s Magic Results 8/16/26,https://vvmtg.com/tara-angels-magic-results-8-16-26/,13,Josh T.,0,2,0,0/2,Leyline Mice,https://moxfield.com/decks/WPVJCElb1EmOvKd3YRtm4Q,paper,vvmtg
2026-08-15,Mavericks Mason 08/15/26,https://vvmtg.com/mavericks-mason-08-15-26/,1,Mitchell E.,3,0,0,3-0,Hollow One,https://moxfield.com/decks/wfISu4qHrUiWTUvkN15GSQ,paper,vvmtg
2026-08-15,Mavericks Mason 08/15/26,https://vvmtg.com/mavericks-mason-08-15-26/,2,Noah W.,2,1,0,2-1,Affinity,https://moxfield.com/decks/IACgAZYoCneY4JLZTG9xiA,paper,vvmtg
2026-08-15,Mavericks Mason 08/15/26,https://vvmtg.com/mavericks-mason-08-15-26/,3,Joe N.,2,1,0,2-1,Mardu Lurrus,https://moxfield.com/decks/0cF0nLVY6EmNsGzkmulKDw,paper,vvmtg
2026-08-15,Mavericks Mason 08/15/26,https://vvmtg.com/mavericks-mason-08-15-26/,4,Jacob M.,2,1,0,2-1,Merfolk,https://moxfield.com/decks/YAagAUS1PXmqMBEIEeZGZw,paper,vvmtg
2026-08-15,Mavericks Mason 08/15/26,https://vvmtg.com/mavericks-mason-08-15-26/,5,Everett N.,2,1,0,2-1,High Tide,https://moxfield.com/decks/cgegAT7JsnGyP9aS85q-vA,paper,vvmtg
2026-08-15,Mavericks Mason 08/15/26,https://vvmtg.com/mavericks-mason-08-15-26/,6,Andrew G.,2,1,0,2-1,UB Tempo,https://moxfield.com/decks/UCPuybEM5U-lnWTbWScq-Q,paper,vvmtg
2026-08-15,Mavericks Mason 08/15/26,https://vvmtg.com/mavericks-mason-08-15-26/,7,Foster D.,1,2,0,1-2,Mono Black Initiative,https://moxfield.com/decks/DC6fAZ3jWXi-5lJCl-rxLw,paper,vvmtg
2026-08-15,Mavericks Mason 08/15/26,https://vvmtg.com/mavericks-mason-08-15-26/,8,Russell W.,1,1,0,1-1,Eldrazi Post,https://moxfield.com/decks/WgagAUEEmnKlrW32vGhJaA,paper,vvmtg
2026-08-15,Mavericks Mason 08/15/26,https://vvmtg.com/mavericks-mason-08-15-26/,9,Anthony D.,1,2,0,1-2,Primal Prayers,https://moxfield.com/decks/DJfx8DQbIk2oapkx2k83zQ,paper,vvmtg
2026-08-15,Mavericks Mason 08/15/26,https://vvmtg.com/mavericks-mason-08-15-26/,10,Jacob W.,1,2,0,1-2,Hogaak Pox,https://moxfield.com/decks/ZK6fAeb9P3iClT3CUjvv3g,paper,vvmtg
2026-08-15,Mavericks Mason 08/15/26,https://vvmtg.com/mavericks-mason-08-15-26/,11,Roby,0,3,0,0-3,Allies,https://moxfield.com/decks/SRs0R1ihwU2ol7d72lvOqQ,paper,vvmtg
2026-08-06,MTGO Wednesday Weekly 08/05/26,https://vvmtg.com/mtgo-wednesday-weekly-08-05-26/,1,Incidentall,4,0,0,4-0,High Tide,https://moxfield.com/decks/n9OfAZ7ToXScUWtEEYzbQA,online,vvmtg
2026-08-06,MTGO Wednesday Weekly 08/05/26,https://vvmtg.com/mtgo-wednesday-weekly-08-05-26/,2,EMore117,4,0,0,4-0,RW Energy Midrange,https://moxfield.com/decks/L9SfAbNDE36yL-HRsL8Bpw,online,vvmtg
2026-08-06,MTGO Wednesday Weekly 08/05/26,https://vvmtg.com/mtgo-wednesday-weekly-08-05-26/,3,themuller,3,1,0,3-1,RG Initiative,https://moxfield.com/decks/2tOfAYq0dHSiKlJjodh_lA,online,vvmtg
2026-08-06,MTGO Wednesday Weekly 08/05/26,https://vvmtg.com/mtgo-wednesday-weekly-08-05-26/,4,JasonJason,3,1,0,3-1,RW Converter,https://moxfield.com/decks/rtOfAWQ97XS4GaONey1w2w,online,vvmtg
2026-08-06,MTGO Wednesday Weekly 08/05/26,https://vvmtg.com/mtgo-wednesday-weekly-08-05-26/,5,Vacated Drake,3,1,0,3-1,UW Control,https://moxfield.com/decks/u9GfAWHasXapimNkzlrzqQ,online,vvmtg
2026-08-06,MTGO Wednesday Weekly 08/05/26,https://vvmtg.com/mtgo-wednesday-weekly-08-05-26/,6,Sean,3,1,0,3-1,Cephalid Breakfast,https://moxfield.com/decks/LNSfAQlKt3-XN0MJL1wHIA,online,vvmtg
2026-08-06,MTGO Wednesday Weekly 08/05/26,https://vvmtg.com/mtgo-wednesday-weekly-08-05-26/,7,Arcanium,3,1,0,3-1,Broodscale,https://moxfield.com/decks/7NOfAbxJcXGVNPk-80V_Qg,online,vvmtg
2026-08-06,MTGO Wednesday Weekly 08/05/26,https://vvmtg.com/mtgo-wednesday-weekly-08-05-26/,8,ToadBrews,2,2,0,2-2,Bant Prison,https://moxfield.com/decks/HNKfAT9NbHGqxoIgLzc5bg,online,vvmtg
2026-08-06,MTGO Wednesday Weekly 08/05/26,https://vvmtg.com/mtgo-wednesday-weekly-08-05-26/,9,Doot,2,2,0,2-2,RW Energy,https://moxfield.com/decks/BtSfASuqGHi8w27jXzhbJA,online,vvmtg
2026-08-06,MTGO Wednesday Weekly 08/05/26,https://vvmtg.com/mtgo-wednesday-weekly-08-05-26/,10,ravensfanaustin,2,2,0,2-2,Forge Combo,https://moxfield.com/decks/t9GfASx03Xyv0sK0_r57tw,online,vvmtg
2026-08-06,MTGO Wednesday Weekly 08/05/26,https://vvmtg.com/mtgo-wednesday-weekly-08-05-26/,11,Morgan B.,2,2,0,2-2,High Tide,https://moxfield.com/decks/vtOfARGCcXCz5ewa2qKSWQ,online,vvmtg
2026-08-06,MTGO Wednesday Weekly 08/05/26,https://vvmtg.com/mtgo-wednesday-weekly-08-05-26/,12,Haidle,1,2,0,1-2,Hollow One,https://moxfield.com/decks/LtSfAdss_naJGv1epfR_Ew,online,vvmtg
2026-08-06,MTGO Wednesday Weekly 08/05/26,https://vvmtg.com/mtgo-wednesday-weekly-08-05-26/,13,ServoToken,2,2,0,2-2,Mono White Ascension,https://moxfield.com/decks/_9OfAaDxlHeD03H5NgmOrg,online,vvmtg
2026-08-06,MTGO Wednesday Weekly 08/05/26,https://vvmtg.com/mtgo-wednesday-weekly-08-05-26/,14,Bud1304,2,2,0,2-2,RB Scam,https://moxfield.com/decks/09OfAeijAnWCTovd_lEUmQ,online,vvmtg
2026-08-06,MTGO Wednesday Weekly 08/05/26,https://vvmtg.com/mtgo-wednesday-weekly-08-05-26/,15,Plasma,2,2,0,2-2,Gideon Prison,https://moxfield.com/decks/ENSfAfBfi3mKObYeuh8eWA,online,vvmtg
2026-08-06,MTGO Wednesday Weekly 08/05/26,https://vvmtg.com/mtgo-wednesday-weekly-08-05-26/,16,forkpapi,2,2,0,2-2,RG Food Midrange,https://moxfield.com/decks/INSfAf_3DHaAATMyp0unRw,online,vvmtg
2026-08-06,MTGO Wednesday Weekly 08/05/26,https://vvmtg.com/mtgo-wednesday-weekly-08-05-26/,17,miss_input,1,2,0,1-2,Hogaak Roots,https://moxfield.com/decks/D9SfAczrDnCIkyz3Go8cew,online,vvmtg
2026-08-06,MTGO Wednesday Weekly 08/05/26,https://vvmtg.com/mtgo-wednesday-weekly-08-05-26/,18,Guthwine,1,3,0,1-3,Affinity,https://moxfield.com/decks/sdGfAYpDqH2N4GTyUbhIZQ,online,vvmtg
2026-08-06,MTGO Wednesday Weekly 08/05/26,https://vvmtg.com/mtgo-wednesday-weekly-08-05-26/,19,DankConfidant,1,2,0,1-2,Blue Post,https://moxfield.com/decks/StKfAaQfUXeqe_y1XNoSQw,online,vvmtg
2026-08-06,MTGO Wednesday Weekly 08/05/26,https://vvmtg.com/mtgo-wednesday-weekly-08-05-26/,20,Olozaur,1,3,0,1-3,Mono Black Asmo,https://moxfield.com/decks/GdSfAX8vM3-siSV2x_8jaA,online,vvmtg
2026-08-06,MTGO Wednesday Weekly 08/05/26,https://vvmtg.com/mtgo-wednesday-weekly-08-05-26/,21,Rob D.,1,3,0,1-3,Naya Midrange,https://moxfield.com/decks/stOfAS5py3aJCTD77Nheww,online,vvmtg
2026-08-06,MTGO Wednesday Weekly 08/05/26,https://vvmtg.com/mtgo-wednesday-weekly-08-05-26/,22,Devfizzle,1,3,0,1-3,Abzan Midrange,https://moxfield.com/decks/DtKfAXkRoHKaDENsrGDFlQ,online,vvmtg
2026-08-06,MTGO Wednesday Weekly 08/05/26,https://vvmtg.com/mtgo-wednesday-weekly-08-05-26/,23,Jake,1,3,0,1-3,RG Aggro,https://moxfield.com/decks/PdOfASZm2HCz3GpMwFfaRg,online,vvmtg
2026-08-06,MTGO Wednesday Weekly 08/05/26,https://vvmtg.com/mtgo-wednesday-weekly-08-05-26/,24,Joe N.,1,3,0,1-3,Naya Boom,https://moxfield.com/decks/a9OfAVlYXX-u34m3778dmg,online,vvmtg
2026-08-06,MTGO Wednesday Weekly 08/05/26,https://vvmtg.com/mtgo-wednesday-weekly-08-05-26/,25,Pizzamaw50,0,2,0,0-2,Temur Control,https://moxfield.com/decks/_tOfAWfZLXKTHIX_5x_obQ,online,vvmtg
2026-08-02,Sunday MTGO Weekly 8/02/26,https://vvmtg.com/sunday-mtgo-weekly-8-02-26/,1,Ryan G.,4,0,0,4-0,Hogaak Pox,https://moxfield.com/decks/KcOfAW2iCX2TyPG5NtyfAw,online,vvmtg
2026-08-02,Sunday MTGO Weekly 8/02/26,https://vvmtg.com/sunday-mtgo-weekly-8-02-26/,2,Haidle,3,1,0,3-1,Blue Post,https://moxfield.com/decks/GcOfAf12Hn6xBxcNNbXksw,online,vvmtg
2026-08-02,Sunday MTGO Weekly 8/02/26,https://vvmtg.com/sunday-mtgo-weekly-8-02-26/,3,Olozaur,3,1,0,3-1,UW Vial Aggro,https://moxfield.com/decks/I8OfAZnq03C77A1YIJq9Vw,online,vvmtg
2026-08-02,Sunday MTGO Weekly 8/02/26,https://vvmtg.com/sunday-mtgo-weekly-8-02-26/,4,DankConfidant,3,1,0,3-1,RB Lurrus,https://moxfield.com/decks/MMOfAcSQ9Xa6w0-VykUVyw,online,vvmtg
2026-08-02,Sunday MTGO Weekly 8/02/26,https://vvmtg.com/sunday-mtgo-weekly-8-02-26/,5,JasonJason,3,1,0,3-1,RW Converter,https://moxfield.com/decks/McOfAcaRlnW5illc9rpqpA,online,vvmtg
2026-08-02,Sunday MTGO Weekly 8/02/26,https://vvmtg.com/sunday-mtgo-weekly-8-02-26/,6,korbyn,2,2,0,2-2,Burn,https://moxfield.com/decks/HsOfAZpSNn6zRfW-zDbLzQ,online,vvmtg
2026-08-02,Sunday MTGO Weekly 8/02/26,https://vvmtg.com/sunday-mtgo-weekly-8-02-26/,7,Everett N.,2,2,0,2-2,High Tide,https://moxfield.com/decks/HsOfAQGAB32Ungof2k_Jig,online,vvmtg
2026-08-02,Sunday MTGO Weekly 8/02/26,https://vvmtg.com/sunday-mtgo-weekly-8-02-26/,8,Jacob M.,2,2,0,2-2,Rhinos,https://moxfield.com/decks/l8KfARK8_HKeUgzgMVrJZw,online,vvmtg
2026-08-02,Sunday MTGO Weekly 8/02/26,https://vvmtg.com/sunday-mtgo-weekly-8-02-26/,9,Devfizzle,2,2,0,2-2,Mono Green Stompy,https://moxfield.com/decks/HMOfAadhUnKFuxyFaI3b6w,online,vvmtg
2026-08-02,Sunday MTGO Weekly 8/02/26,https://vvmtg.com/sunday-mtgo-weekly-8-02-26/,10,cloudy,2,2,0,2-2,UR Creativity,https://moxfield.com/decks/I8OfAbBgh3iQtuQAdnezCA,online,vvmtg
2026-08-02,Sunday MTGO Weekly 8/02/26,https://vvmtg.com/sunday-mtgo-weekly-8-02-26/,11,Beta,1,2,0,1-2,Slivers,https://moxfield.com/decks/LsOfAUqI_HGGZRudr8znIw,online,vvmtg
2026-08-02,Sunday MTGO Weekly 8/02/26,https://vvmtg.com/sunday-mtgo-weekly-8-02-26/,12,ServoToken,1,2,0,1-2,Fluctuator,https://moxfield.com/decks/IsOfAa56Ln-57e8-wiE2lg,online,vvmtg
2026-08-02,Sunday MTGO Weekly 8/02/26,https://vvmtg.com/sunday-mtgo-weekly-8-02-26/,13,Samuel S.,0,4,0,0-4,RW Energy,https://moxfield.com/decks/5sKfATRHa3WnomOSf0w5gg,online,vvmtg
2026-08-02,Sunday MTGO Weekly 8/02/26,https://vvmtg.com/sunday-mtgo-weekly-8-02-26/,14,Sean,0,1,0,0-1,Cephalid Breakfast,https://moxfield.com/decks/L8OfAY8_FH699UHVlFd2pw,online,vvmtg
2026-08-02,Sunday MTGO Weekly 8/02/26,https://vvmtg.com/sunday-mtgo-weekly-8-02-26/,15,TomSoniQ,0,2,0,0-2,BW Ketromose,https://moxfield.com/decks/HMOfASi4iXiBN7972XrC7g,online,vvmtg
2026-08-01,EU July Async League,https://vvmtg.com/eu-july-async-league/,1,RuarasSwiftArrow,3,0,0,3-0,Blue Post,https://moxfield.com/decks/uh-fARAchHOM7gNsjmdz7g,online,vvmtg
2026-08-01,EU July Async League,https://vvmtg.com/eu-july-async-league/,2,Davtaz,2,1,0,2-1,Burn,https://moxfield.com/decks/SxSfATlRNHyofx9GhH_Ymg,online,vvmtg
2026-08-01,EU July Async League,https://vvmtg.com/eu-july-async-league/,3,paul,2,1,0,2-1,Bant Rec,https://moxfield.com/decks/qxefAYQo1HSIIOeKmrBPIA,online,vvmtg
2026-08-01,EU July Async League,https://vvmtg.com/eu-july-async-league/,4,dondjanggo,2,1,0,2-1,RW Energy,https://moxfield.com/decks/KAufAbaY2XGJRbZZC5eY8g,online,vvmtg
2026-08-01,EU July Async League,https://vvmtg.com/eu-july-async-league/,5,Forkpapi,1,2,0,1-2,UR Discover,https://moxfield.com/decks/3hmfAaY1gnuHYAJhgv3vjg,online,vvmtg
2026-08-01,EU July Async League,https://vvmtg.com/eu-july-async-league/,6,CapybaraHelpdesk,1,2,0,1-2,Mono Red Polymorph,https://moxfield.com/decks/uByfAdec3X2dUVe2KwvcxA,online,vvmtg
2026-08-01,EU July Async League,https://vvmtg.com/eu-july-async-league/,7,Olozaur,1,2,0,1-2,UB Control,https://moxfield.com/decks/vB6fAam57HKmIPsbSjxs7w,online,vvmtg
2026-08-01,EU July Async League,https://vvmtg.com/eu-july-async-league/,8,Sciluap,0,3,0,0-3,UB Shadow,https://moxfield.com/decks/8Q2fAW1Yz3akYDCgEhg2ag,online,vvmtg
2026-07-30,Thursday MTGO 07/30/26,https://vvmtg.com/thursday-mtgo-07-30-26/,1,JasonJason,3,0,0,3-0,RW Converter,https://moxfield.com/decks/FLWfAWiWkX65fu4wy8m3zA,online,vvmtg
2026-07-30,Thursday MTGO 07/30/26,https://vvmtg.com/thursday-mtgo-07-30-26/,2,ToadBrews,2,1,0,2-1,Mono Black Aggro,https://moxfield.com/decks/LLWfAd_Em3uSf5Pv5PIVZg,online,vvmtg
2026-07-30,Thursday MTGO 07/30/26,https://vvmtg.com/thursday-mtgo-07-30-26/,3,ServoToken,2,1,0,2-1,Blue Spirits,https://moxfield.com/decks/SbWfAeSBfH2cUrXa_wcacw,online,vvmtg
2026-07-30,Thursday MTGO 07/30/26,https://vvmtg.com/thursday-mtgo-07-30-26/,4,PoxFanatic,1,2,0,1-2,UW Control,https://moxfield.com/decks/NLWfASG0gX-aRQDpIWXlMw,online,vvmtg
2026-07-30,Thursday MTGO 07/30/26,https://vvmtg.com/thursday-mtgo-07-30-26/,5,Olozaur,1,2,0,1-2,UW Aggro,https://moxfield.com/decks/O7WfAf2M1nmJOKMJBpaUjg,online,vvmtg
2026-07-30,Thursday MTGO 07/30/26,https://vvmtg.com/thursday-mtgo-07-30-26/,6,DankConfidant,1,0,0,1-0,RB Lurrus,https://moxfield.com/decks/P7WfAdaKVX67kpj79k2Qww,online,vvmtg
2026-07-30,Thursday MTGO 07/30/26,https://vvmtg.com/thursday-mtgo-07-30-26/,7,Forkpapi,0,3,0,0-3,BW Momo,https://moxfield.com/decks/N7WfAV4MGXal2Fu62NXIbw,online,vvmtg
2026-07-26,Battle and Board Results 7/26/26,https://vvmtg.com/battle-and-board-results-7-26-26/,1,Benji L,2,0,1,2-0-1,Merfolk,https://moxfield.com/decks/FzZW6VsYCku4UNyOtRVrNg,paper,vvmtg
2026-07-26,Battle and Board Results 7/26/26,https://vvmtg.com/battle-and-board-results-7-26-26/,2,“Wye” Y,2,0,1,2-0-1,Boros Asmo,https://moxfield.com/decks/K_XbcpvlS0yQc_Ghh0jYJg,paper,vvmtg
2026-07-26,Battle and Board Results 7/26/26,https://vvmtg.com/battle-and-board-results-7-26-26/,3,Jake K,2,1,0,2-1,Goblins,https://moxfield.com/decks/1J6fAQMbFn6I3cUWw38JgQ,paper,vvmtg
2026-07-26,Battle and Board Results 7/26/26,https://vvmtg.com/battle-and-board-results-7-26-26/,4,Joel S,2,1,0,2-1,Red Deck Wins,https://moxfield.com/decks/gzTBgLhhyEWFbc_yiyZTgw,paper,vvmtg
2026-07-26,Battle and Board Results 7/26/26,https://vvmtg.com/battle-and-board-results-7-26-26/,5,Michael G,1,2,0,1-2,Elemental Scam,https://moxfield.com/decks/bDifAbbq032lVFzE5Sj1Dw,paper,vvmtg
2026-07-26,Battle and Board Results 7/26/26,https://vvmtg.com/battle-and-board-results-7-26-26/,6,Ash P,1,2,0,1-2,Rack,https://moxfield.com/decks/fhDrcFa5UEmY01KIGY8TMA,paper,vvmtg
2026-07-26,Battle and Board Results 7/26/26,https://vvmtg.com/battle-and-board-results-7-26-26/,7,Robert H,1,2,0,1-2,Sultai Sunderflock,https://moxfield.com/decks/1sPxoO2_L0KY_DBHxM9rdw,paper,vvmtg
2026-07-26,Battle and Board Results 7/26/26,https://vvmtg.com/battle-and-board-results-7-26-26/,8,Sam S,0,2,0,0-2,Hogaak Pox,https://moxfield.com/decks/XJ-fAVYpanu-4PmJC0MCqQ,paper,vvmtg
2026-07-26,MTGO Sunday Weekly – July 26,https://vvmtg.com/mtgo-sunday-weekly-july-26/,1,Toadbrews,4,0,0,4-0,Dimir Seas,https://moxfield.com/decks/_p6fAdYAcXSEyC8r_QHpAQ,online,vvmtg
2026-07-26,MTGO Sunday Weekly – July 26,https://vvmtg.com/mtgo-sunday-weekly-july-26/,2,Devfizzle,3,1,0,3-1,Rakdos Ares,https://moxfield.com/decks/HZ-fAbFobnWjvGdOvHwjdw,online,vvmtg
2026-07-26,MTGO Sunday Weekly – July 26,https://vvmtg.com/mtgo-sunday-weekly-july-26/,3,Servotoken,3,1,0,3-1,Stick Burn,https://moxfield.com/decks/956fAQv77XWk-K6_upP3hw,online,vvmtg
2026-07-26,MTGO Sunday Weekly – July 26,https://vvmtg.com/mtgo-sunday-weekly-july-26/,4,Ryan,3,1,0,3-1,Hogaak,https://moxfield.com/decks/I5-fAQBHrXO2nVAizETOVw,online,vvmtg
2026-07-26,MTGO Sunday Weekly – July 26,https://vvmtg.com/mtgo-sunday-weekly-july-26/,5,Sean,2,2,0,2-2,Converter Breakfast,https://moxfield.com/decks/_Z6fAZ8EKnOIriMg6vE3Nw,online,vvmtg
2026-07-26,MTGO Sunday Weekly – July 26,https://vvmtg.com/mtgo-sunday-weekly-july-26/,6,Jukemate,2,2,0,2-2,Rakdos Skelementals,https://moxfield.com/decks/EJ-fAWc25HKwtnifdVK3NA,online,vvmtg
2026-07-26,MTGO Sunday Weekly – July 26,https://vvmtg.com/mtgo-sunday-weekly-july-26/,7,Olozaur,2,2,0,2-2,Broodscale Combo,https://moxfield.com/decks/IZ-fAU-7jHilHx1qz670BQ,online,vvmtg
2026-07-26,MTGO Sunday Weekly – July 26,https://vvmtg.com/mtgo-sunday-weekly-july-26/,8,VacatedDrake,2,2,0,2-2,Dimir Shadow,https://moxfield.com/decks/TJmfAQ-eQnyJfU1UteKzNA,online,vvmtg
2026-07-26,MTGO Sunday Weekly – July 26,https://vvmtg.com/mtgo-sunday-weekly-july-26/,9,Beta,2,2,0,2-2,Slivers,https://moxfield.com/decks/HJ-fAVAtvXyeYsikFFri2Q,online,vvmtg
2026-07-26,MTGO Sunday Weekly – July 26,https://vvmtg.com/mtgo-sunday-weekly-july-26/,10,Austin,1,3,0,1-3,Coveted Maniac Combo,https://moxfield.com/decks/Cp-fAV9fynS9RJHn8-IriA,online,vvmtg
2026-07-26,MTGO Sunday Weekly – July 26,https://vvmtg.com/mtgo-sunday-weekly-july-26/,11,Korbyn,1,3,0,1-3,Burn,https://moxfield.com/decks/856fAYUean2tYQKVUFamjQ,online,vvmtg
2026-07-26,MTGO Sunday Weekly – July 26,https://vvmtg.com/mtgo-sunday-weekly-july-26/,12,Theo,1,2,0,1-2,Black Aggro,https://moxfield.com/decks/_Z6fAaXu3H-CKGTyqFiwlw,online,vvmtg
2026-07-26,MTGO Sunday Weekly – July 26,https://vvmtg.com/mtgo-sunday-weekly-july-26/,13,West,1,2,0,1-2,Green Midrange,https://moxfield.com/decks/Ip-fAd71lXexH-IRxoU4Sw,online,vvmtg
2026-07-25,Tara Angel’s Magic results 7/25/26,https://vvmtg.com/tara-angels-magic-results-7-25-26/,1,Christian W.,4,0,0,4/0,Pyre Humans,https://moxfield.com/decks/yxafAf3IznynkPjncgU78A,paper,vvmtg
2026-07-25,Tara Angel’s Magic results 7/25/26,https://vvmtg.com/tara-angels-magic-results-7-25-26/,2,Joseph S.,3,1,0,3/1,Goblins,https://moxfield.com/decks/3_ueAex5532efZjm8BBVPw,paper,vvmtg
2026-07-25,Tara Angel’s Magic results 7/25/26,https://vvmtg.com/tara-angels-magic-results-7-25-26/,3,David E.,2,1,1,2/1/1,Thopter Sword,https://moxfield.com/decks/pD0cclbiC0ibHVXvzklJTg,paper,vvmtg
2026-07-25,Tara Angel’s Magic results 7/25/26,https://vvmtg.com/tara-angels-magic-results-7-25-26/,4,Danial H.,2,2,0,2/2,Sliver Control,https://moxfield.com/decks/BujXRxHL00CqlF0yMzmDHQ,paper,vvmtg
2026-07-25,Tara Angel’s Magic results 7/25/26,https://vvmtg.com/tara-angels-magic-results-7-25-26/,5,Zee D.,2,2,0,2/2,Flash Wolves,https://moxfield.com/decks/jayykL0bZUucj_p-lGULXw,paper,vvmtg
2026-07-25,Tara Angel’s Magic results 7/25/26,https://vvmtg.com/tara-angels-magic-results-7-25-26/,6,Jae M.,2,2,0,2/2,Eldrazi Aggro,https://moxfield.com/decks/8DkiiLs9kkWug0Jra__JIQ,paper,vvmtg
2026-07-25,Tara Angel’s Magic results 7/25/26,https://vvmtg.com/tara-angels-magic-results-7-25-26/,7,Hunter Kalsey,2,2,0,2/2,Mono-Red Burn,https://moxfield.com/decks/IT6fAYxyYn2dvXum_LgnDA,paper,vvmtg
2026-07-25,Tara Angel’s Magic results 7/25/26,https://vvmtg.com/tara-angels-magic-results-7-25-26/,8,Matthew Warrington,1,2,1,1/2/1,Jund Goyf,https://moxfield.com/decks/FpPGEMCqmE-l9goO6T833A,paper,vvmtg
2026-07-25,Tara Angel’s Magic results 7/25/26,https://vvmtg.com/tara-angels-magic-results-7-25-26/,9,Mark V.,1,3,0,1/3,Infect,https://moxfield.com/decks/IJWfAQiMg363yxMNvU92yw,paper,vvmtg
2026-07-25,Tara Angel’s Magic results 7/25/26,https://vvmtg.com/tara-angels-magic-results-7-25-26/,10,Connor L.,0,4,0,0/4,Mono-Green Bairn,https://moxfield.com/decks/SpGfAcWl9nmy0Qm8t7TEdw,paper,vvmtg
2026-07-22,Final Boss Games WNM 7/22/2026,https://vvmtg.com/final-boss-games-wnm-7-22-2026/,1,Cameron P.,3,0,0,3-0,Blue Post,https://moxfield.com/decks/pKB29MmGEkSs2gRVsAOJyQ,paper,vvmtg
2026-07-22,Final Boss Games WNM 7/22/2026,https://vvmtg.com/final-boss-games-wnm-7-22-2026/,2,Neal C.,2,1,0,2-1,Abzan Amalia,https://moxfield.com/decks/TI1G_HncxUWRKopBUuh-Ow,paper,vvmtg
2026-07-22,Final Boss Games WNM 7/22/2026,https://vvmtg.com/final-boss-games-wnm-7-22-2026/,3,Kaitlyn R.,2,1,0,2-1,Sultai Reclamation,https://moxfield.com/decks/zM9H5nHwZkW2gQdIkI9Hfw,paper,vvmtg
2026-07-22,Final Boss Games WNM 7/22/2026,https://vvmtg.com/final-boss-games-wnm-7-22-2026/,4,Zane C.,2,1,0,2-1,Red Prowess,https://moxfield.com/decks/qGefAQ6P43K4767JG2Wu8g,paper,vvmtg
2026-07-22,Final Boss Games WNM 7/22/2026,https://vvmtg.com/final-boss-games-wnm-7-22-2026/,5,Kyle S.,2,1,0,2-1,Nightmare Combo,https://moxfield.com/decks/V6hNi-x66UeFUJbzrHNcCg,paper,vvmtg
2026-07-22,Final Boss Games WNM 7/22/2026,https://vvmtg.com/final-boss-games-wnm-7-22-2026/,6,Alexander Z.,1,2,0,1-2,Izzet Prowess,https://moxfield.com/decks/WYoZUlKxaEC9TOGmTorH3w,paper,vvmtg
2026-07-22,Final Boss Games WNM 7/22/2026,https://vvmtg.com/final-boss-games-wnm-7-22-2026/,8,Colin J.,1,2,0,1-2,Affinity,https://moxfield.com/decks/5fFNmC7pRkuv2ZYRMNGfiQ,paper,vvmtg
2026-07-22,Final Boss Games WNM 7/22/2026,https://vvmtg.com/final-boss-games-wnm-7-22-2026/,9,Isaac H.,1,2,0,1-2,Jeskai Energy,https://moxfield.com/decks/OP5PKwOqIkypDjt4qMS58Q,paper,vvmtg
2026-07-22,Final Boss Games WNM 7/22/2026,https://vvmtg.com/final-boss-games-wnm-7-22-2026/,10,Sam J.,0,3,0,0-3,Rakdos Lurrus,https://moxfield.com/decks/Wz73VxDI4kOlKcOWK8gXFQ,paper,vvmtg
2026-07-22,Wednesday MTGO Weekly 7/22/26,https://vvmtg.com/wednesday-mtgo-weekly-7-22-26/,1,blackviper,4,0,0,4-0,Breakfast Affinity,https://moxfield.com/decks/B4yfAWPVe3e_OS9nDzYIlg,online,vvmtg
2026-07-22,Wednesday MTGO Weekly 7/22/26,https://vvmtg.com/wednesday-mtgo-weekly-7-22-26/,2,Malcolm,4,0,0,4-0,Eldrazi Post,https://moxfield.com/decks/DoyfAbHLbXyorAa8NRzVcA,online,vvmtg
2026-07-22,Wednesday MTGO Weekly 7/22/26,https://vvmtg.com/wednesday-mtgo-weekly-7-22-26/,3,Duncan G,3,1,0,3-1,Mono Black Midrange,https://moxfield.com/decks/DIyfAb54OnON0S88sEo5zg,online,vvmtg
2026-07-22,Wednesday MTGO Weekly 7/22/26,https://vvmtg.com/wednesday-mtgo-weekly-7-22-26/,4,korbyn,3,1,0,3-1,Burn,https://moxfield.com/decks/e4ufAeiir3eJsUu17NswXw,online,vvmtg
2026-07-22,Wednesday MTGO Weekly 7/22/26,https://vvmtg.com/wednesday-mtgo-weekly-7-22-26/,5,Vacated Drake,3,1,0,3-1,Dimir Shadow,https://moxfield.com/decks/6IufAaVMZHOXjPlyL6GnVg,online,vvmtg
2026-07-22,Wednesday MTGO Weekly 7/22/26,https://vvmtg.com/wednesday-mtgo-weekly-7-22-26/,6,BanSurgical,2,2,0,2-2,Rakdos Donate,https://moxfield.com/decks/PIufAbxKX3qFmf2UNteBLw,online,vvmtg
2026-07-22,Wednesday MTGO Weekly 7/22/26,https://vvmtg.com/wednesday-mtgo-weekly-7-22-26/,7,Gorillajay,2,2,0,2-2,Stick Scam,https://moxfield.com/decks/CYufAczLi3myrVc_MSVNfQ,online,vvmtg
2026-07-22,Wednesday MTGO Weekly 7/22/26,https://vvmtg.com/wednesday-mtgo-weekly-7-22-26/,8,Doot,2,2,0,2-2,Fluctuator Combo,https://moxfield.com/decks/_4ufAcGd5XybNMZu0mJD9A,online,vvmtg
2026-07-22,Wednesday MTGO Weekly 7/22/26,https://vvmtg.com/wednesday-mtgo-weekly-7-22-26/,9,DankConfidant,2,2,0,2-2,Blue Post,https://moxfield.com/decks/C4yfAYiSHnK_Cp7T44Psow,online,vvmtg
2026-07-22,Wednesday MTGO Weekly 7/22/26,https://vvmtg.com/wednesday-mtgo-weekly-7-22-26/,10,Haidle,2,2,0,2-2,Restore Balance,https://moxfield.com/decks/BYyfATd1_Xeeh_rEpaGSqQ,online,vvmtg
2026-07-22,Wednesday MTGO Weekly 7/22/26,https://vvmtg.com/wednesday-mtgo-weekly-7-22-26/,11,Bud1304,2,2,0,2-2,GW Initiative,https://moxfield.com/decks/-YufAag6BH-8SmHTiYdEfw,online,vvmtg
2026-07-22,Wednesday MTGO Weekly 7/22/26,https://vvmtg.com/wednesday-mtgo-weekly-7-22-26/,12,Forkpapi,2,2,0,2-2,Rakdos Lurrus Shadow,https://moxfield.com/decks/C4yfAblv-n6wDZUYtwiIqw,online,vvmtg
2026-07-22,Wednesday MTGO Weekly 7/22/26,https://vvmtg.com/wednesday-mtgo-weekly-7-22-26/,13,Devfizzle,2,2,0,2-2,Rhinos,https://moxfield.com/decks/GYqfAdN2L3moqriO0C4b8g,online,vvmtg
2026-07-22,Wednesday MTGO Weekly 7/22/26,https://vvmtg.com/wednesday-mtgo-weekly-7-22-26/,14,finaldefiance,1,1,0,1-1,High Tide,https://moxfield.com/decks/n4ufAfPStXKFPQChsmGiSA,online,vvmtg
2026-07-22,Wednesday MTGO Weekly 7/22/26,https://vvmtg.com/wednesday-mtgo-weekly-7-22-26/,15,Plasma,1,3,0,1-3,Trickery Combo,https://moxfield.com/decks/C4yfAYbn6nmTsle-bsXqYA,online,vvmtg
2026-07-22,Wednesday MTGO Weekly 7/22/26,https://vvmtg.com/wednesday-mtgo-weekly-7-22-26/,16,Fancy Hands Phil,1,2,0,1-2,Dimir Tempo Shadow,https://moxfield.com/decks/DoyfAXwvzXGLEygi-AhvHA,online,vvmtg
2026-07-22,Wednesday MTGO Weekly 7/22/26,https://vvmtg.com/wednesday-mtgo-weekly-7-22-26/,17,Czral,1,3,0,1-3,Trespasser’s Curse Midrange,https://moxfield.com/decks/DYyfAZAn1HSdvd9aQTytTQ,online,vvmtg
2026-07-22,Wednesday MTGO Weekly 7/22/26,https://vvmtg.com/wednesday-mtgo-weekly-7-22-26/,18,ToadBrews,0,2,0,0-2,Liquimetal Coating Ponza,https://moxfield.com/decks/1YufAaCQl3S3ubbqzw1iAQ,online,vvmtg
2026-07-22,Wednesday MTGO Weekly 7/22/26,https://vvmtg.com/wednesday-mtgo-weekly-7-22-26/,19,Pizzamaw50,0,3,0,0-3,Naya Deserts Bello,https://moxfield.com/decks/BYyfAe-Vl3mdpqfzAjIguw,online,vvmtg
2026-07-22,Wednesday MTGO Weekly 7/22/26,https://vvmtg.com/wednesday-mtgo-weekly-7-22-26/,20,jukemate,0,2,0,0-2,Coin Flips,https://moxfield.com/decks/7IufAUxPYXqE3VZKnFUPwQ,online,vvmtg
2026-07-19,Get Some Game Results 7/19/26,https://vvmtg.com/get-some-game-results-7-19-26/,1,Lucas M.,3,0,0,3-0,Boros Energy,https://moxfield.com/decks/JcRTTUUNjUSEI5v7x3RxUg,paper,vvmtg
2026-07-19,Get Some Game Results 7/19/26,https://vvmtg.com/get-some-game-results-7-19-26/,2,Adam T.,2,1,0,2-1,Gruul Eldrazi,https://moxfield.com/decks/qJtLwMHylECaSZpMJYs-rg,paper,vvmtg
2026-07-19,Get Some Game Results 7/19/26,https://vvmtg.com/get-some-game-results-7-19-26/,3,Ben B.,2,1,0,2-1,Restore Balance,https://moxfield.com/decks/GO4CX07XPkCWZewto0Ga7g,paper,vvmtg
2026-07-19,Get Some Game Results 7/19/26,https://vvmtg.com/get-some-game-results-7-19-26/,4,Nolan S.,2,1,0,2-1,Hogaak Pox,https://moxfield.com/decks/cXOfAZlvoXKtXJeU8AypRQc,paper,vvmtg
2026-07-19,Get Some Game Results 7/19/26,https://vvmtg.com/get-some-game-results-7-19-26/,5,Evan S.,1,2,0,1-2,Boros Control,https://moxfield.com/decks/tDYopzkO50a0_XZqBV6AVg,paper,vvmtg
2026-07-19,Get Some Game Results 7/19/26,https://vvmtg.com/get-some-game-results-7-19-26/,6,Britt F.,1,2,0,1-2,Izzet Mako,https://moxfield.com/decks/9JMCuFE4G0ihQiTUFV43qg,paper,vvmtg
2026-07-19,Get Some Game Results 7/19/26,https://vvmtg.com/get-some-game-results-7-19-26/,7,Jared P.,1,2,0,1-2,Mono-W Enchantment Control,https://moxfield.com/decks/3W2fAepADXa6zUKQoRZq9w,paper,vvmtg
2026-07-19,Get Some Game Results 7/19/26,https://vvmtg.com/get-some-game-results-7-19-26/,8,Cody H.,0,3,0,0-3,Curse Post,https://moxfield.com/decks/iSeT4JBt70W4XJjYQYcWiw,paper,vvmtg
2026-07-19,MTGO Sunday Weekly 07/19/26,https://vvmtg.com/mtgo-sunday-weekly-07-19-26/,1,Vacated Drake,4,0,0,4-0,Nulldrifter Control,https://moxfield.com/decks/GXefAYqjzne5z5zeG75_8g,online,vvmtg
2026-07-19,MTGO Sunday Weekly 07/19/26,https://vvmtg.com/mtgo-sunday-weekly-07-19-26/,2,DankConfidant,3,1,0,3-1,Combo Allies,https://moxfield.com/decks/CXufAd79LHyPAbpJ6mqHGw,online,vvmtg
2026-07-19,MTGO Sunday Weekly 07/19/26,https://vvmtg.com/mtgo-sunday-weekly-07-19-26/,3,Arkna,3,1,0,3-1,Mono Black Initiative,https://moxfield.com/decks/6XafAVSLVXqjWhmkIzL1WQ,online,vvmtg
2026-07-19,MTGO Sunday Weekly 07/19/26,https://vvmtg.com/mtgo-sunday-weekly-07-19-26/,4,Doot,3,1,0,3-1,Azorius Tempo,https://moxfield.com/decks/FnufAZROaHu_qjQBqm4m8g,online,vvmtg
2026-07-19,MTGO Sunday Weekly 07/19/26,https://vvmtg.com/mtgo-sunday-weekly-07-19-26/,5,Sequenced,3,1,0,3-1,Mono Black Annex,https://moxfield.com/decks/4nqfAXKMmXiINS8Gl9-WMA,online,vvmtg
2026-07-19,MTGO Sunday Weekly 07/19/26,https://vvmtg.com/mtgo-sunday-weekly-07-19-26/,6,ServoToken,2,2,0,2-2,Selesnya Initiative,https://moxfield.com/decks/C3ifAWj3tXiY60XHyGw6nw,online,vvmtg
2026-07-19,MTGO Sunday Weekly 07/19/26,https://vvmtg.com/mtgo-sunday-weekly-07-19-26/,7,kinda,2,2,0,2-2,Simic Food Affinity,https://moxfield.com/decks/BnufASqgYXK8KXXupn4PfA,online,vvmtg
2026-07-19,MTGO Sunday Weekly 07/19/26,https://vvmtg.com/mtgo-sunday-weekly-07-19-26/,8,forkpapi,2,2,0,2-2,Mardu Allies,https://moxfield.com/decks/5HqfAdPVGn68dms0X2Mwtg,online,vvmtg
2026-07-19,MTGO Sunday Weekly 07/19/26,https://vvmtg.com/mtgo-sunday-weekly-07-19-26/,9,Ryan G,2,2,0,2-2,Mono Black Initiative,https://moxfield.com/decks/GXufAQFeQ3-kLA3b9V3PIQ,online,vvmtg
2026-07-19,MTGO Sunday Weekly 07/19/26,https://vvmtg.com/mtgo-sunday-weekly-07-19-26/,10,Beta,2,2,0,2-2,Mono Black Aggro,https://moxfield.com/decks/GHufAYQ-c3y5oI2DZ7o0Xw,online,vvmtg
2026-07-19,MTGO Sunday Weekly 07/19/26,https://vvmtg.com/mtgo-sunday-weekly-07-19-26/,11,ToadBrews,1,2,0,1-2,Boros Yojimbo,https://moxfield.com/decks/8XqfATfZG36hkq_4SJw7Rw,online,vvmtg
2026-07-19,MTGO Sunday Weekly 07/19/26,https://vvmtg.com/mtgo-sunday-weekly-07-19-26/,12,Czral,1,3,0,1-3,Scam Curses,https://moxfield.com/decks/BnufAbmRJHyE7_nhMSto2A,online,vvmtg
2026-07-19,MTGO Sunday Weekly 07/19/26,https://vvmtg.com/mtgo-sunday-weekly-07-19-26/,13,olozaur,1,3,0,1-3,Glimpse Song Combo,https://moxfield.com/decks/7XqfAfKkOXufwAriNGJjdg,online,vvmtg
2026-07-19,MTGO Sunday Weekly 07/19/26,https://vvmtg.com/mtgo-sunday-weekly-07-19-26/,14,Devfizzle,0,2,0,0-2,Rhinos,https://moxfield.com/decks/NXifAeGW4XGakJPX5hMxHA,online,vvmtg
2026-07-19,MTGO Sunday Weekly 07/19/26,https://vvmtg.com/mtgo-sunday-weekly-07-19-26/,15,GreenGang,0,3,0,0-3,Bant Initiative Breakfast,https://moxfield.com/decks/hHqfAfngMXuhXR-Bu2he6g,online,vvmtg
2026-07-16,Final Boss Games WNM 7/16/2026,https://vvmtg.com/final-boss-games-wnm-7-16-2026/,1,Alexander Z.,3,0,0,3-0,Boros Convoke,https://moxfield.com/decks/jOgt8UVYL0eu1Te1aNCRig,paper,vvmtg
2026-07-16,Final Boss Games WNM 7/16/2026,https://vvmtg.com/final-boss-games-wnm-7-16-2026/,2,Neal C,2,0,0,2-0,Abzan Amalia,https://moxfield.com/decks/TI1G_HncxUWRKopBUuh-Ow,paper,vvmtg
2026-07-16,Final Boss Games WNM 7/16/2026,https://vvmtg.com/final-boss-games-wnm-7-16-2026/,3,Brit,2,1,0,2-1,Dimir Bounce,https://moxfield.com/decks/UFBDOforQEKM-trjZoMMIg,paper,vvmtg
2026-07-16,Final Boss Games WNM 7/16/2026,https://vvmtg.com/final-boss-games-wnm-7-16-2026/,4,Kyle S.,2,1,0,2-1,Green Post,https://moxfield.com/decks/kBczhpXXQkOD6ClVbS_KnA,paper,vvmtg
2026-07-16,Final Boss Games WNM 7/16/2026,https://vvmtg.com/final-boss-games-wnm-7-16-2026/,5,Sam J.,2,1,0,2-1,Teachings Control,https://moxfield.com/decks/zM9H5nHwZkW2gQdIkI9Hfw,paper,vvmtg
2026-07-16,Final Boss Games WNM 7/16/2026,https://vvmtg.com/final-boss-games-wnm-7-16-2026/,6,Nathan,1,2,0,1-2,Selesnya Boggles,https://moxfield.com/decks/gYuP-4MhsECCc62FsOh2ig,paper,vvmtg
2026-07-16,Final Boss Games WNM 7/16/2026,https://vvmtg.com/final-boss-games-wnm-7-16-2026/,7,Colin,1,2,0,1-2,Artifact Affinity,https://moxfield.com/decks/5fFNmC7pRkuv2ZYRMNGfiQ,paper,vvmtg
2026-07-16,Final Boss Games WNM 7/16/2026,https://vvmtg.com/final-boss-games-wnm-7-16-2026/,8,Alex T.,1,2,0,1-2,The Rack,https://moxfield.com/decks/WLZW1GvUrUqvtDKgk53GAA,paper,vvmtg
2026-07-16,Final Boss Games WNM 7/16/2026,https://vvmtg.com/final-boss-games-wnm-7-16-2026/,9,Zane C.,1,2,0,1-2,Red Prowess,https://moxfield.com/decks/qGefAQ6P43K4767JG2Wu8g,paper,vvmtg
2026-07-15,MTGO Wednesday Weekly – July 15,https://vvmtg.com/mtgo-wednesday-weekly-july-15/,1,Incidentall Primal Surge Trickery,4,0,0,4-0,Primal Surge Trickery,https://moxfield.com/decks/YmefAdgQY3K-6JjzBLlWNQ,online,vvmtg
2026-07-15,MTGO Wednesday Weekly – July 15,https://vvmtg.com/mtgo-wednesday-weekly-july-15/,2,Haidle Hogaak,3,1,0,3-1,Hogaak,https://moxfield.com/decks/-mefAQmfHHmHk4S55ncv6Q,online,vvmtg
2026-07-15,MTGO Wednesday Weekly – July 15,https://vvmtg.com/mtgo-wednesday-weekly-july-15/,3,Plasma Cephalid Breakfast,3,1,0,3-1,Cephalid Breakfast,https://moxfield.com/decks/AGifAdntqXGvZfdis6Yy7A,online,vvmtg
2026-07-15,MTGO Wednesday Weekly – July 15,https://vvmtg.com/mtgo-wednesday-weekly-july-15/,4,Blindtherapy Jund Lurrus,3,1,0,3-1,Jund Lurrus,https://moxfield.com/decks/2WefAbcSP3K460msrtjw7Q,online,vvmtg
2026-07-15,MTGO Wednesday Weekly – July 15,https://vvmtg.com/mtgo-wednesday-weekly-july-15/,5,Toadbrews Boros Yard Sale,3,1,0,3-1,Boros Yard Sale,https://moxfield.com/decks/5GafAW3-tXSJSYOo05JWZA,online,vvmtg
2026-07-15,MTGO Wednesday Weekly – July 15,https://vvmtg.com/mtgo-wednesday-weekly-july-15/,6,Sean Cephalid Breakfast,3,1,0,3-1,Cephalid Breakfast,https://moxfield.com/decks/lmefAV-F4X694Oh8qHN7Fg,online,vvmtg
2026-07-15,MTGO Wednesday Weekly – July 15,https://vvmtg.com/mtgo-wednesday-weekly-july-15/,7,Olozaur Mono Black Asmo,3,1,0,3-1,Mono Black Asmo,https://moxfield.com/decks/AWifAQHI3XWHUgtBMMGLZQ,online,vvmtg
2026-07-15,MTGO Wednesday Weekly – July 15,https://vvmtg.com/mtgo-wednesday-weekly-july-15/,8,Ducksonquack Beanfinity,2,2,0,2-2,Beanfinity,https://moxfield.com/decks/u2efARMylnChT06wqOLTug,online,vvmtg
2026-07-15,MTGO Wednesday Weekly – July 15,https://vvmtg.com/mtgo-wednesday-weekly-july-15/,9,Ryan Hogaak,2,2,0,2-2,Hogaak,https://moxfield.com/decks/_mefAYj1VHKyl9049IRkig,online,vvmtg
2026-07-15,MTGO Wednesday Weekly – July 15,https://vvmtg.com/mtgo-wednesday-weekly-july-15/,10,Servotoken Izzet Lessons,2,2,0,2-2,Izzet Lessons,https://moxfield.com/decks/62efARlbrnS10laVzfgvMg,online,vvmtg
2026-07-15,MTGO Wednesday Weekly – July 15,https://vvmtg.com/mtgo-wednesday-weekly-july-15/,11,Omallycat Mono Blue Faeries,2,2,0,2-2,Mono Blue Faeries,https://moxfield.com/decks/nWefAcrvi3eczesXxxTf2g,online,vvmtg
2026-07-15,MTGO Wednesday Weekly – July 15,https://vvmtg.com/mtgo-wednesday-weekly-july-15/,12,DankConfidant Boros Boom Bust,2,2,0,2-2,Boros Boom Bust,https://moxfield.com/decks/9GefAXCM13eQXwWtEMvRbw,online,vvmtg
2026-07-15,MTGO Wednesday Weekly – July 15,https://vvmtg.com/mtgo-wednesday-weekly-july-15/,13,Pizzamaw Mardu Looting,1,2,0,1-2,Mardu Looting,https://moxfield.com/decks/_2efAWZi33qm5r4ShdvF2g,online,vvmtg
2026-07-15,MTGO Wednesday Weekly – July 15,https://vvmtg.com/mtgo-wednesday-weekly-july-15/,14,Doug Thopter Depths,1,3,0,1-3,Thopter Depths,https://moxfield.com/decks/8GefAbGxuXShmDC12hGizA,online,vvmtg
2026-07-15,MTGO Wednesday Weekly – July 15,https://vvmtg.com/mtgo-wednesday-weekly-july-15/,15,TheOneTman Azorius Momo,1,2,0,1-2,Azorius Momo,https://moxfield.com/decks/_2efAeu6fXCBBgcAQTrMQQ,online,vvmtg
2026-07-15,MTGO Wednesday Weekly – July 15,https://vvmtg.com/mtgo-wednesday-weekly-july-15/,16,Arcanium Yojimbo,1,3,0,1-3,Yojimbo,https://moxfield.com/decks/hGefAfHQ93GHikOVtHut4Q,online,vvmtg
2026-07-15,MTGO Wednesday Weekly – July 15,https://vvmtg.com/mtgo-wednesday-weekly-july-15/,17,Arcasveil Azorius Control,1,3,0,1-3,Azorius Control,https://moxfield.com/decks/vGefAbevgneXtDIVgBhm4g,online,vvmtg
2026-07-15,MTGO Wednesday Weekly – July 15,https://vvmtg.com/mtgo-wednesday-weekly-july-15/,18,Joe Mardu Energy,0,1,0,0-1,Mardu Energy,https://moxfield.com/decks/2GefAcb0bH6H6f3qzyfKZQ,online,vvmtg
2026-07-15,MTGO Wednesday Weekly – July 15,https://vvmtg.com/mtgo-wednesday-weekly-july-15/,19,Bud Hogaak Depths,0,2,0,0-2,Hogaak Depths,https://moxfield.com/decks/wmefAZPsEnqm3hdaJRsw7A,online,vvmtg
2026-07-15,MTGO Wednesday Weekly – July 15,https://vvmtg.com/mtgo-wednesday-weekly-july-15/,20,Miss_input Hogaak Roots,0,2,0,0-2,Hogaak Roots,https://moxfield.com/decks/tmefAcIHQniWq3MQNgjihA,online,vvmtg
2026-07-12,MTGO Sunday Weekly 7/12/2026,https://vvmtg.com/mtgo-sunday-weekly-7-12-2026/,1,ServoToken,4,0,0,4-0,Spirits,https://moxfield.com/decks/ylafAck2dn-Pmh_F2I_EAQ,online,vvmtg
2026-07-12,MTGO Sunday Weekly 7/12/2026,https://vvmtg.com/mtgo-sunday-weekly-7-12-2026/,2,olozaur,3,1,0,3-1,Mono Black Midrange,https://moxfield.com/decks/A1efAZv8_X2XR17tFZ5mZQ,online,vvmtg
2026-07-12,MTGO Sunday Weekly 7/12/2026,https://vvmtg.com/mtgo-sunday-weekly-7-12-2026/,3,Haidle,3,1,0,3-1,Hogaak Pox,https://moxfield.com/decks/6lafAeO7sXquaDuAShAj6A,online,vvmtg
2026-07-12,MTGO Sunday Weekly 7/12/2026,https://vvmtg.com/mtgo-sunday-weekly-7-12-2026/,4,Secular Sam,3,1,0,3-1,Eldrazi Post,https://moxfield.com/decks/AlefAa-vd36zxctMuByVoQ,online,vvmtg
2026-07-12,MTGO Sunday Weekly 7/12/2026,https://vvmtg.com/mtgo-sunday-weekly-7-12-2026/,5,Ryan G,2,2,0,2-2,Lurrus Humans,https://moxfield.com/decks/DFefAcskEXy0A1FP-bo6kQ,online,vvmtg
2026-07-12,MTGO Sunday Weekly 7/12/2026,https://vvmtg.com/mtgo-sunday-weekly-7-12-2026/,6,Devfizzle,2,2,0,2-2,Rhinos,https://moxfield.com/decks/G1SfAc3JgnSWnho-0gawKw,online,vvmtg
2026-07-12,MTGO Sunday Weekly 7/12/2026,https://vvmtg.com/mtgo-sunday-weekly-7-12-2026/,7,VacatedDrake,2,2,0,2-2,Boros Energy,https://moxfield.com/decks/91OfAU2gBn64wRGMaxYerg,online,vvmtg
2026-07-12,MTGO Sunday Weekly 7/12/2026,https://vvmtg.com/mtgo-sunday-weekly-7-12-2026/,8,ToadBrews,2,2,0,2-2,Gitrog Combo,https://moxfield.com/decks/ylafATJ1B3OaOFZL8bIhqg,online,vvmtg
2026-07-12,MTGO Sunday Weekly 7/12/2026,https://vvmtg.com/mtgo-sunday-weekly-7-12-2026/,9,Forkpapi,2,2,0,2-2,Jeskai Legends Combo,https://moxfield.com/decks/B1efAUTzD3eH8U0lV6G8pQ,online,vvmtg
2026-07-12,MTGO Sunday Weekly 7/12/2026,https://vvmtg.com/mtgo-sunday-weekly-7-12-2026/,10,korbyn,1,3,0,1-3,Burn,https://moxfield.com/decks/ulafAdpHDHOFNTYUxEUvsw,online,vvmtg
2026-07-12,MTGO Sunday Weekly 7/12/2026,https://vvmtg.com/mtgo-sunday-weekly-7-12-2026/,11,blackviper,1,3,0,1-3,Affinity,https://moxfield.com/decks/x1afAXizQXuzBX9iG6kxHA,online,vvmtg
2026-07-12,MTGO Sunday Weekly 7/12/2026,https://vvmtg.com/mtgo-sunday-weekly-7-12-2026/,12,Doot,1,3,0,1-3,Pyrogoyf Creativity,https://moxfield.com/decks/4VafAWfCU3K6Cix3gOcP1A,online,vvmtg
2026-07-12,MTGO Sunday Weekly 7/12/2026,https://vvmtg.com/mtgo-sunday-weekly-7-12-2026/,13,zmyers,0,2,0,0-2,Hawkeye’s Pizza,https://moxfield.com/decks/CVefAea16H6a0Py1hLZTqA,online,vvmtg
2026-07-11,Tara Angel’s Magic Results 7/11/26,https://vvmtg.com/tara-angels-magic-results-7-11-26/,1,Logan G.,4,0,0,4/0,Turbo Depths,https://moxfield.com/decks/0vSBz8rCcUyomaVIBlrWaw,paper,vvmtg
2026-07-11,Tara Angel’s Magic Results 7/11/26,https://vvmtg.com/tara-angels-magic-results-7-11-26/,2,Thomas B.,3,1,0,3/1,Elf Ball,https://moxfield.com/decks/J7-eAZ29jHiWX4gf6L10PA,paper,vvmtg
2026-07-11,Tara Angel’s Magic Results 7/11/26,https://vvmtg.com/tara-angels-magic-results-7-11-26/,3,Joseph S.,3,1,0,3/1,Goblins,https://moxfield.com/decks/3_ueAex5532efZjm8BBVPw,paper,vvmtg
2026-07-11,Tara Angel’s Magic Results 7/11/26,https://vvmtg.com/tara-angels-magic-results-7-11-26/,4,Christian W.,3,1,0,3/1,Pyre Humans,https://moxfield.com/decks/yxafAf3IznynkPjncgU78A,paper,vvmtg
2026-07-11,Tara Angel’s Magic Results 7/11/26,https://vvmtg.com/tara-angels-magic-results-7-11-26/,5,Alexis K.,2,1,1,2/1/1,Boros Energy,https://moxfield.com/decks/plPXDJoiokW4Z_jydopsoA,paper,vvmtg
2026-07-11,Tara Angel’s Magic Results 7/11/26,https://vvmtg.com/tara-angels-magic-results-7-11-26/,6,Taylor H.,2,1,1,2/1/1,Rokiric Midrange,https://moxfield.com/decks/3yMph8p1Pk6MBv42vGNv7Q,paper,vvmtg
2026-07-11,Tara Angel’s Magic Results 7/11/26,https://vvmtg.com/tara-angels-magic-results-7-11-26/,7,Martin G.,2,2,0,2/2,The Rack,https://moxfield.com/decks/DbhFvIFeoUi2ZxAGDYIJAw,paper,vvmtg
2026-07-11,Tara Angel’s Magic Results 7/11/26,https://vvmtg.com/tara-angels-magic-results-7-11-26/,8,Joshua T.,2,2,0,2/2,Miracles,https://moxfield.com/decks/ok6fAe6Q-nCc5HST6IY4bw,paper,vvmtg
2026-07-11,Tara Angel’s Magic Results 7/11/26,https://vvmtg.com/tara-angels-magic-results-7-11-26/,9,Peter B.,1,2,0,1/2,Wilderness Rec,https://moxfield.com/decks/1tx3kLCB00WZLfgexJ7DmQ,paper,vvmtg
2026-07-11,Tara Angel’s Magic Results 7/11/26,https://vvmtg.com/tara-angels-magic-results-7-11-26/,10,Jay M.,1,3,0,1/3,Channel Mirror,https://moxfield.com/decks/A9SeASK__HOy_yGMxK8teA,paper,vvmtg
2026-07-11,Tara Angel’s Magic Results 7/11/26,https://vvmtg.com/tara-angels-magic-results-7-11-26/,11,Tait T.,,,,1/3/,Mono Black,https://moxfield.com/decks/9HHF-n7IaUy06M2q0Efcsg,paper,vvmtg
2026-07-11,Tara Angel’s Magic Results 7/11/26,https://vvmtg.com/tara-angels-magic-results-7-11-26/,12,Mark V.,1,3,0,1/3,Infect,https://moxfield.com/decks/7ceeAQNNtHqThQjTrdfmNw,paper,vvmtg
2026-07-11,Tara Angel’s Magic Results 7/11/26,https://vvmtg.com/tara-angels-magic-results-7-11-26/,13,Connor L.,1,3,0,1/3,Mono Green,https://moxfield.com/decks/wIVGqarMJEKTcsBP76JJbw,paper,vvmtg
2026-07-08,Final Boss Games WNM 7/8/2026,https://vvmtg.com/final-boss-games-wnm-7-8-2026/,1,Alexander Z.,3,0,0,3-0,Boros Convoke,https://moxfield.com/decks/jOgt8UVYL0eu1Te1aNCRig,paper,vvmtg
2026-07-08,Final Boss Games WNM 7/8/2026,https://vvmtg.com/final-boss-games-wnm-7-8-2026/,2,Braden W.,2,1,0,2-1,Green Stompy,https://moxfield.com/decks/CoePJyIeOkGmXGCHgUTACg,paper,vvmtg
2026-07-08,Final Boss Games WNM 7/8/2026,https://vvmtg.com/final-boss-games-wnm-7-8-2026/,3,Sam J.,2,1,0,2-1,Rakdos Goblins,https://moxfield.com/decks/p0LT81qHKEmER8FoTTd0Mw,paper,vvmtg
2026-07-08,Final Boss Games WNM 7/8/2026,https://vvmtg.com/final-boss-games-wnm-7-8-2026/,4,Kyle S.,2,1,0,2-1,Nightmare Combo,https://moxfield.com/decks/V6hNi-x66UeFUJbzrHNcCg,paper,vvmtg
2026-07-08,Final Boss Games WNM 7/8/2026,https://vvmtg.com/final-boss-games-wnm-7-8-2026/,5,Cameron P.,2,1,0,2-1,Blue Post,https://moxfield.com/decks/pKB29MmGEkSs2gRVsAOJyQ,paper,vvmtg
2026-07-08,Final Boss Games WNM 7/8/2026,https://vvmtg.com/final-boss-games-wnm-7-8-2026/,6,Isaac H.,1,2,0,1-2,Primal Prayers,https://moxfield.com/decks/fAZO4JkLJESOSlbgpv0NXQ,paper,vvmtg
2026-07-08,Final Boss Games WNM 7/8/2026,https://vvmtg.com/final-boss-games-wnm-7-8-2026/,7,Bennett M.,1,2,0,1-2,Rakdos Lurrus,https://moxfield.com/decks/Wz73VxDI4kOlKcOWK8gXFQ,paper,vvmtg
2026-07-08,Final Boss Games WNM 7/8/2026,https://vvmtg.com/final-boss-games-wnm-7-8-2026/,8,Zane C.,1,2,0,1-2,Red Prowess,https://moxfield.com/decks/dZpKVtYnJU2f5tB24rnAug,paper,vvmtg
2026-07-08,Final Boss Games WNM 7/8/2026,https://vvmtg.com/final-boss-games-wnm-7-8-2026/,9,Neal C.,1,2,0,1-2,Azorius Cheerios,https://moxfield.com/decks/myifAapHuH2DbDbOWnp3tg,paper,vvmtg
2026-07-08,Final Boss Games WNM 7/8/2026,https://vvmtg.com/final-boss-games-wnm-7-8-2026/,10,Alex T.,0,3,0,0-3,Abzan Amalia,https://moxfield.com/decks/TI1G_HncxUWRKopBUuh-Ow,paper,vvmtg
2026-07-08,MTGO Wednesday Weekly 7/08/26,https://vvmtg.com/mtgo-wednesday-weekly-7-08-26/,1,blindtherapy,4,0,0,4-0,RB Lurrus,https://moxfield.com/decks/vUOfAX_tmHGAqkGKMq0q8w,online,vvmtg
2026-07-08,MTGO Wednesday Weekly 7/08/26,https://vvmtg.com/mtgo-wednesday-weekly-7-08-26/,2,Malcolm,4,0,0,4-0,Eldrazi Post,https://moxfield.com/decks/7EOfAdkyEXWVN75qdlhHbw,online,vvmtg
2026-07-08,MTGO Wednesday Weekly 7/08/26,https://vvmtg.com/mtgo-wednesday-weekly-7-08-26/,3,Secular Sam,3,1,0,3-1,Eldrazi Post,https://moxfield.com/decks/5kOfAdc7EX2R7BqfUVxptQ,online,vvmtg
2026-07-08,MTGO Wednesday Weekly 7/08/26,https://vvmtg.com/mtgo-wednesday-weekly-7-08-26/,4,incidentall,3,1,0,3-1,Primal Surge Combo,https://moxfield.com/decks/80OfAff753u4c0SACv6RMA,online,vvmtg
2026-07-08,MTGO Wednesday Weekly 7/08/26,https://vvmtg.com/mtgo-wednesday-weekly-7-08-26/,5,ServoToken,3,1,0,3-1,Affinity,https://moxfield.com/decks/wkOfAVGJ33mMzC7wvh4qig,online,vvmtg
2026-07-08,MTGO Wednesday Weekly 7/08/26,https://vvmtg.com/mtgo-wednesday-weekly-7-08-26/,6,Theo,3,1,0,3-1,RW Boom,https://moxfield.com/decks/ykOfATmSaHK0k5bXg7UH0A,online,vvmtg
2026-07-08,MTGO Wednesday Weekly 7/08/26,https://vvmtg.com/mtgo-wednesday-weekly-7-08-26/,7,Duncan,3,1,0,3-1,RW Energy,https://moxfield.com/decks/6EOfAfR3BXySDVEz6XbJgw,online,vvmtg
2026-07-08,MTGO Wednesday Weekly 7/08/26,https://vvmtg.com/mtgo-wednesday-weekly-7-08-26/,8,Plasma,2,2,0,2-2,Cephalid Breakfast,https://moxfield.com/decks/7kOfAcJijn27kOavpthxHg,online,vvmtg
2026-07-08,MTGO Wednesday Weekly 7/08/26,https://vvmtg.com/mtgo-wednesday-weekly-7-08-26/,9,Vacated Drake,2,2,0,2-2,Jeskai Scam Control,https://moxfield.com/decks/3kOfAamZiX6_3H_553jZFA,online,vvmtg
2026-07-08,MTGO Wednesday Weekly 7/08/26,https://vvmtg.com/mtgo-wednesday-weekly-7-08-26/,10,Rob D.,2,2,0,2-2,Naya Initiative,https://moxfield.com/decks/50KfAQ7beXuGXg6HUaXqQA,online,vvmtg
2026-07-08,MTGO Wednesday Weekly 7/08/26,https://vvmtg.com/mtgo-wednesday-weekly-7-08-26/,11,Danksy,2,2,0,2-2,Blue Post,https://moxfield.com/decks/8kOfAdSCfn-pob-d0iQIvg,online,vvmtg
2026-07-08,MTGO Wednesday Weekly 7/08/26,https://vvmtg.com/mtgo-wednesday-weekly-7-08-26/,12,korbyn,2,2,0,2-2,Burn,https://moxfield.com/decks/g0OfAaIVCX62z25EU33vfQ,online,vvmtg
2026-07-08,MTGO Wednesday Weekly 7/08/26,https://vvmtg.com/mtgo-wednesday-weekly-7-08-26/,13,Pox Fanatic,2,2,0,2-2,UB Enchantments,https://moxfield.com/decks/3EOfAQ5YTHWExGrOoCXzSA,online,vvmtg
2026-07-08,MTGO Wednesday Weekly 7/08/26,https://vvmtg.com/mtgo-wednesday-weekly-7-08-26/,14,Arcanium,2,2,0,2-2,RW Energy,https://moxfield.com/decks/wEGfATXqLX-n6jvR7rNJAQ,online,vvmtg
2026-07-08,MTGO Wednesday Weekly 7/08/26,https://vvmtg.com/mtgo-wednesday-weekly-7-08-26/,15,blackviper,1,2,0,1-2,RW Energy,https://moxfield.com/decks/8UOfAbbsSHyPthTuSSGtLg,online,vvmtg
2026-07-08,MTGO Wednesday Weekly 7/08/26,https://vvmtg.com/mtgo-wednesday-weekly-7-08-26/,16,BrutonGaster,1,2,0,1-2,Bow Combo,https://moxfield.com/decks/9EOfAQdwKH2SXNZfkUoJww,online,vvmtg
2026-07-08,MTGO Wednesday Weekly 7/08/26,https://vvmtg.com/mtgo-wednesday-weekly-7-08-26/,17,ToadBrews,1,3,0,1-3,Sultai Graveyard,https://moxfield.com/decks/OkOfAWXNQHuhzjFxDtlP0A,online,vvmtg
2026-07-08,MTGO Wednesday Weekly 7/08/26,https://vvmtg.com/mtgo-wednesday-weekly-7-08-26/,18,Jordan,1,3,0,1-3,Jeskai Manufacturing,https://moxfield.com/decks/-EKfAf6jLnOTbVgPpK_xvA,online,vvmtg
2026-07-08,MTGO Wednesday Weekly 7/08/26,https://vvmtg.com/mtgo-wednesday-weekly-7-08-26/,19,Devfizzle,1,3,0,1-3,GB Trudge,https://moxfield.com/decks/uEGfAcEtJHKtKxJzJWKWpA,online,vvmtg
2026-07-08,MTGO Wednesday Weekly 7/08/26,https://vvmtg.com/mtgo-wednesday-weekly-7-08-26/,20,quaintbird,1,3,0,1-3,Green Post,https://moxfield.com/decks/gEOfAVSSL3CpFlPoBfwZxQ,online,vvmtg
2026-07-08,MTGO Wednesday Weekly 7/08/26,https://vvmtg.com/mtgo-wednesday-weekly-7-08-26/,21,Novensiles,0,4,0,0-4,4c Pheldagriff,https://moxfield.com/decks/rUOfARWNOHqlJ41YSfiMsw,online,vvmtg
2026-07-08,MTGO Wednesday Weekly 7/08/26,https://vvmtg.com/mtgo-wednesday-weekly-7-08-26/,22,pizzamaw50,0,3,0,0-3,Jeskai Legends,https://moxfield.com/decks/4EOfAas3KHGEnetjLPYlRA,online,vvmtg
